SDX,PDX
A073,A010
I390,A010
J170,A010
A09,A010
A010,A010
M9020,A010
M9022,A010
M9021,A010
I410,A010
M9027,A010
A09,A014
A010,A014
A073,A014
A073,A020
A09,A020
A010,A020
A010,A021
A09,A021
A073,A021
J170,A022
M9021,A022
M9027,A022
M9022,A022
M9020,A022
A09,A028
A010,A028
A073,A028
A09,A029
A073,A029
A010,A029
A09,A030
A010,A030
A073,A030
A010,A031
A09,A031
A073,A031
A010,A032
A073,A032
A09,A032
A010,A033
A073,A033
A09,A033
A073,A038
A010,A038
A09,A038
A09,A039
A073,A039
A010,A039
A073,A040
A010,A040
A09,A040
A073,A041
A010,A041
A09,A041
A073,A042
A010,A042
A09,A042
A073,A043
A010,A043
A09,A043
A09,A044
A073,A044
A010,A044
A010,A045
A09,A045
A073,A045
A09,A046
A010,A046
A073,A046
A073,A047
A010,A047
A09,A047
A09,A048
A010,A048
A073,A048
A073,A049
A09,A049
A010,A049
A010,A050
A09,A050
A073,A050
A073,A051
A09,A051
A010,A051
A010,A052
A073,A052
A09,A052
A010,A053
A073,A053
A09,A053
A010,A054
A09,A054
A073,A054
A010,A058
A073,A058
A09,A058
A073,A059
A010,A059
A09,A059
A010,A060
A09,A060
A073,A060
A010,A061
A09,A061
A073,A061
A073,A062
A09,A062
A010,A062
A09,A063
A010,A063
A073,A063
A010,A064
A09,A064
A073,A064
A073,A065
A09,A065
A010,A065
A073,A066
A010,A066
A09,A066
A09,A067
A010,A067
A073,A067
A010,A068
A073,A068
A09,A068
A09,A069
A010,A069
A073,A069
A010,A070
A073,A070
A09,A070
A09,A071
A073,A071
A010,A071
B208,A072
B209,A072
A09,A072
A010,A072
B24,A072
A073,A072
B24,A073
A09,A073
B209,A073
A073,A073
A010,A073
B208,A073
A010,A078
A09,A078
A073,A078
A073,A079
A09,A079
A010,A079
A09,A080
A073,A080
A010,A080
A010,A081
A073,A081
A09,A081
A073,A082
A09,A082
A010,A082
A09,A083
A010,A083
A073,A083
A010,A084
A09,A084
A073,A084
A073,A085
A010,A085
A09,A085
A073,A09
A010,A09
A09,A09
A073,A090
A010,A090
A09,A090
A073,A099
A09,A099
A010,A099
J91,A150
J850,A150
A481,A150
A310,A150
J851,A150
J172,A150
J170,A150
J998,A150
B200,A150
B24,A150
J702,A150
J990,A150
J173,A150
A155,A150
A150,A150
J182,A150
B209,A150
J981,A150
J90,A150
J173,A151
A155,A151
J182,A151
J851,A151
A481,A151
J170,A151
J90,A151
J850,A151
J998,A151
A150,A151
B200,A151
J990,A151
J172,A151
J702,A151
J91,A151
B24,A151
J981,A151
B209,A151
A310,A151
J981,A152
A310,A152
J172,A152
J90,A152
A155,A152
J182,A152
J990,A152
B209,A152
J850,A152
J998,A152
A150,A152
J173,A152
J91,A152
B200,A152
B24,A152
J702,A152
J170,A152
A481,A152
J851,A152
J990,A153
A481,A153
J851,A153
J173,A153
J182,A153
A155,A153
A150,A153
B209,A153
J91,A153
J90,A153
J850,A153
J170,A153
J998,A153
B24,A153
J172,A153
A310,A153
B200,A153
J981,A153
J702,A153
A310,A154
A155,A154
J702,A154
A481,A154
B200,A154
J998,A154
J981,A154
J173,A154
A150,A154
B24,A154
J990,A154
B209,A154
J90,A154
J851,A154
J91,A154
J850,A154
J172,A154
J170,A154
J91,A155
J851,A155
J173,A155
J998,A155
J702,A155
J182,A155
A150,A155
J981,A155
B209,A155
J90,A155
B24,A155
A310,A155
J170,A155
J172,A155
A481,A155
B200,A155
J990,A155
J850,A155
A155,A155
A155,A156
B200,A156
A150,A156
J170,A156
B209,A156
J981,A156
J702,A156
J173,A156
J182,A156
J851,A156
A310,A156
J998,A156
J990,A156
J850,A156
J91,A156
J90,A156
B24,A156
J172,A156
A481,A156
A150,A157
B209,A157
B24,A157
B200,A157
J981,A157
A155,A157
J990,A158
A155,A158
J182,A158
J172,A158
B200,A158
J702,A158
A150,A158
A310,A158
J981,A158
J170,A158
J998,A158
J90,A158
J173,A158
J851,A158
B209,A158
J850,A158
J91,A158
A481,A158
B24,A158
A150,A159
B24,A159
A310,A159
J173,A159
J998,A159
B209,A159
J182,A159
J990,A159
J702,A159
J981,A159
J90,A159
J850,A159
J170,A159
J851,A159
B200,A159
J172,A159
A155,A159
A481,A159
J91,A159
A481,A160
B200,A160
B209,A160
A310,A160
J851,A160
J170,A160
J702,A160
J998,A160
J172,A160
J990,A160
B24,A160
J981,A160
J182,A160
J91,A160
A150,A160
A155,A160
J850,A160
J173,A160
J90,A160
J90,A161
A155,A161
J702,A161
A481,A161
B200,A161
B209,A161
J981,A161
B24,A161
J990,A161
J91,A161
A310,A161
J851,A161
J172,A161
J850,A161
J182,A161
J173,A161
A150,A161
J998,A161
J170,A161
B200,A162
A310,A162
J990,A162
B24,A162
B209,A162
J998,A162
A155,A162
J90,A162
J981,A162
A481,A162
J170,A162
J172,A162
A150,A162
J173,A162
J851,A162
J182,A162
J850,A162
J702,A162
J91,A162
A310,A163
J182,A163
A150,A163
J172,A163
A155,A163
J990,A163
J90,A163
J851,A163
J981,A163
J173,A163
J91,A163
J702,A163
B24,A163
J850,A163
B209,A163
J170,A163
A481,A163
B200,A163
J998,A163
A150,A164
J702,A164
A310,A164
B200,A164
A155,A164
J990,A164
J170,A164
B209,A164
J998,A164
J90,A164
J850,A164
J91,A164
A481,A164
J981,A164
J182,A164
J173,A164
J851,A164
B24,A164
J172,A164
B209,A165
J182,A165
B200,A165
J91,A165
A155,A165
A310,A165
B24,A165
A150,A165
J173,A165
J998,A165
J850,A165
J981,A165
J172,A165
J851,A165
J702,A165
A481,A165
J90,A165
J170,A165
J990,A165
B200,A167
A155,A167
B24,A167
J981,A167
A150,A167
B209,A167
J998,A168
B209,A168
J170,A168
B200,A168
A481,A168
J91,A168
J172,A168
A310,A168
A150,A168
J850,A168
J702,A168
J182,A168
J851,A168
J173,A168
J990,A168
A155,A168
J981,A168
J90,A168
B24,A168
B209,A169
B24,A169
J173,A169
B200,A169
A310,A169
J702,A169
A481,A169
J172,A169
J981,A169
J91,A169
J90,A169
J850,A169
J182,A169
J170,A169
A150,A169
J998,A169
J851,A169
A155,A169
J990,A169
B051,A170
B003,A170
B261,A170
B24,A170
B375,A170
A390,A170
A170,A170
B010,A170
G020,A170
B200,A170
G050,A170
G058,A170
G000,A170
G610,A170
B021,A170
B209,A170
B384,A170
G000,A171
B261,A171
B375,A171
B021,A171
G020,A171
B24,A171
B384,A171
B051,A171
G058,A171
B010,A171
G050,A171
B003,A171
G610,A171
A390,A171
B209,A171
B200,A171
A170,A171
A178,A178
B209,A178
B200,A178
A170,A178
B24,A178
B200,A179
A170,A179
B24,A179
B209,A179
A178,A179
B209,A180
B24,A180
B200,A180
N740,A181
B209,A181
B24,A181
A181,A181
B200,A181
B209,A182
A182,A182
B24,A182
B200,A182
A182,A183
B209,A183
B200,A183
B24,A183
B209,A184
B200,A184
B24,A184
A182,A185
B200,A185
B209,A185
B24,A185
B209,A186
B200,A186
B24,A186
A182,A186
B24,A187
E270,A187
B209,A187
A187,A187
B200,A187
A150,A188
E270,A188
A181,A188
B24,A188
I430,A188
A187,A188
B209,A188
A190,A188
I320,A188
D638,A188
M630,A188
N740,A188
I390,A188
A155,A188
I681,A188
A182,A188
K230,A188
B200,A188
I410,A188
B24,A190
A155,A190
A150,A190
B209,A190
B200,A190
A190,A190
A155,A191
B200,A191
B209,A191
A190,A191
B24,A191
A150,A191
B24,A192
B200,A192
A155,A192
A190,A192
A150,A192
B209,A192
A155,A198
A190,A198
A150,A198
B200,A198
B24,A198
B209,A198
A190,A199
A150,A199
B200,A199
A155,A199
B209,A199
B24,A199
B209,A201
B24,A201
B201,A201
A241,A241
R650,A241
B007,A241
A392,A241
R572,A241
B377,A241
B377,A244
A392,A244
B007,A244
A241,A244
R650,A244
R572,A244
A241,A279
A392,A279
B377,A279
R650,A279
B007,A279
R572,A279
M630,A300
M630,A301
M630,A302
M630,A303
M630,A304
M630,A305
M630,A308
M630,A309
B200,A309
B209,A309
A182,A309
B24,A309
B209,A310
B24,A310
A310,A310
B200,A310
B209,A311
B200,A311
B24,A311
N330,A318
J850,A318
B200,A318
A190,A318
J851,A318
J172,A318
J182,A318
J990,A318
A182,A318
A170,A318
B209,A318
A155,A318
A187,A318
A150,A318
A181,A318
A481,A318
J702,A318
J170,A318
J91,A318
J998,A318
J173,A318
K230,A318
J981,A318
K930,A318
A178,A318
J90,A318
A310,A318
B24,A318
N740,A318
J998,A319
A481,A319
J702,A319
K930,A319
J990,A319
A170,A319
A182,A319
A178,A319
B24,A319
N330,A319
B209,A319
A187,A319
A190,A319
B200,A319
J182,A319
J172,A319
J170,A319
J91,A319
J90,A319
J981,A319
A155,A319
J173,A319
K230,A319
A181,A319
A310,A319
A150,A319
J850,A319
J851,A319
N740,A319
I681,A328
A34,A34
A35,A35
N338,A368
I430,A368
K678,A368
I410,A368
I410,A38
A390,A390
A391,A391
A399,A391
R650,A391
A398,A391
A392,A392
R650,A392
B377,A392
R572,A392
A241,A392
B007,A392
B377,A393
A392,A393
B007,A393
A241,A393
R650,A393
R572,A393
B007,A394
A241,A394
R572,A394
A392,A394
B377,A394
R650,A394
A395,A395
A399,A398
M0100,A398
A391,A398
G610,A398
A398,A398
A392,A398
A390,A398
A395,A398
A395,A399
A398,A399
A390,A399
M0100,A399
G610,A399
A392,A399
A399,A399
A391,A399
B377,A400
A392,A400
B007,A400
A241,A400
R572,A400
R650,A400
R650,A401
R572,A401
B377,A401
A392,A401
B007,A401
A241,A401
A241,A402
R572,A402
A392,A402
B007,A402
B377,A402
R650,A402
A392,A403
R572,A403
A241,A403
B007,A403
R650,A403
B377,A403
A392,A408
B377,A408
A241,A408
R572,A408
B007,A408
R650,A408
B377,A409
A241,A409
B007,A409
A392,A409
R650,A409
R572,A409
B007,A410
A241,A410
A490,A410
R572,A410
R650,A410
B377,A410
A392,A410
B007,A411
A241,A411
B377,A411
A392,A411
R572,A411
R650,A411
A490,A411
A241,A412
B377,A412
A392,A412
R650,A412
B007,A412
A490,A412
R572,A412
R572,A413
B007,A413
R650,A413
B377,A413
A241,A413
A392,A413
B377,A414
B007,A414
A241,A414
A392,A414
R650,A414
R572,A414
A241,A415
B377,A415
R650,A415
B007,A415
R572,A415
A392,A415
B377,A418
B007,A418
A241,A418
R651,A418
R650,A418
R572,A418
A392,A418
R650,A419
A392,A419
R651,A419
A241,A419
B007,A419
B377,A419
R572,A419
A35,A480
B485,A481
B390,A481
A150,A481
J172,A481
B600,A481
J851,A481
J182,A481
A155,A481
J173,A481
J990,A481
B601,A481
J170,A481
B583,A481
B602,A481
A310,A481
A481,A481
B583,A482
J170,A482
B601,A482
B600,A482
J182,A482
J990,A482
B602,A482
J851,A482
J172,A482
J173,A482
B485,A482
B390,A482
A150,A482
A310,A482
A481,A482
A155,A482
R572,A483
A241,A483
B377,A483
R572,A484
B377,A484
A241,A484
L031,A488
H602,A488
L033,A488
R572,A488
A241,A488
B377,A488
A241,A490
A490,A490
H602,A490
B377,A490
L033,A490
R572,A490
L031,A490
L031,A491
L033,A491
B377,A491
H602,A491
A241,A491
R572,A491
A241,A492
A35,A492
R572,A492
H602,A492
L033,A492
L031,A492
B377,A492
A392,A493
A391,A493
L033,A493
R572,A493
A155,A493
A310,A493
A398,A493
A187,A493
A170,A493
A182,A493
A150,A493
G610,A493
A241,A493
K230,A493
K930,A493
N330,A493
A399,A493
A395,A493
A178,A493
A190,A493
A181,A493
N740,A493
A390,A493
L031,A493
H602,A493
M0100,A493
B377,A493
A398,A498
A310,A498
A241,A498
K230,A498
A170,A498
A181,A498
A150,A498
K930,A498
A187,A498
A399,A498
A190,A498
N740,A498
A178,A498
L033,A498
B377,A498
A392,A498
G610,A498
A395,A498
A182,A498
N330,A498
L031,A498
A390,A498
H602,A498
M0100,A498
A155,A498
R572,A498
A391,A498
B377,A499
A181,A499
A155,A499
A182,A499
A170,A499
A392,A499
A187,A499
K230,A499
N740,A499
A395,A499
A178,A499
G610,A499
A391,A499
A390,A499
R572,A499
A150,A499
L033,A499
A241,A499
M0100,A499
L031,A499
H602,A499
A190,A499
K930,A499
A310,A499
A399,A499
N330,A499
A398,A499
A504,A500
M9022,A500
A520,A500
A521,A500
M9027,A500
J998,A500
A522,A500
K672,A500
M9021,A500
M9020,A500
A522,A501
A521,A501
A520,A501
A504,A501
A522,A502
A504,A502
A521,A502
A520,A502
A520,A503
A522,A503
A504,A503
A521,A503
A522,A504
A521,A504
A504,A504
A520,A504
J998,A505
M9021,A505
A520,A505
A504,A505
A522,A505
M9020,A505
A521,A505
M9027,A505
M9022,A505
A522,A506
A504,A506
A520,A506
A521,A506
A522,A507
A520,A507
A504,A507
A521,A507
A521,A509
A504,A509
A522,A509
A520,A509
A520,A510
A504,A510
A522,A510
A521,A510
A522,A511
A521,A511
A520,A511
A504,A511
A522,A512
A521,A512
A504,A512
A520,A512
A504,A513
A521,A513
A522,A513
A520,A513
A521,A514
A520,A514
A522,A514
M9020,A514
M630,A514
M9022,A514
M9021,A514
M9027,A514
A504,A514
A504,A515
A521,A515
A520,A515
A522,A515
A521,A519
A504,A519
A522,A519
A520,A519
I681,A520
A520,A520
A504,A520
A521,A520
A522,A520
M9020,A521
M9021,A521
A521,A521
A520,A521
M9027,A521
M9022,A521
A504,A521
A522,A521
A522,A522
A521,A522
A504,A522
A520,A522
A522,A523
A521,A523
A520,A523
A504,A523
A522,A527
M9021,A527
M9020,A527
A521,A527
A520,A527
M630,A527
N338,A527
D638,A527
K672,A527
M9022,A527
M638,A527
J998,A527
A504,A527
M9027,A527
A521,A528
A520,A528
A504,A528
A522,A528
A522,A529
A504,A529
A521,A529
A520,A529
A504,A530
A521,A530
A522,A530
A520,A530
A522,A539
A504,A539
A521,A539
A520,A539
A542,A540
N10,A540
N304,A540
N321,A540
N340,A540
N350,A540
N338,A540
A541,A540
N321,A541
A541,A541
N350,A541
N304,A541
N338,A541
N340,A541
N10,A541
A542,A541
N304,A542
N321,A542
A541,A542
N340,A542
A542,A542
N350,A542
N338,A542
L405,A548
N10,A548
G000,A548
B375,A548
I390,A548
M0161,A548
N350,A548
M0704,A548
G020,A548
N410,A548
N321,A548
K671,A548
M0001,A548
G610,A548
A390,A548
M0005,A548
N304,A548
M0000,A548
M0007,A548
G050,A548
N003,A548
N700,A548
M0162,A548
J170,A548
I320,A548
M0166,A548
N338,A548
B003,A548
G058,A548
M0160,A548
M0165,A548
M0006,A548
I410,A548
M0164,A548
M0167,A548
M0002,A548
N000,A548
M0004,A548
N340,A548
B384,A548
B021,A548
A170,A548
B261,A548
N450,A548
A390,A549
M0004,A549
A549,A549
N003,A549
A542,A549
M0007,A549
A541,A549
N340,A549
N000,A549
M0002,A549
B384,A549
N321,A549
N410,A549
G020,A549
M0001,A549
M0160,A549
B003,A549
G058,A549
N450,A549
G000,A549
N304,A549
M0165,A549
B375,A549
L405,A549
G610,A549
M0161,A549
N700,A549
M0166,A549
M0000,A549
M0005,A549
M0164,A549
M0162,A549
M0167,A549
N338,A549
M0006,A549
B261,A549
B021,A549
N10,A549
G050,A549
N350,A549
A170,A549
M0704,A549
A520,A560
A504,A560
A521,A560
A522,A560
A541,A560
N10,A560
A542,A560
A520,A561
A521,A561
A542,A561
A504,A561
A541,A561
A522,A561
N10,A561
A541,A562
A522,A562
A521,A562
A504,A562
N10,A562
A542,A562
A520,A562
A522,A563
A504,A563
A541,A563
A520,A563
A542,A563
A521,A563
A521,A564
A522,A564
A504,A564
A541,A564
A542,A564
A520,A564
N10,A568
A520,A568
A522,A568
A542,A568
A541,A568
A504,A568
A521,A568
N10,A590
N000,A590
N003,A590
N410,A590
N700,A590
N304,A590
N340,A590
N431,A590
N338,A590
N450,A590
N431,A598
N10,A598
N304,A598
N340,A598
N450,A598
N410,A598
N000,A598
N003,A598
N700,A598
N338,A598
N000,A599
N410,A599
N304,A599
N700,A599
N450,A599
N10,A599
N340,A599
N003,A599
N338,A599
N431,A599
B027,A600
B027,A601
B027,A609
A520,A638
A542,A638
A504,A638
A541,A638
A521,A638
A522,A638
A541,A64
A504,A64
A521,A64
A542,A64
A520,A64
A522,A64
J998,A665
J200,A690
J200,A691
J998,A698
B050,A748
B020,A748
B012,A748
B018,A748
B179,A748
B021,A748
B008,A748
B011,A748
B022,A748
B068,A748
B054,A748
B001,A748
B263,A748
B160,A748
B268,A748
B060,A748
B261,A748
B027,A748
B051,A748
B010,A748
B262,A748
B260,A748
B008,A749
B011,A749
B261,A749
B263,A749
B060,A749
B260,A749
B051,A749
B018,A749
B268,A749
B012,A749
B001,A749
B021,A749
B050,A749
B010,A749
B262,A749
B027,A749
B160,A749
B020,A749
B054,A749
B179,A749
B068,A749
B022,A749
I410,A750
I410,A759
A35,A811
B24,A812
B220,A812
A35,A812
B010,A870
A390,A870
G058,A870
G050,A870
B375,A870
B384,A870
B021,A870
G000,A870
G020,A870
A170,A870
B261,A870
B003,A870
B051,A870
G610,A870
B375,A871
B010,A871
B051,A871
G000,A871
B003,A871
B384,A871
G020,A871
G050,A871
A170,A871
B261,A871
A390,A871
G610,A871
G058,A871
B021,A871
A170,A872
G058,A872
B003,A872
G050,A872
G610,A872
B384,A872
G020,A872
G000,A872
B051,A872
B021,A872
B261,A872
B010,A872
A390,A872
B375,A872
A390,A878
G050,A878
B051,A878
B375,A878
G058,A878
B384,A878
G000,A878
G020,A878
B021,A878
A170,A878
B261,A878
B003,A878
G610,A878
B010,A878
G020,A879
B261,A879
G610,A879
G050,A879
G000,A879
B010,A879
G058,A879
B051,A879
A390,A879
B021,A879
A170,A879
B003,A879
B384,A879
B375,A879
R572,A972
B007,A972
R651,A972
A241,A972
A392,A972
B377,A972
R570,A972
B209,B000
B027,B000
B203,B000
B24,B000
B203,B001
B24,B001
B209,B001
B001,B001
B027,B001
B001,B002
B027,B002
B203,B002
B24,B002
B209,B002
B24,B003
B209,B003
B203,B003
B003,B003
B24,B004
B209,B004
B027,B004
B203,B004
B004,B004
B24,B005
B027,B005
B203,B005
B209,B005
B209,B007
B203,B007
B007,B007
B027,B007
B24,B007
B001,B008
B020,B008
B004,B008
B24,B008
B021,B008
B027,B008
B022,B008
B003,B008
B209,B008
B008,B008
B007,B008
B203,B008
B008,B009
B001,B009
B027,B009
B020,B009
B021,B009
B003,B009
B203,B009
B007,B009
B022,B009
B209,B009
B004,B009
B24,B009
B011,B010
B010,B010
B24,B010
B203,B010
B209,B010
B24,B011
B203,B011
B209,B011
B011,B011
B209,B012
B24,B012
B203,B012
B012,B012
B010,B018
B24,B018
B011,B018
B018,B018
B209,B018
B203,B018
B012,B018
B24,B019
B203,B019
B011,B019
B010,B019
B209,B019
B018,B019
B012,B019
B020,B020
B022,B020
B209,B020
B027,B020
B021,B020
B203,B020
B24,B020
B24,B021
B203,B021
B022,B021
B021,B021
B020,B021
B209,B021
B027,B021
B027,B022
B021,B022
B24,B022
B209,B022
B022,B022
B203,B022
B020,B022
B020,B023
B24,B023
B021,B023
B203,B023
B022,B023
B027,B023
B209,B023
B027,B027
B24,B027
B021,B027
B203,B027
B020,B027
B022,B027
B209,B027
B24,B028
B020,B028
B209,B028
B022,B028
B203,B028
B027,B028
B021,B028
B020,B029
B022,B029
B021,B029
B027,B029
B203,B029
B209,B029
B24,B029
B050,B050
B051,B051
B050,B052
B050,B053
B054,B054
B054,B058
B050,B058
B051,B058
B054,B059
B050,B059
B051,B059
B068,B060
B060,B060
B068,B068
B060,B068
B060,B069
B068,B069
B060,B082
B068,B082
B060,B085
B068,B085
B068,B088
B060,B088
B179,B150
B160,B150
R402,B150
B179,B159
B160,B159
R402,B159
B160,B160
R402,B160
B179,B160
B179,B161
R402,B161
B160,B161
B179,B162
B160,B162
R402,B162
B160,B169
B179,B169
R402,B169
R402,B170
B179,B170
B160,B170
B160,B171
R402,B171
B179,B171
B160,B172
B179,B172
R402,B172
R402,B178
B179,B178
B160,B178
R402,B179
B179,B179
B160,B179
B160,B180
R402,B180
B179,B180
R402,B181
B179,B181
B160,B181
B160,B1810
R402,B1810
B179,B1810
R402,B1819
B160,B1819
B179,B1819
B179,B182
B160,B182
R402,B182
B160,B188
B179,B188
R402,B188
B179,B189
R402,B189
B160,B189
B160,B190
R402,B190
B179,B190
B160,B199
B179,B199
R402,B199
B24,B20
B218,B20
B227,B20
B205,B20
B203,B20
B219,B20
B211,B20
B20,B20
B213,B20
B204,B20
B202,B20
B207,B20
B217,B20
B232,B20
B208,B20
B221,B20
B206,B20
B200,B20
B220,B20
B212,B20
B209,B20
B210,B20
B201,B20
A310,B200
A170,B200
A178,B200
A182,B200
B200,B200
B24,B200
O980,B200
A187,B200
N740,B200
A150,B200
K673,B200
K930,B200
B209,B200
B20,B200
A181,B200
A155,B200
A190,B200
B20,B201
B209,B201
B201,B201
B24,B201
B20,B202
B24,B202
B209,B202
B202,B202
B209,B203
B021,B203
B003,B203
B24,B203
B018,B203
B010,B203
B022,B203
B004,B203
B203,B203
B020,B203
B012,B203
B011,B203
B20,B203
B007,B203
B001,B203
B027,B203
B008,B203
B378,B204
B209,B204
B375,B204
B371,B204
B377,B204
B20,B204
B374,B204
B204,B204
B24,B204
B457,B205
B450,B205
B24,B205
B395,B205
B380,B205
B388,B205
B451,B205
B394,B205
B209,B205
B452,B205
B390,B205
B387,B205
B384,B205
B205,B205
B487,B205
B453,B205
B399,B205
B20,B205
B24,B206
B206,B206
B20,B206
B485,B206
B209,B206
B208,B207
B203,B207
B200,B207
B204,B207
B205,B207
B24,B207
B209,B207
B207,B207
J173,B207
B20,B207
B206,B207
B202,B207
B201,B207
B20,B208
B208,B208
B24,B208
A073,B208
B209,B208
B008,B209
B018,B209
B003,B209
B004,B209
B027,B209
B378,B209
B010,B209
A310,B209
B487,B209
A178,B209
B201,B209
B020,B209
B394,B209
B395,B209
B200,B209
A155,B209
B387,B209
A150,B209
B384,B209
B388,B209
A170,B209
A187,B209
B209,B209
B206,B209
B390,B209
B24,B209
A181,B209
B399,B209
B374,B209
O980,B209
B203,B209
B021,B209
B001,B209
B375,B209
K673,B209
A073,B209
B204,B209
N740,B209
B208,B209
B453,B209
B007,B209
B022,B209
B380,B209
B207,B209
B202,B209
B371,B209
A182,B209
A190,B209
B451,B209
B20,B209
B450,B209
B012,B209
B457,B209
B377,B209
B205,B209
B452,B209
K930,B209
B011,B209
B485,B209
B217,B21
B211,B21
B209,B21
B207,B21
B218,B21
B232,B21
B208,B21
B204,B21
B213,B21
B206,B21
B202,B21
B212,B21
B20,B21
B200,B21
B210,B21
B220,B21
B221,B21
B219,B21
B24,B21
B205,B21
B201,B21
B227,B21
B203,B21
B219,B210
C463,B210
B210,B210
B24,B210
B20,B210
B211,B211
B24,B211
C837,B211
B20,B211
B219,B211
B212,B212
C820,B212
B24,B212
B20,B212
B219,B212
B219,B213
B24,B213
B213,B213
C810,B213
B20,B213
B217,B217
B24,B217
B20,B217
B219,B217
B219,B218
B218,B218
B24,B218
B20,B218
B213,B219
B24,B219
C837,B219
C463,B219
B217,B219
B218,B219
B219,B219
B211,B219
B210,B219
C810,B219
B212,B219
B20,B219
C820,B219
B217,B22
B20,B22
B200,B22
B227,B22
B203,B22
B24,B22
B209,B22
B208,B22
B201,B22
B219,B22
B212,B22
B207,B22
B205,B22
B232,B22
B218,B22
B211,B22
B206,B22
B221,B22
B202,B22
B204,B22
B213,B22
B220,B22
B210,B22
B24,B220
F000,B220
B20,B220
B220,B220
B24,B221
B221,B221
B20,B221
B20,B222
B221,B222
B201,B222
B227,B222
B202,B222
B218,B222
B219,B222
B210,B222
B205,B222
B217,B222
B232,B222
B211,B222
B207,B222
B209,B222
B220,B222
B203,B222
B212,B222
B200,B222
B24,B222
B213,B222
B208,B222
B204,B222
B206,B222
B20,B227
B24,B227
B227,B227
B232,B23
B204,B23
B219,B23
B218,B23
B205,B23
B20,B23
B203,B23
B217,B23
B220,B23
B221,B23
B210,B23
B207,B23
B202,B23
B212,B23
B209,B23
B208,B23
B24,B23
B211,B23
B227,B23
B213,B23
B201,B23
B206,B23
B200,B23
B227,B230
B213,B230
B232,B230
B207,B230
B217,B230
B219,B230
B218,B230
B204,B230
B205,B230
B208,B230
B200,B230
B202,B230
B212,B230
B210,B230
B220,B230
B201,B230
B209,B230
B24,B230
B221,B230
B20,B230
B211,B230
B206,B230
B203,B230
B20,B231
B204,B231
B232,B231
B213,B231
B201,B231
B200,B231
B211,B231
B221,B231
B208,B231
B218,B231
B207,B231
B212,B231
B220,B231
B227,B231
B219,B231
B217,B231
B210,B231
B206,B231
B205,B231
B203,B231
B202,B231
B209,B231
B24,B231
B20,B232
B232,B232
B24,B232
B20,B238
B24,B238
B210,B24
B227,B24
K673,B24
B202,B24
B390,B24
B380,B24
B377,B24
B451,B24
B378,B24
B394,B24
B218,B24
A170,B24
B204,B24
B395,B24
C463,B24
B212,B24
B021,B24
B457,B24
B371,B24
B201,B24
B003,B24
B213,B24
B374,B24
A181,B24
B027,B24
B020,B24
B399,B24
B012,B24
B018,B24
B232,B24
B450,B24
A155,B24
A150,B24
A073,B24
B384,B24
N740,B24
B219,B24
B487,B24
B206,B24
K930,B24
B485,B24
A187,B24
B217,B24
B375,B24
B388,B24
B205,B24
A310,B24
B007,B24
B011,B24
A190,B24
O980,B24
B20,B24
C837,B24
B203,B24
C810,B24
F000,B24
A182,B24
B008,B24
B001,B24
B211,B24
A178,B24
B010,B24
B200,B24
B387,B24
C820,B24
B453,B24
B221,B24
B24,B24
B220,B24
B004,B24
B208,B24
B022,B24
B209,B24
B452,B24
B207,B24
B209,B250
B24,B250
B202,B250
B24,B251
B209,B251
B202,B251
B24,B252
B202,B252
B209,B252
B24,B258
B202,B258
B209,B258
G050,B258
B209,B259
B24,B259
B202,B259
B260,B260
B261,B261
B262,B262
B268,B262
B263,B263
B260,B268
B268,B268
B263,B268
I411,B268
B262,B268
B261,B268
B268,B269
B263,B269
B262,B269
B261,B269
B260,B269
G020,B270
G020,B271
G020,B278
G020,B279
B001,B333
B020,B333
B022,B333
B260,B333
B027,B333
B008,B333
J990,B334
B020,B334
A155,B334
B390,B334
A310,B334
B485,B334
J173,B334
A150,B334
J851,B334
B260,B334
J170,B334
B583,B334
B008,B334
J182,B334
J172,B334
B027,B334
B001,B334
B022,B334
A481,B334
B001,B338
B260,B338
B020,B338
B008,B338
B027,B338
B022,B338
B268,B344
B021,B344
B179,B344
B027,B344
B160,B344
B068,B344
B008,B344
B022,B344
B012,B344
B054,B344
B001,B344
B020,B344
B060,B344
B263,B344
B050,B344
B261,B344
B010,B344
B051,B344
B262,B344
B018,B344
B260,B344
B011,B344
B011,B348
B020,B348
B268,B348
B008,B348
B179,B348
B010,B348
B263,B348
B027,B348
B060,B348
B012,B348
B068,B348
B262,B348
B018,B348
B160,B348
B050,B348
B054,B348
B022,B348
B261,B348
B001,B348
B021,B348
B051,B348
B260,B348
B012,B349
B160,B349
B268,B349
B263,B349
B021,B349
B068,B349
B018,B349
B020,B349
B011,B349
B060,B349
B010,B349
B260,B349
B054,B349
B050,B349
B027,B349
B022,B349
B008,B349
B051,B349
B001,B349
B262,B349
B261,B349
B179,B349
B378,B370
B375,B370
B24,B370
B374,B370
B371,B370
B209,B370
B204,B370
B209,B3700
B378,B3700
B374,B3700
B204,B3700
B371,B3700
B375,B3700
B24,B3700
B209,B3701
B378,B3701
B375,B3701
B24,B3701
B371,B3701
B204,B3701
B374,B3701
B378,B3702
B371,B3702
B204,B3702
B375,B3702
B209,B3702
B374,B3702
B24,B3702
B375,B3703
B378,B3703
B204,B3703
B209,B3703
B24,B3703
B371,B3703
B374,B3703
B24,B3704
B378,B3704
B209,B3704
B204,B3704
B374,B3704
B371,B3704
B375,B3704
B375,B3705
B24,B3705
B209,B3705
B204,B3705
B378,B3705
B374,B3705
B371,B3705
B374,B3706
B378,B3706
B24,B3706
B371,B3706
B204,B3706
B375,B3706
B209,B3706
B378,B3708
B375,B3708
B209,B3708
B374,B3708
B371,B3708
B24,B3708
B204,B3708
B378,B3709
B204,B3709
B374,B3709
B375,B3709
B209,B3709
B371,B3709
B24,B3709
B209,B371
B24,B371
B204,B371
B371,B371
B378,B371
B375,B371
B374,B371
B24,B372
B209,B372
B204,B372
B375,B372
B374,B372
B371,B372
B378,B372
B209,B373
B378,B373
B371,B373
B24,B373
B204,B373
B375,B373
B374,B373
B378,B374
B371,B374
B375,B374
B24,B374
B374,B374
B209,B374
B204,B374
B378,B375
B209,B375
B24,B375
B374,B375
B204,B375
B375,B375
B371,B375
B374,B376
B204,B376
B371,B376
B24,B376
B378,B376
B209,B376
B375,B376
B209,B377
B24,B377
B374,B377
A241,B377
R572,B377
B204,B377
B375,B377
B378,B377
B377,B377
B371,B377
R650,B377
B371,B378
B204,B378
B375,B378
B24,B378
J998,B378
B378,B378
B374,B378
B209,B378
B209,B379
B24,B379
B374,B379
B204,B379
B371,B379
B378,B379
B375,B379
B209,B380
B205,B380
B387,B380
B388,B380
B380,B380
B24,B380
B388,B381
B209,B381
B387,B381
B380,B381
B205,B381
B24,B381
B387,B382
B380,B382
B209,B382
B388,B382
B24,B382
B205,B382
B387,B383
B388,B383
B209,B383
B205,B383
B24,B383
B384,B384
B209,B384
B24,B384
B388,B384
B205,B384
B387,B384
B384,B387
B209,B387
B380,B387
B205,B387
B24,B387
B387,B387
B388,B387
B380,B388
B205,B388
B388,B388
B24,B388
B384,B388
B209,B388
B387,B388
B384,B389
B380,B389
B24,B389
B205,B389
B387,B389
B209,B389
B388,B389
A481,B390
B209,B390
B205,B390
B24,B390
J170,B390
B390,B390
J173,B390
J851,B390
J172,B390
B209,B391
A481,B391
J851,B391
J173,B391
B205,B391
B390,B391
B24,B391
J172,B391
J170,B391
J851,B392
B209,B392
B390,B392
B205,B392
J173,B392
A481,B392
J172,B392
J170,B392
B24,B392
B205,B393
B209,B393
B394,B393
B390,B393
B24,B393
B394,B394
J172,B394
B24,B394
B390,B394
B205,B394
B209,B394
B24,B395
B395,B395
J172,B395
B205,B395
B209,B395
B395,B399
B399,B399
B205,B399
B482,B399
J172,B399
B209,B399
B24,B399
B408,B400
B400,B400
J998,B400
B403,B400
B407,B400
B400,B401
B407,B401
B408,B401
J998,B401
B403,B401
J998,B402
B400,B402
B408,B402
B403,B402
B407,B402
B408,B403
B403,B403
B400,B403
B407,B403
B407,B407
B408,B407
B403,B407
B400,B407
B408,B408
B403,B408
B407,B408
B400,B408
B408,B409
B407,B409
B403,B409
B400,B409
B410,B410
J998,B410
B417,B410
B417,B417
B410,B417
B417,B418
B410,B418
B417,B419
B410,B419
J998,B420
M0167,B428
M0160,B428
M0162,B428
M0165,B428
M0166,B428
M0164,B428
M0161,B428
J172,B440
J998,B440
B447,B440
J182,B440
B440,B440
B442,B440
B447,B441
B442,B441
J182,B441
J998,B441
J172,B441
B440,B441
J182,B442
B440,B442
B447,B442
B442,B442
J998,B442
J182,B447
B442,B447
B447,B447
B440,B447
J182,B448
B440,B448
J998,B448
B442,B448
B447,B448
J172,B448
B440,B449
J182,B449
B447,B449
B442,B449
B450,B450
B24,B450
B205,B450
B451,B450
J998,B450
B452,B450
B457,B450
B453,B450
B209,B450
B452,B451
B450,B451
B457,B451
B209,B451
B24,B451
B451,B451
B453,B451
B205,B451
B453,B452
B205,B452
B450,B452
B24,B452
B452,B452
B209,B452
B451,B452
B457,B452
B209,B453
B205,B453
M9027,B453
M9022,B453
M9021,B453
B453,B453
B450,B453
B24,B453
B452,B453
B457,B453
M9020,B453
B451,B453
B453,B457
B451,B457
B450,B457
B457,B457
B452,B457
B209,B457
B24,B457
B205,B457
B451,B458
B453,B458
B209,B458
B457,B458
B205,B458
B24,B458
B452,B458
B450,B458
B457,B459
B24,B459
B209,B459
B450,B459
B452,B459
B451,B459
B453,B459
B205,B459
B461,B460
J998,B460
B464,B460
B460,B460
B462,B460
B463,B460
B462,B461
B461,B461
B460,B461
B463,B461
B464,B461
B463,B462
B460,B462
B462,B462
B461,B462
B464,B462
B460,B463
B464,B463
B461,B463
B462,B463
B463,B463
B463,B464
B460,B464
B462,B464
B461,B464
B464,B464
B461,B465
B464,B465
B463,B465
B460,B465
B462,B465
B464,B468
B463,B468
B460,B468
B462,B468
B461,B468
B460,B469
B461,B469
B462,B469
B464,B469
B463,B469
B470,B470
B470,B471
M9022,B479
M9027,B479
M9021,B479
M9020,B479
B482,B482
B399,B482
B24,B487
B205,B487
B487,B487
B209,B487
B482,B488
B452,B488
B463,B488
B400,B488
B417,B488
B450,B488
B461,B488
B451,B488
B470,B488
B462,B488
B395,B488
B460,B488
B440,B488
B487,B488
B390,B488
B387,B488
B388,B488
B399,B488
B442,B488
B407,B488
B464,B488
B453,B488
B378,B488
B408,B488
B380,B488
B374,B488
B457,B488
B410,B488
B394,B488
B375,B488
B371,B488
B447,B488
B384,B488
B403,B488
B378,B49
B482,B49
B461,B49
B457,B49
B451,B49
B450,B49
B460,B49
B452,B49
B410,B49
M0166,B49
B453,B49
B462,B49
B447,B49
B403,B49
B371,B49
M0165,B49
B400,B49
B394,B49
B388,B49
M0160,B49
B399,B49
M0164,B49
B440,B49
B487,B49
J998,B49
B470,B49
B374,B49
B395,B49
B417,B49
B390,B49
M0167,B49
M0161,B49
M632,B49
M0162,B49
B463,B49
B408,B49
B464,B49
B407,B49
B384,B49
B380,B49
B387,B49
B375,B49
B442,B49
A35,B570
A35,B572
B580,B580
B580,B581
B580,B582
B583,B583
B583,B588
I412,B588
M631,B588
B580,B588
B583,B589
B580,B589
B601,B485
B24,B485
B602,B485
B206,B485
B209,B485
B485,B485
B600,B485
B600,B600
B601,B600
B602,B600
B601,B601
B602,B601
B600,B601
B601,B602
B602,B602
B600,B602
B601,B608
B600,B608
B602,B608
B602,B64
B600,B64
B601,B64
J173,B650
J998,B650
I982,B650
M631,B650
I982,B651
N338,B651
J998,B651
M631,B651
J173,B651
N338,B652
J173,B652
J998,B652
M631,B652
I982,B652
J998,B658
N338,B658
M631,B658
J173,B658
I982,B658
I982,B659
N338,B659
J998,B659
M631,B659
J173,B659
M9021,B672
M9022,B672
M9027,B672
M9020,B672
J998,B679
B789,B680
B780,B680
B780,B681
B789,B681
B789,B689
B780,B689
B789,B690
B780,B690
B789,B691
B780,B691
B789,B692
B780,B692
B789,B698
M631,B698
B780,B698
B789,B699
B780,B699
D638,B700
B789,B700
B780,B700
B780,B701
B789,B701
B789,B710
B780,B710
B780,B711
B789,B711
B789,B718
B780,B718
B789,B719
B780,B719
B789,B72
B780,B72
B789,B73
B780,B73
B789,B740
B780,B740
B780,B741
B789,B741
B789,B742
B780,B742
B789,B743
B780,B743
B789,B744
B780,B744
B789,B748
B780,B748
B780,B749
J91,B749
B789,B749
B789,B75
B780,B75
M631,B75
B789,B760
B780,B760
B780,B761
B789,B761
B789,B768
B780,B768
B780,B769
B789,B769
D638,B769
B789,B770
B780,B770
B789,B778
J173,B778
B780,B778
B789,B779
B780,B779
B789,B780
B780,B780
B780,B781
B789,B781
B789,B787
B780,B787
B780,B788
B789,B788
B789,B789
B780,B789
B789,B79
B780,B79
B780,B80
B789,B80
B780,B810
B789,B810
B789,B811
B780,B811
B780,B812
B789,B812
B789,B813
B780,B813
B789,B814
B780,B814
B789,B818
B780,B818
B780,B820
B789,B820
B780,B829
B789,B829
B780,B830
B789,B830
B789,B831
B780,B831
B780,B8310
B789,B8310
B789,B8311
B780,B8311
B789,B8312
B780,B8312
B780,B8318
B789,B8318
B789,B8319
B780,B8319
B780,B832
B789,B832
B780,B833
B789,B833
B789,B834
B780,B834
B780,B838
B789,B838
B780,B839
B789,B839
K678,B839
J998,B873
G940,B89
A35,B900
A35,B901
A35,B909
A35,B91
A09,B942
A073,B942
A010,B942
B260,B942
B179,B942
B160,B942
B008,B942
B001,B942
B600,B948
B261,B948
B020,B948
A09,B948
A395,B948
B060,B948
A391,B948
B580,B948
B403,B948
B262,B948
B380,B948
A390,B948
B378,B948
A310,B948
A178,B948
B011,B948
G610,B948
A398,B948
B487,B948
B374,B948
A241,B948
A522,B948
D869,B948
B447,B948
B453,B948
A187,B948
B212,B948
B003,B948
B400,B948
B399,B948
B054,B948
K230,B948
B457,B948
B208,B948
B007,B948
B012,B948
B462,B948
B219,B948
A490,B948
B232,B948
B263,B948
B050,B948
N330,B948
B485,B948
B205,B948
B206,B948
B227,B948
B780,B948
B268,B948
B021,B948
A150,B948
A181,B948
A155,B948
B377,B948
D868,B948
B209,B948
B410,B948
M0100,B948
B387,B948
B010,B948
A521,B948
B395,B948
A35,B948
A542,B948
A170,B948
B464,B948
B203,B948
B221,B948
B160,B948
B583,B948
A190,B948
B408,B948
B394,B948
B008,B948
B260,B948
K930,B948
B217,B948
A520,B948
B201,B948
B204,B948
B463,B948
B602,B948
B388,B948
A399,B948
B442,B948
A541,B948
B460,B948
B179,B948
B450,B948
B461,B948
A010,B948
B001,B948
B417,B948
D860,B948
B24,B948
B211,B948
B482,B948
B390,B948
B202,B948
B470,B948
A182,B948
B452,B948
B789,B948
B004,B948
B018,B948
B601,B948
R572,B948
B027,B948
A504,B948
A073,B948
B371,B948
B022,B948
B213,B948
B407,B948
A392,B948
B210,B948
B440,B948
B20,B948
B375,B948
B218,B948
B051,B948
B384,B948
B451,B948
B068,B948
B207,B948
B220,B948
B200,B948
B054,B949
B219,B949
B452,B949
B211,B949
B580,B949
A187,B949
B487,B949
B201,B949
B260,B949
B007,B949
B022,B949
B202,B949
B207,B949
B440,B949
B408,B949
B400,B949
B380,B949
A392,B949
A542,B949
B218,B949
B462,B949
B395,B949
B203,B949
B601,B949
B206,B949
A541,B949
B388,B949
B403,B949
B378,B949
R572,B949
B027,B949
A399,B949
D860,B949
B020,B949
B602,B949
K230,B949
B371,B949
B204,B949
A521,B949
A170,B949
B417,B949
B464,B949
B377,B949
B390,B949
B021,B949
B205,B949
B442,B949
B220,B949
B051,B949
B008,B949
A190,B949
B001,B949
B261,B949
A178,B949
A310,B949
B217,B949
D869,B949
B470,B949
B210,B949
B179,B949
A150,B949
A504,B949
B262,B949
B384,B949
B780,B949
B375,B949
K930,B949
B485,B949
B482,B949
B374,B949
A35,B949
A391,B949
A395,B949
B004,B949
D868,B949
B451,B949
B583,B949
B018,B949
A241,B949
A181,B949
B209,B949
A09,B949
B012,B949
B003,B949
B010,B949
B600,B949
B20,B949
A390,B949
A398,B949
B160,B949
B460,B949
B447,B949
A520,B949
B394,B949
M0100,B949
B221,B949
A010,B949
G610,B949
B050,B949
B410,B949
B457,B949
B060,B949
B407,B949
N330,B949
B208,B949
B263,B949
A073,B949
A522,B949
B200,B949
B463,B949
B011,B949
B789,B949
B399,B949
A155,B949
B232,B949
B24,B949
B453,B949
B068,B949
B227,B949
B450,B949
B212,B949
B461,B949
A490,B949
B213,B949
A182,B949
B268,B949
B387,B949
L033,B950
B377,B950
H602,B950
L031,B950
A241,B950
R572,B950
R572,B951
A241,B951
L033,B951
L031,B951
H602,B951
B377,B951
L033,B952
L031,B952
B377,B952
H602,B952
R572,B952
A241,B952
A241,B953
R572,B953
H602,B953
L033,B953
B377,B953
L031,B953
B377,B954
L031,B954
L033,B954
H602,B954
A241,B954
R572,B954
L031,B955
B377,B955
A241,B955
L033,B955
R572,B955
H602,B955
B377,B956
H602,B956
L031,B956
L033,B956
A490,B956
A241,B956
R572,B956
B377,B957
A241,B957
A490,B957
R572,B957
L033,B957
L031,B957
H602,B957
A241,B958
L033,B958
B377,B958
H602,B958
R572,B958
A490,B958
L031,B958
A150,B960
A178,B960
H602,B960
G610,B960
A182,B960
A310,B960
A390,B960
A391,B960
L031,B960
A395,B960
A170,B960
A399,B960
R572,B960
A392,B960
A241,B960
A190,B960
A155,B960
L033,B960
M0100,B960
A187,B960
K230,B960
K930,B960
A398,B960
A181,B960
B377,B960
N330,B960
A190,B961
H602,B961
A150,B961
A170,B961
M0100,B961
L031,B961
A187,B961
A392,B961
A395,B961
A178,B961
L033,B961
A182,B961
A155,B961
G610,B961
A390,B961
A310,B961
A391,B961
K930,B961
R572,B961
A398,B961
N330,B961
A241,B961
A399,B961
A181,B961
K230,B961
B377,B961
A241,B962
H602,B962
B377,B962
L031,B962
R572,B962
L033,B962
A241,B963
H602,B963
L031,B963
B377,B963
L033,B963
A35,B963
R572,B963
H602,B964
L033,B964
A35,B964
R572,B964
B377,B964
L031,B964
A241,B964
A241,B965
H602,B965
R572,B965
L033,B965
B377,B965
L031,B965
L033,B966
A390,B966
A155,B966
A182,B966
A395,B966
A187,B966
A392,B966
B377,B966
R572,B966
A398,B966
A241,B966
A391,B966
M0100,B966
A190,B966
H602,B966
A310,B966
A178,B966
L031,B966
K930,B966
K230,B966
A181,B966
A399,B966
G610,B966
N330,B966
A150,B966
A170,B966
A190,B967
A150,B967
A187,B967
A178,B967
A182,B967
A390,B967
A398,B967
A395,B967
A170,B967
K930,B967
A155,B967
A181,B967
N330,B967
M0100,B967
B377,B967
A391,B967
L031,B967
A399,B967
R572,B967
A392,B967
K230,B967
A241,B967
G610,B967
H602,B967
L033,B967
A310,B967
B377,B968
M0100,B968
A392,B968
A150,B968
A241,B968
A181,B968
R572,B968
L033,B968
A390,B968
A190,B968
A391,B968
L031,B968
A155,B968
A399,B968
A395,B968
A170,B968
G610,B968
H602,B968
A182,B968
A310,B968
N330,B968
A178,B968
A187,B968
K930,B968
K230,B968
A398,B968
A310,B9680
H602,B9680
A150,B9680
A187,B9680
A190,B9680
R572,B9680
A398,B9680
B377,B9680
A182,B9680
L031,B9680
G610,B9680
A395,B9680
A170,B9680
A241,B9680
L033,B9680
A390,B9680
A178,B9680
A392,B9680
M0100,B9680
A155,B9680
N330,B9680
A391,B9680
K930,B9680
A399,B9680
A181,B9680
K230,B9680
A187,B9688
A170,B9688
A241,B9688
A155,B9688
A178,B9688
K930,B9688
L031,B9688
A150,B9688
N330,B9688
A190,B9688
H602,B9688
A395,B9688
A391,B9688
R572,B9688
B377,B9688
A392,B9688
A398,B9688
K230,B9688
A181,B9688
A182,B9688
M0100,B9688
G610,B9688
L033,B9688
A310,B9688
A390,B9688
A399,B9688
B020,B977
B068,B977
B008,B977
B262,B977
B027,B977
B018,B977
B010,B977
B263,B977
B021,B977
B050,B977
B160,B977
B179,B977
B001,B977
B268,B977
B261,B977
B260,B977
B022,B977
B011,B977
B012,B977
B051,B977
B054,B977
B060,B977
B179,B978
B050,B978
B262,B978
B021,B978
B001,B978
B054,B978
B022,B978
B268,B978
B010,B978
B012,B978
B160,B978
B051,B978
B263,B978
B068,B978
B018,B978
B260,B978
B020,B978
B261,B978
B027,B978
B011,B978
B060,B978
B008,B978
G940,B99
C880,C000
C37,C000
C150,C000
C837,C000
C463,C000
C820,C000
C810,C000
C463,C001
C37,C001
C810,C001
C837,C001
C880,C001
C820,C001
C150,C001
C837,C002
C150,C002
C463,C002
C880,C002
C810,C002
C820,C002
C37,C002
C837,C003
C880,C003
C463,C003
C820,C003
C150,C003
C37,C003
C810,C003
C880,C004
C463,C004
C150,C004
C837,C004
C810,C004
C37,C004
C820,C004
C820,C005
C37,C005
C837,C005
C463,C005
C150,C005
C810,C005
C880,C005
C150,C006
C463,C006
C37,C006
C820,C006
C837,C006
C810,C006
C880,C006
C810,C008
C880,C008
C150,C008
C463,C008
C37,C008
C837,C008
C820,C008
C150,C009
C837,C009
C37,C009
C880,C009
C463,C009
C810,C009
C820,C009
C880,C01
C820,C01
C37,C01
C837,C01
C463,C01
C810,C01
C150,C01
C150,C020
C837,C020
C463,C020
C37,C020
C810,C020
C820,C020
C880,C020
C810,C021
C880,C021
C820,C021
C463,C021
C150,C021
C837,C021
C37,C021
C463,C0210
C880,C0210
C150,C0210
C810,C0210
C837,C0210
C820,C0210
C37,C0210
C37,C0211
C837,C0211
C880,C0211
C150,C0211
C810,C0211
C820,C0211
C463,C0211
C837,C0219
C463,C0219
C880,C0219
C37,C0219
C820,C0219
C810,C0219
C150,C0219
C463,C022
C810,C022
C820,C022
C37,C022
C150,C022
C837,C022
C880,C022
C820,C023
C463,C023
C880,C023
C37,C023
C150,C023
C837,C023
C810,C023
C150,C024
C463,C024
C837,C024
C810,C024
C880,C024
C820,C024
C37,C024
C810,C028
C463,C028
C880,C028
C837,C028
C820,C028
C150,C028
C37,C028
C37,C029
C820,C029
C810,C029
C837,C029
C150,C029
C880,C029
C463,C029
C463,C030
C37,C030
C820,C030
C880,C030
C810,C030
C150,C030
C837,C030
C880,C031
C820,C031
C810,C031
C37,C031
C463,C031
C150,C031
C837,C031
C810,C039
C463,C039
C880,C039
C820,C039
C37,C039
C150,C039
C837,C039
C150,C040
C37,C040
C820,C040
C463,C040
C837,C040
C880,C040
C810,C040
C37,C041
C810,C041
C463,C041
C880,C041
C837,C041
C820,C041
C150,C041
C810,C048
C37,C048
C463,C048
C880,C048
C837,C048
C820,C048
C150,C048
C463,C049
C837,C049
C37,C049
C810,C049
C820,C049
C880,C049
C150,C049
C150,C050
C837,C050
C37,C050
C810,C050
C880,C050
C820,C050
C463,C050
C463,C051
C810,C051
C820,C051
C837,C051
C150,C051
C880,C051
C37,C051
C837,C052
C37,C052
C820,C052
C810,C052
C150,C052
C880,C052
C463,C052
C150,C058
C880,C058
C837,C058
C820,C058
C810,C058
C37,C058
C463,C058
C150,C059
C37,C059
C463,C059
C810,C059
C837,C059
C820,C059
C880,C059
C810,C060
C880,C060
C37,C060
C150,C060
C463,C060
C820,C060
C837,C060
C37,C061
C837,C061
C810,C061
C820,C061
C880,C061
C150,C061
C463,C061
C880,C0610
C820,C0610
C150,C0610
C837,C0610
C810,C0610
C37,C0610
C463,C0610
C810,C0611
C37,C0611
C463,C0611
C150,C0611
C820,C0611
C837,C0611
C880,C0611
C810,C0612
C837,C0612
C37,C0612
C463,C0612
C820,C0612
C880,C0612
C150,C0612
C463,C0613
C810,C0613
C837,C0613
C150,C0613
C37,C0613
C880,C0613
C820,C0613
C820,C0614
C880,C0614
C837,C0614
C810,C0614
C150,C0614
C37,C0614
C463,C0614
C820,C0615
C837,C0615
C150,C0615
C37,C0615
C463,C0615
C810,C0615
C880,C0615
C820,C0619
C837,C0619
C37,C0619
C463,C0619
C810,C0619
C150,C0619
C880,C0619
C37,C062
C820,C062
C810,C062
C150,C062
C463,C062
C880,C062
C837,C062
C37,C0620
C820,C0620
C880,C0620
C463,C0620
C837,C0620
C810,C0620
C150,C0620
C820,C0621
C810,C0621
C37,C0621
C150,C0621
C880,C0621
C837,C0621
C463,C0621
C37,C0629
C837,C0629
C810,C0629
C150,C0629
C463,C0629
C880,C0629
C820,C0629
C880,C068
C820,C068
C150,C068
C837,C068
C810,C068
C37,C068
C463,C068
C37,C069
C837,C069
C820,C069
C880,C069
C810,C069
C150,C069
C463,C069
C880,C07
C37,C07
C463,C07
C150,C07
C820,C07
C810,C07
C837,C07
C463,C080
C810,C080
C37,C080
C820,C080
C880,C080
C837,C080
C150,C080
C150,C081
C463,C081
C810,C081
C37,C081
C880,C081
C837,C081
C820,C081
C463,C088
C837,C088
C810,C088
C880,C088
C820,C088
C37,C088
C150,C088
C880,C089
C463,C089
C810,C089
C37,C089
C820,C089
C150,C089
C837,C089
C37,C090
C837,C090
C880,C090
C820,C090
C150,C090
C463,C090
C810,C090
C463,C091
C150,C091
C820,C091
C810,C091
C37,C091
C837,C091
C880,C091
C820,C098
C37,C098
C880,C098
C150,C098
C463,C098
C837,C098
C810,C098
C820,C099
C37,C099
C150,C099
C880,C099
C810,C099
C463,C099
C837,C099
C37,C100
C820,C100
C810,C100
C880,C100
C150,C100
C837,C100
C463,C100
C37,C101
C150,C101
C810,C101
C880,C101
C463,C101
C820,C101
C837,C101
C837,C102
C880,C102
C810,C102
C820,C102
C37,C102
C150,C102
C463,C102
C150,C103
C810,C103
C880,C103
C820,C103
C837,C103
C463,C103
C37,C103
C810,C104
C880,C104
C837,C104
C150,C104
C463,C104
C820,C104
C37,C104
C150,C108
C810,C108
C463,C108
C37,C108
C837,C108
C820,C108
C880,C108
C463,C109
C820,C109
C880,C109
C837,C109
C37,C109
C150,C109
C810,C109
C820,C110
C810,C110
C837,C110
C463,C110
C37,C110
C150,C110
C880,C110
C150,C111
C837,C111
C880,C111
C463,C111
C810,C111
C820,C111
C37,C111
C837,C112
C820,C112
C150,C112
C37,C112
C880,C112
C463,C112
C810,C112
C837,C113
C463,C113
C150,C113
C810,C113
C820,C113
C37,C113
C880,C113
C37,C118
C837,C118
C880,C118
C820,C118
C150,C118
C463,C118
C810,C118
C463,C119
C37,C119
C150,C119
C837,C119
C810,C119
C820,C119
C880,C119
C810,C12
C463,C12
C837,C12
C880,C12
C820,C12
C37,C12
C150,C12
C820,C130
C810,C130
C37,C130
C880,C130
C150,C130
C837,C130
C463,C130
C880,C131
C150,C131
C37,C131
C837,C131
C820,C131
C463,C131
C810,C131
C810,C132
C820,C132
C880,C132
C37,C132
C837,C132
C463,C132
C150,C132
C150,C138
C837,C138
C37,C138
C880,C138
C810,C138
C463,C138
C820,C138
C810,C139
C463,C139
C880,C139
C837,C139
C820,C139
C37,C139
C150,C139
C37,C140
C810,C140
C837,C140
C150,C140
C880,C140
C463,C140
C820,C140
C820,C141
C880,C141
C37,C141
C837,C141
C463,C141
C150,C141
C810,C141
C810,C142
C37,C142
C820,C142
C463,C142
C880,C142
C837,C142
C150,C142
C150,C148
C880,C148
C37,C148
C810,C148
C820,C148
C463,C148
C837,C148
C810,C150
C820,C150
C837,C150
C150,C150
C37,C150
C880,C150
C463,C150
C463,C151
C810,C151
C837,C151
C150,C151
C880,C151
C37,C151
C820,C151
C150,C152
C880,C152
C837,C152
C810,C152
C37,C152
C820,C152
C463,C152
C880,C153
C463,C153
C810,C153
C820,C153
C837,C153
C37,C153
C150,C153
C880,C154
C463,C154
C837,C154
C37,C154
C820,C154
C810,C154
C150,C154
C37,C155
C837,C155
C463,C155
C820,C155
C150,C155
C810,C155
C880,C155
C880,C158
C150,C158
C837,C158
C810,C158
C463,C158
C37,C158
C820,C158
C820,C159
C880,C159
C837,C159
C37,C159
C463,C159
C810,C159
C150,C159
C837,C160
C820,C160
C810,C160
C37,C160
C150,C160
C880,C160
C463,C160
C810,C161
C837,C161
C820,C161
C150,C161
C880,C161
C37,C161
C463,C161
C820,C162
C880,C162
C810,C162
C837,C162
C37,C162
C463,C162
C150,C162
C150,C163
C810,C163
C837,C163
C820,C163
C463,C163
C880,C163
C37,C163
C150,C164
C810,C164
C880,C164
C820,C164
C463,C164
C837,C164
C37,C164
C837,C165
C810,C165
C37,C165
C820,C165
C880,C165
C463,C165
C150,C165
C837,C166
C463,C166
C150,C166
C810,C166
C37,C166
C820,C166
C880,C166
C463,C168
C810,C168
C880,C168
C820,C168
C150,C168
C37,C168
C837,C168
C837,C169
C463,C169
C820,C169
C150,C169
C880,C169
C810,C169
C37,C169
C37,C170
C820,C170
C837,C170
C880,C170
C463,C170
C150,C170
C810,C170
C810,C171
C37,C171
C150,C171
C880,C171
C463,C171
C837,C171
C820,C171
C820,C172
C463,C172
C837,C172
C150,C172
C810,C172
C880,C172
C37,C172
C150,C173
C463,C173
C37,C173
C880,C173
C810,C173
C820,C173
C837,C173
C37,C178
C820,C178
C880,C178
C837,C178
C810,C178
C463,C178
C150,C178
C37,C179
C810,C179
C880,C179
C150,C179
C820,C179
C837,C179
C463,C179
C880,C180
C463,C180
C37,C180
C820,C180
C810,C180
C837,C180
C150,C180
C150,C181
C880,C181
C463,C181
C37,C181
C837,C181
C820,C181
C810,C181
C150,C182
C37,C182
C820,C182
C880,C182
C463,C182
C810,C182
C837,C182
C37,C183
C820,C183
C880,C183
C837,C183
C150,C183
C810,C183
C463,C183
C880,C184
C37,C184
C463,C184
C150,C184
C837,C184
C820,C184
C810,C184
C463,C185
C880,C185
C837,C185
C820,C185
C150,C185
C810,C185
C37,C185
C837,C186
C880,C186
C810,C186
C37,C186
C820,C186
C463,C186
C150,C186
C150,C187
C463,C187
C880,C187
C837,C187
C810,C187
C820,C187
C37,C187
C150,C188
C820,C188
C37,C188
C837,C188
C880,C188
C463,C188
C810,C188
C880,C189
C810,C189
C150,C189
C37,C189
C837,C189
C820,C189
C463,C189
C837,C19
C463,C19
C150,C19
C810,C19
C880,C19
C37,C19
C820,C19
C810,C20
C463,C20
C880,C20
C820,C20
C837,C20
C37,C20
C150,C20
C880,C210
C820,C210
C150,C210
C37,C210
C810,C210
C463,C210
C837,C210
C880,C211
C463,C211
C150,C211
C37,C211
C820,C211
C810,C211
C837,C211
C150,C212
C837,C212
C820,C212
C810,C212
C880,C212
C463,C212
C37,C212
C150,C218
C880,C218
C37,C218
C810,C218
C820,C218
C837,C218
C463,C218
C37,C220
C880,C220
C837,C220
C810,C220
C150,C220
C820,C220
C463,C220
C820,C221
C810,C221
C463,C221
C880,C221
C837,C221
C150,C221
C37,C221
C820,C222
C37,C222
C463,C222
C880,C222
C150,C222
C837,C222
C810,C222
C820,C223
C150,C223
C463,C223
C837,C223
C810,C223
C880,C223
C37,C223
C37,C224
C150,C224
C810,C224
C820,C224
C463,C224
C837,C224
C880,C224
C820,C227
C37,C227
C150,C227
C837,C227
C810,C227
C880,C227
C463,C227
C810,C229
C150,C229
C837,C229
C463,C229
C880,C229
C820,C229
C37,C229
C837,C23
C37,C23
C150,C23
C463,C23
C810,C23
C880,C23
C820,C23
C37,C240
C150,C240
C810,C240
C837,C240
C463,C240
C820,C240
C880,C240
C820,C241
C150,C241
C837,C241
C37,C241
C810,C241
C880,C241
C463,C241
C880,C248
C150,C248
C820,C248
C37,C248
C463,C248
C810,C248
C837,C248
C837,C249
C820,C249
C150,C249
C810,C249
C463,C249
C37,C249
C880,C249
C150,C250
C37,C250
C810,C250
C820,C250
C837,C250
C880,C250
C463,C250
C820,C251
C810,C251
C37,C251
C150,C251
C880,C251
C837,C251
C463,C251
C463,C252
C820,C252
C150,C252
C880,C252
C37,C252
C810,C252
C837,C252
C810,C253
C37,C253
C837,C253
C820,C253
C463,C253
C880,C253
C150,C253
C463,C254
C810,C254
C150,C254
C880,C254
C37,C254
C820,C254
C837,C254
C150,C257
C463,C257
C810,C257
C880,C257
C820,C257
C837,C257
C37,C257
C150,C258
C810,C258
C820,C258
C880,C258
C37,C258
C837,C258
C463,C258
C837,C259
C820,C259
C37,C259
C463,C259
C810,C259
C880,C259
C150,C259
C463,C260
C880,C260
C810,C260
C150,C260
C37,C260
C837,C260
C820,C260
C880,C261
C837,C261
C463,C261
C37,C261
C810,C261
C150,C261
C820,C261
C880,C268
C820,C268
C37,C268
C463,C268
C837,C268
C810,C268
C150,C268
C880,C269
C837,C269
C37,C269
C463,C269
C820,C269
C150,C269
C810,C269
C880,C300
C820,C300
C837,C300
C810,C300
C37,C300
C150,C300
C463,C300
C810,C301
C880,C301
C463,C301
C820,C301
C150,C301
C37,C301
C837,C301
C463,C310
C880,C310
C820,C310
C37,C310
C837,C310
C810,C310
C150,C310
C463,C311
C880,C311
C820,C311
C37,C311
C837,C311
C150,C311
C810,C311
C150,C312
C37,C312
C810,C312
C820,C312
C463,C312
C837,C312
C880,C312
C37,C313
C810,C313
C463,C313
C837,C313
C880,C313
C150,C313
C820,C313
C820,C318
C463,C318
C37,C318
C837,C318
C810,C318
C880,C318
C150,C318
C820,C319
C837,C319
C37,C319
C880,C319
C810,C319
C150,C319
C463,C319
C820,C320
C463,C320
C880,C320
C810,C320
C150,C320
C837,C320
C37,C320
C880,C321
C810,C321
C463,C321
C837,C321
C150,C321
C37,C321
C820,C321
C880,C322
C37,C322
C150,C322
C463,C322
C837,C322
C810,C322
C820,C322
C810,C323
C150,C323
C37,C323
C463,C323
C837,C323
C880,C323
C820,C323
C150,C328
C820,C328
C463,C328
C880,C328
C810,C328
C37,C328
C837,C328
C837,C329
C463,C329
C880,C329
C810,C329
C820,C329
C150,C329
C37,C329
C810,C33
C463,C33
C880,C33
C837,C33
C150,C33
C37,C33
C820,C33
C150,C340
C37,C340
C837,C340
C810,C340
C463,C340
C820,C340
C880,C340
C810,C341
C837,C341
C880,C341
C820,C341
C150,C341
C463,C341
C37,C341
C837,C342
C880,C342
C463,C342
C810,C342
C37,C342
C150,C342
C820,C342
C837,C343
C810,C343
C820,C343
C880,C343
C37,C343
C463,C343
C150,C343
C150,C348
C463,C348
C820,C348
C837,C348
C37,C348
C880,C348
C810,C348
C463,C349
C150,C349
C37,C349
C837,C349
C810,C349
C880,C349
C820,C349
C880,C37
C463,C37
C37,C37
C810,C37
C150,C37
C837,C37
C820,C37
C820,C380
C150,C380
C463,C380
C880,C380
C810,C380
C37,C380
C837,C380
C820,C381
C880,C381
C37,C381
C150,C381
C463,C381
C837,C381
C810,C381
C880,C382
C837,C382
C810,C382
C463,C382
C37,C382
C820,C382
C150,C382
C810,C383
C837,C383
C880,C383
C37,C383
C463,C383
C820,C383
C150,C383
C37,C384
C463,C384
C810,C384
C150,C384
C880,C384
C820,C384
C837,C384
C820,C388
C810,C388
C37,C388
C150,C388
C463,C388
C880,C388
C837,C388
C463,C390
C810,C390
C37,C390
C880,C390
C820,C390
C150,C390
C837,C390
C837,C398
C150,C398
C810,C398
C463,C398
C880,C398
C37,C398
C820,C398
C37,C399
C463,C399
C150,C399
C880,C399
C837,C399
C820,C399
C810,C399
C837,C400
C463,C400
C37,C400
C810,C400
C820,C400
C150,C400
C880,C400
C463,C401
C880,C401
C37,C401
C837,C401
C150,C401
C810,C401
C820,C401
C37,C402
C463,C402
C820,C402
C810,C402
C150,C402
C837,C402
C880,C402
C463,C403
C37,C403
C810,C403
C880,C403
C837,C403
C820,C403
C150,C403
C463,C408
C37,C408
C810,C408
C837,C408
C880,C408
C150,C408
C820,C408
C837,C409
C150,C409
C810,C409
C820,C409
C37,C409
C463,C409
C880,C409
C463,C410
C37,C410
C880,C410
C150,C410
C837,C410
C820,C410
C810,C410
C837,C4100
C150,C4100
C880,C4100
C820,C4100
C463,C4100
C810,C4100
C37,C4100
C37,C4101
C880,C4101
C463,C4101
C837,C4101
C810,C4101
C150,C4101
C820,C4101
C880,C4102
C810,C4102
C150,C4102
C37,C4102
C837,C4102
C463,C4102
C820,C4102
C837,C4108
C150,C4108
C820,C4108
C880,C4108
C463,C4108
C37,C4108
C810,C4108
C463,C4109
C880,C4109
C810,C4109
C150,C4109
C37,C4109
C820,C4109
C837,C4109
C810,C411
C150,C411
C880,C411
C820,C411
C463,C411
C37,C411
C837,C411
C810,C4110
C37,C4110
C463,C4110
C820,C4110
C837,C4110
C880,C4110
C150,C4110
C810,C4111
C880,C4111
C463,C4111
C150,C4111
C37,C4111
C820,C4111
C837,C4111
C463,C4119
C837,C4119
C880,C4119
C37,C4119
C150,C4119
C810,C4119
C820,C4119
C37,C412
C463,C412
C837,C412
C810,C412
C150,C412
C820,C412
C880,C412
C463,C413
C150,C413
C837,C413
C810,C413
C37,C413
C880,C413
C820,C413
C837,C414
C880,C414
C810,C414
C463,C414
C820,C414
C150,C414
C37,C414
C837,C418
C820,C418
C463,C418
C37,C418
C150,C418
C880,C418
C810,C418
C880,C419
C463,C419
C810,C419
C37,C419
C820,C419
C837,C419
C150,C419
C820,C430
C463,C430
C810,C430
C880,C430
C37,C430
C837,C430
C150,C430
C837,C431
C150,C431
C880,C431
C37,C431
C810,C431
C820,C431
C463,C431
C463,C432
C150,C432
C37,C432
C880,C432
C810,C432
C837,C432
C820,C432
C880,C433
C37,C433
C150,C433
C837,C433
C820,C433
C810,C433
C463,C433
C880,C434
C37,C434
C150,C434
C463,C434
C820,C434
C810,C434
C837,C434
C150,C435
C820,C435
C463,C435
C37,C435
C880,C435
C810,C435
C837,C435
C37,C436
C820,C436
C837,C436
C810,C436
C880,C436
C150,C436
C463,C436
C880,C437
C37,C437
C463,C437
C150,C437
C810,C437
C837,C437
C820,C437
C820,C438
C880,C438
C463,C438
C810,C438
C37,C438
C837,C438
C150,C438
C837,C439
C820,C439
C37,C439
C810,C439
C150,C439
C880,C439
C463,C439
C810,C440
C37,C440
C837,C440
C880,C440
C463,C440
C820,C440
C150,C440
C880,C441
C810,C441
C463,C441
C820,C441
C37,C441
C837,C441
C150,C441
C37,C442
C150,C442
C820,C442
C810,C442
C463,C442
C880,C442
C837,C442
C837,C443
C820,C443
C880,C443
C37,C443
C150,C443
C463,C443
C810,C443
C150,C444
C810,C444
C463,C444
C880,C444
C37,C444
C820,C444
C837,C444
C150,C445
C463,C445
C37,C445
C810,C445
C820,C445
C880,C445
C837,C445
C463,C446
C820,C446
C810,C446
C880,C446
C37,C446
C150,C446
C837,C446
C837,C447
C150,C447
C810,C447
C463,C447
C880,C447
C37,C447
C820,C447
C880,C448
C150,C448
C810,C448
C463,C448
C820,C448
C37,C448
C837,C448
C880,C449
C820,C449
C150,C449
C837,C449
C810,C449
C463,C449
C37,C449
C150,C450
C880,C450
C837,C450
C820,C450
C463,C450
C37,C450
C810,C450
C880,C451
C810,C451
C150,C451
C463,C451
C37,C451
C820,C451
C837,C451
C820,C452
C880,C452
C810,C452
C37,C452
C463,C452
C150,C452
C837,C452
C150,C457
C463,C457
C880,C457
C810,C457
C820,C457
C37,C457
C837,C457
C810,C459
C820,C459
C150,C459
C37,C459
C463,C459
C837,C459
C880,C459
B24,C460
C463,C460
C810,C460
C150,C460
C880,C460
B219,C460
B210,C460
C820,C460
C837,C460
C37,C460
B210,C461
B24,C461
C837,C461
C150,C461
C820,C461
C810,C461
C37,C461
C463,C461
C880,C461
B219,C461
B24,C462
C880,C462
C810,C462
C463,C462
B210,C462
B219,C462
C837,C462
C150,C462
C37,C462
C820,C462
B219,C463
C37,C463
B210,C463
C463,C463
C150,C463
C810,C463
C820,C463
C837,C463
B24,C463
C880,C463
C820,C467
B210,C467
C150,C467
C37,C467
C880,C467
C810,C467
C837,C467
B24,C467
C463,C467
B219,C467
B219,C468
C837,C468
B210,C468
C810,C468
C880,C468
B24,C468
C150,C468
C37,C468
C463,C468
C820,C468
C810,C469
B210,C469
C837,C469
C37,C469
C880,C469
C820,C469
C463,C469
C150,C469
B24,C469
B219,C469
C820,C470
C880,C470
C150,C470
C810,C470
C837,C470
C37,C470
C463,C470
C37,C471
C150,C471
C463,C471
C810,C471
C880,C471
C820,C471
C837,C471
C810,C472
C837,C472
C150,C472
C37,C472
C820,C472
C463,C472
C880,C472
C880,C473
C463,C473
C810,C473
C37,C473
C150,C473
C820,C473
C837,C473
C463,C474
C37,C474
C837,C474
C820,C474
C880,C474
C150,C474
C810,C474
C463,C475
C37,C475
C150,C475
C880,C475
C837,C475
C810,C475
C820,C475
C810,C476
C880,C476
C150,C476
C37,C476
C837,C476
C463,C476
C820,C476
C837,C478
C880,C478
C810,C478
C150,C478
C463,C478
C820,C478
C37,C478
C463,C479
C37,C479
C810,C479
C837,C479
C150,C479
C820,C479
C880,C479
C880,C480
C150,C480
C37,C480
C820,C480
C810,C480
C837,C480
C463,C480
C820,C481
C880,C481
C37,C481
C463,C481
C837,C481
C810,C481
C150,C481
C463,C482
C810,C482
C37,C482
C150,C482
C837,C482
C880,C482
C820,C482
C837,C488
C820,C488
C810,C488
C37,C488
C150,C488
C880,C488
C463,C488
C820,C490
C880,C490
C810,C490
C837,C490
C37,C490
C150,C490
C463,C490
C37,C491
C810,C491
C820,C491
C837,C491
C880,C491
C150,C491
C463,C491
C810,C492
C880,C492
C837,C492
C463,C492
C37,C492
C150,C492
C820,C492
C463,C493
C880,C493
C837,C493
C820,C493
C150,C493
C37,C493
C810,C493
C880,C494
C37,C494
C810,C494
C463,C494
C150,C494
C837,C494
C820,C494
C150,C495
C37,C495
C810,C495
C837,C495
C463,C495
C880,C495
C820,C495
C463,C496
C880,C496
C810,C496
C837,C496
C37,C496
C820,C496
C150,C496
C37,C498
C880,C498
C150,C498
C837,C498
C820,C498
C463,C498
C810,C498
C837,C499
C880,C499
C150,C499
C463,C499
C37,C499
C820,C499
C810,C499
C150,C500
C810,C500
C880,C500
C837,C500
C37,C500
C820,C500
C463,C500
C463,C501
C880,C501
C150,C501
C820,C501
C810,C501
C837,C501
C37,C501
C810,C502
C880,C502
C150,C502
C37,C502
C820,C502
C837,C502
C463,C502
C810,C503
C820,C503
C880,C503
C150,C503
C463,C503
C837,C503
C37,C503
C150,C504
C837,C504
C820,C504
C810,C504
C37,C504
C880,C504
C463,C504
C880,C505
C837,C505
C463,C505
C150,C505
C820,C505
C810,C505
C37,C505
C880,C506
C837,C506
C37,C506
C810,C506
C820,C506
C463,C506
C150,C506
C463,C508
C150,C508
C37,C508
C880,C508
C810,C508
C820,C508
C837,C508
C880,C509
C820,C509
C463,C509
C810,C509
C837,C509
C150,C509
C37,C509
C463,C510
C880,C510
C37,C510
C150,C510
C810,C510
C837,C510
C820,C510
C820,C511
C837,C511
C880,C511
C150,C511
C37,C511
C810,C511
C463,C511
C150,C512
C463,C512
C880,C512
C37,C512
C810,C512
C820,C512
C837,C512
C810,C518
C820,C518
C150,C518
C880,C518
C837,C518
C463,C518
C37,C518
C810,C519
C37,C519
C820,C519
C880,C519
C837,C519
C463,C519
C150,C519
C150,C52
C810,C52
C837,C52
C820,C52
C37,C52
C880,C52
C463,C52
C837,C530
C810,C530
C820,C530
C463,C530
C150,C530
C880,C530
C37,C530
C463,C531
C837,C531
C880,C531
C37,C531
C820,C531
C810,C531
C150,C531
C810,C538
C837,C538
C880,C538
C37,C538
C150,C538
C820,C538
C463,C538
C837,C539
C820,C539
C880,C539
C37,C539
C463,C539
C810,C539
C150,C539
C150,C540
C880,C540
C37,C540
C810,C540
C837,C540
C820,C540
C463,C540
C150,C541
C810,C541
C880,C541
C463,C541
C37,C541
C837,C541
C820,C541
C837,C542
C150,C542
C880,C542
C37,C542
C463,C542
C820,C542
C810,C542
C463,C543
C820,C543
C37,C543
C150,C543
C837,C543
C810,C543
C880,C543
C37,C548
C820,C548
C463,C548
C880,C548
C810,C548
C150,C548
C837,C548
C880,C549
C37,C549
C150,C549
C820,C549
C810,C549
C463,C549
C837,C549
C37,C55
C880,C55
C820,C55
C463,C55
C810,C55
C837,C55
C150,C55
C150,C56
C837,C56
C820,C56
C880,C56
C37,C56
C463,C56
C810,C56
C880,C570
C810,C570
C37,C570
C837,C570
C150,C570
C463,C570
C820,C570
C880,C571
C820,C571
C37,C571
C810,C571
C150,C571
C463,C571
C837,C571
C837,C572
C880,C572
C820,C572
C37,C572
C150,C572
C810,C572
C463,C572
C837,C573
C150,C573
C820,C573
C37,C573
C880,C573
C463,C573
C810,C573
C37,C574
C150,C574
C820,C574
C810,C574
C880,C574
C837,C574
C463,C574
C837,C577
C820,C577
C150,C577
C880,C577
C463,C577
C810,C577
C37,C577
C463,C578
C837,C578
C880,C578
C820,C578
C810,C578
C150,C578
C37,C578
C810,C579
C463,C579
C837,C579
C820,C579
C880,C579
C150,C579
C37,C579
C37,C58
C810,C58
C837,C58
C880,C58
C150,C58
C463,C58
C820,C58
C463,C600
C150,C600
C810,C600
C837,C600
C820,C600
C37,C600
C880,C600
C150,C601
C880,C601
C820,C601
C810,C601
C837,C601
C37,C601
C463,C601
C463,C602
C810,C602
C820,C602
C837,C602
C37,C602
C880,C602
C150,C602
C463,C608
C810,C608
C837,C608
C37,C608
C820,C608
C150,C608
C880,C608
C810,C609
C837,C609
C463,C609
C37,C609
C880,C609
C820,C609
C150,C609
C37,C61
C837,C61
C463,C61
C150,C61
C810,C61
C820,C61
C880,C61
C810,C620
C820,C620
C463,C620
C150,C620
C880,C620
C37,C620
C837,C620
C837,C621
C880,C621
C463,C621
C810,C621
C37,C621
C150,C621
C820,C621
C820,C629
C37,C629
C810,C629
C463,C629
C837,C629
C880,C629
C150,C629
C810,C630
C37,C630
C837,C630
C150,C630
C880,C630
C463,C630
C820,C630
C37,C631
C837,C631
C810,C631
C880,C631
C820,C631
C463,C631
C150,C631
C820,C632
C150,C632
C880,C632
C810,C632
C837,C632
C37,C632
C463,C632
C820,C637
C837,C637
C463,C637
C880,C637
C37,C637
C810,C637
C150,C637
C837,C638
C463,C638
C37,C638
C880,C638
C150,C638
C810,C638
C820,C638
C37,C639
C880,C639
C820,C639
C463,C639
C837,C639
C150,C639
C810,C639
C820,C64
C463,C64
C37,C64
C880,C64
C150,C64
C810,C64
C837,C64
C837,C65
C810,C65
C820,C65
C150,C65
C880,C65
C37,C65
C463,C65
C837,C66
C880,C66
C810,C66
C37,C66
C150,C66
C463,C66
C820,C66
N139,C66
N139,C670
C880,C670
C150,C670
C820,C670
C463,C670
N320,C670
C837,C670
C810,C670
C37,C670
N139,C671
C463,C671
C820,C671
C37,C671
C150,C671
C837,C671
C810,C671
N320,C671
C880,C671
C820,C672
C837,C672
N139,C672
C810,C672
N320,C672
C880,C672
C150,C672
C463,C672
C37,C672
N320,C673
C880,C673
C820,C673
C463,C673
C810,C673
C150,C673
N139,C673
C37,C673
C837,C673
C880,C674
C837,C674
N139,C674
N320,C674
C810,C674
C37,C674
C820,C674
C150,C674
C463,C674
C150,C675
C837,C675
C810,C675
C820,C675
C37,C675
C463,C675
C880,C675
N139,C675
N320,C675
C837,C676
C810,C676
C880,C676
C820,C676
C150,C676
C37,C676
N320,C676
C463,C676
N139,C676
C820,C677
C463,C677
C837,C677
C150,C677
N139,C677
C880,C677
N320,C677
C810,C677
C37,C677
C820,C678
N320,C678
C150,C678
C463,C678
C37,C678
N139,C678
C880,C678
C810,C678
C837,C678
C150,C679
C810,C679
C880,C679
C37,C679
C820,C679
N139,C679
C837,C679
C463,C679
N320,C679
C837,C680
C810,C680
C150,C680
C880,C680
C37,C680
C820,C680
C463,C680
N139,C680
N320,C680
C37,C681
C150,C681
C463,C681
C820,C681
C880,C681
C810,C681
C837,C681
N139,C681
N320,C681
C880,C688
C463,C688
C837,C688
C820,C688
N320,C688
N139,C688
C150,C688
C37,C688
C810,C688
N139,C689
C37,C689
C880,C689
C150,C689
N320,C689
C820,C689
C810,C689
C463,C689
C837,C689
C810,C690
C880,C690
C837,C690
C150,C690
C37,C690
C820,C690
C463,C690
C810,C691
C880,C691
C463,C691
C820,C691
C150,C691
C837,C691
C37,C691
C463,C692
C820,C692
C880,C692
C150,C692
C810,C692
C837,C692
C37,C692
C810,C693
C880,C693
C463,C693
C837,C693
C150,C693
C37,C693
C820,C693
C820,C694
C150,C694
C810,C694
C837,C694
C463,C694
C880,C694
C37,C694
C37,C695
C880,C695
C463,C695
C820,C695
C150,C695
C810,C695
C837,C695
C463,C696
C837,C696
C880,C696
C810,C696
C37,C696
C150,C696
C820,C696
C37,C698
C463,C698
C837,C698
C820,C698
C150,C698
C880,C698
C810,C698
C810,C699
C37,C699
C150,C699
C837,C699
C820,C699
C880,C699
C463,C699
C810,C700
C837,C700
C150,C700
C463,C700
C820,C700
C880,C700
C37,C700
C880,C701
C820,C701
C150,C701
C463,C701
C810,C701
C837,C701
C37,C701
C463,C709
C37,C709
C837,C709
C810,C709
C150,C709
C820,C709
C880,C709
C810,C710
C37,C710
C820,C710
C463,C710
C837,C710
C880,C710
C150,C710
C820,C711
C837,C711
C150,C711
C37,C711
C463,C711
C810,C711
C880,C711
C37,C712
C810,C712
C820,C712
C880,C712
C150,C712
C837,C712
C463,C712
C837,C713
C810,C713
C463,C713
C820,C713
C37,C713
C150,C713
C880,C713
C150,C714
C820,C714
C880,C714
C37,C714
C463,C714
C837,C714
C810,C714
C820,C715
C837,C715
C150,C715
C880,C715
C810,C715
C37,C715
C463,C715
C810,C716
C820,C716
C837,C716
C37,C716
C463,C716
C150,C716
C880,C716
C150,C717
C820,C717
C810,C717
C837,C717
C463,C717
C37,C717
C880,C717
C810,C718
C463,C718
C820,C718
C37,C718
C880,C718
C837,C718
C150,C718
C150,C719
C810,C719
C880,C719
C837,C719
C37,C719
C463,C719
C820,C719
C150,C720
C880,C720
C820,C720
C463,C720
C810,C720
C837,C720
C37,C720
C37,C721
C150,C721
C837,C721
C820,C721
C810,C721
C880,C721
C463,C721
C810,C722
C880,C722
C37,C722
C837,C722
C463,C722
C150,C722
C820,C722
C150,C723
C810,C723
C37,C723
C880,C723
C820,C723
C463,C723
C837,C723
C820,C724
C837,C724
C37,C724
C810,C724
C880,C724
C463,C724
C150,C724
C810,C725
C820,C725
C463,C725
C150,C725
C880,C725
C837,C725
C37,C725
C150,C728
C820,C728
C37,C728
C463,C728
C880,C728
C810,C728
C837,C728
C880,C729
C463,C729
C37,C729
C150,C729
C810,C729
C820,C729
C837,C729
C810,C73
C150,C73
C820,C73
C880,C73
C463,C73
C837,C73
C37,C73
C37,C740
C150,C740
C880,C740
C820,C740
C837,C740
C810,C740
C463,C740
C880,C741
C837,C741
C810,C741
C820,C741
C463,C741
C150,C741
C37,C741
C810,C749
C37,C749
C463,C749
C150,C749
C837,C749
C880,C749
C820,C749
C150,C750
C463,C750
C880,C750
C837,C750
C37,C750
C820,C750
C810,C750
C463,C751
C37,C751
C880,C751
C150,C751
C820,C751
C837,C751
C810,C751
C150,C752
C837,C752
C37,C752
C463,C752
C820,C752
C810,C752
C880,C752
C150,C753
C880,C753
C463,C753
C820,C753
C37,C753
C810,C753
C837,C753
C463,C754
C150,C754
C837,C754
C880,C754
C810,C754
C820,C754
C37,C754
C810,C755
C150,C755
C880,C755
C463,C755
C37,C755
C820,C755
C837,C755
C810,C758
C880,C758
C837,C758
C820,C758
C463,C758
C150,C758
C37,C758
C37,C759
C150,C759
C837,C759
C810,C759
C880,C759
C820,C759
C463,C759
C837,C760
C810,C760
C150,C760
C37,C760
C820,C760
C463,C760
C880,C760
C463,C761
C837,C761
C810,C761
C880,C761
C820,C761
C150,C761
C37,C761
C810,C762
C150,C762
C820,C762
C37,C762
C463,C762
C880,C762
C837,C762
C810,C763
C837,C763
C463,C763
C880,C763
C820,C763
C37,C763
C150,C763
C880,C764
C810,C764
C820,C764
C463,C764
C37,C764
C837,C764
C150,C764
C150,C765
C837,C765
C463,C765
C880,C765
C810,C765
C820,C765
C37,C765
C463,C767
C820,C767
C150,C767
C837,C767
C880,C767
C37,C767
C810,C767
C37,C768
C820,C768
C837,C768
C150,C768
C463,C768
C880,C768
C810,C768
C810,C770
C150,C770
C837,C770
C820,C770
C37,C770
C463,C770
C880,C770
C463,C771
C880,C771
C810,C771
C820,C771
C837,C771
C37,C771
C150,C771
C810,C772
C837,C772
C880,C772
C37,C772
C820,C772
C463,C772
C150,C772
C37,C773
C837,C773
C810,C773
C150,C773
C463,C773
C820,C773
C880,C773
C37,C774
C880,C774
C150,C774
C820,C774
C837,C774
C810,C774
C463,C774
C463,C775
C810,C775
C37,C775
C837,C775
C880,C775
C150,C775
C820,C775
C820,C778
C810,C778
C837,C778
C880,C778
C37,C778
C150,C778
C463,C778
C37,C779
C880,C779
C820,C779
C463,C779
C150,C779
C810,C779
C837,C779
C810,C780
C150,C780
C820,C780
C837,C780
C880,C780
C37,C780
C463,C780
C810,C781
C150,C781
C463,C781
C837,C781
C37,C781
C880,C781
C820,C781
C37,C782
C150,C782
C463,C782
C880,C782
C837,C782
C820,C782
C810,C782
C880,C783
C37,C783
C463,C783
C150,C783
C820,C783
C837,C783
C810,C783
C37,C784
C463,C784
C837,C784
C150,C784
C880,C784
C810,C784
C820,C784
C150,C785
C837,C785
C37,C785
C820,C785
C880,C785
C810,C785
C463,C785
C150,C786
C463,C786
C37,C786
C820,C786
C837,C786
C880,C786
C810,C786
C837,C787
C150,C787
C810,C787
C463,C787
C820,C787
C880,C787
C37,C787
C463,C788
C880,C788
C150,C788
C37,C788
C810,C788
C837,C788
C820,C788
C810,C790
C820,C790
C880,C790
C463,C790
C837,C790
C150,C790
C37,C790
C837,C791
C880,C791
C463,C791
C150,C791
C37,C791
C820,C791
C810,C791
C880,C792
C150,C792
C820,C792
C463,C792
C810,C792
C837,C792
C37,C792
C463,C793
C810,C793
C820,C793
C880,C793
C837,C793
C37,C793
C150,C793
C463,C794
C810,C794
C820,C794
C37,C794
C150,C794
C880,C794
C837,C794
C880,C795
C810,C795
C463,C795
C37,C795
C837,C795
C820,C795
C150,C795
C837,C796
C150,C796
C37,C796
C463,C796
C810,C796
C820,C796
C880,C796
C37,C797
C837,C797
C463,C797
C150,C797
C810,C797
C880,C797
C820,C797
C837,C798
C810,C798
C37,C798
C820,C798
C150,C798
C880,C798
C463,C798
C463,C799
C820,C799
C810,C799
C837,C799
C37,C799
C880,C799
C150,C799
C837,C80
C37,C80
C820,C80
C810,C80
C150,C80
C880,C80
C463,C80
C463,C800
C810,C800
C820,C800
C37,C800
C837,C800
C150,C800
C880,C800
C837,C809
C37,C809
C810,C809
C880,C809
C820,C809
C150,C809
C463,C809
C463,C810
B24,C810
B213,C810
B219,C810
C810,C810
C820,C810
C150,C810
C37,C810
C837,C810
C880,C810
C820,C811
C150,C811
C880,C811
C837,C811
C463,C811
C37,C811
B213,C811
C810,C811
B219,C811
B24,C811
C820,C812
C810,C812
C463,C812
C150,C812
C37,C812
B24,C812
C880,C812
B219,C812
C837,C812
B213,C812
B219,C813
C820,C813
B213,C813
B24,C813
C880,C813
C150,C813
C810,C813
C37,C813
C463,C813
C837,C813
C837,C814
B213,C814
C150,C814
B219,C814
C463,C814
B24,C814
C820,C814
C810,C814
C880,C814
C37,C814
C820,C817
B24,C817
C837,C817
C810,C817
C880,C817
C463,C817
B219,C817
C150,C817
B213,C817
C37,C817
C463,C819
B213,C819
C150,C819
B219,C819
C810,C819
C837,C819
B24,C819
C880,C819
C37,C819
C820,C819
B212,C820
C150,C820
C880,C820
B219,C820
B24,C820
C820,C820
C810,C820
C837,C820
C37,C820
C463,C820
B219,C821
B24,C821
B212,C821
C463,C821
C810,C821
C150,C821
C820,C821
C837,C821
C37,C821
C880,C821
C837,C822
C820,C822
B24,C822
B212,C822
B219,C822
C463,C822
C880,C822
C150,C822
C37,C822
C810,C822
C837,C823
C150,C823
C37,C823
B219,C823
C820,C823
B24,C823
B212,C823
C810,C823
C463,C823
C880,C823
C880,C824
C810,C824
C463,C824
C820,C824
B219,C824
B212,C824
C37,C824
C837,C824
C150,C824
B24,C824
C150,C825
C37,C825
B212,C825
B219,C825
B24,C825
C880,C825
C463,C825
C810,C825
C820,C825
C837,C825
C37,C826
B212,C826
C810,C826
C837,C826
C150,C826
C820,C826
B219,C826
C880,C826
B24,C826
C463,C826
C150,C827
C880,C827
B24,C827
C837,C827
C820,C827
C463,C827
C37,C827
B212,C827
C810,C827
B219,C827
C880,C829
C150,C829
B219,C829
B24,C829
C820,C829
C463,C829
C837,C829
C810,C829
C37,C829
B212,C829
C880,C830
C150,C830
C820,C830
B212,C830
C463,C830
C810,C830
C837,C830
B24,C830
B219,C830
C37,C830
C820,C831
C463,C831
B212,C831
B24,C831
C837,C831
C150,C831
B219,C831
C880,C831
C810,C831
C37,C831
B212,C832
C810,C832
C150,C832
C37,C832
C880,C832
C463,C832
C820,C832
B24,C832
C837,C832
B219,C832
B24,C833
C463,C833
C150,C833
B212,C833
C880,C833
C820,C833
C810,C833
C37,C833
C837,C833
B219,C833
C463,C834
C810,C834
C837,C834
C37,C834
C150,C834
B24,C834
C820,C834
C880,C834
B219,C834
B212,C834
C150,C835
B212,C835
C463,C835
B219,C835
C880,C835
C810,C835
C837,C835
C37,C835
C820,C835
B24,C835
B24,C836
C37,C836
C837,C836
C810,C836
B212,C836
C150,C836
C820,C836
C463,C836
C880,C836
B219,C836
B24,C837
C810,C837
C37,C837
C837,C837
B219,C837
C820,C837
C150,C837
B211,C837
C463,C837
C880,C837
C837,C838
C37,C838
B219,C838
C880,C838
C463,C838
B24,C838
C150,C838
C820,C838
C810,C838
B212,C838
C463,C8380
C150,C8380
B219,C8380
C837,C8380
B24,C8380
C37,C8380
B212,C8380
C820,C8380
C880,C8380
C810,C8380
C837,C8381
B24,C8381
C150,C8381
C37,C8381
C810,C8381
C880,C8381
B212,C8381
B219,C8381
C463,C8381
C820,C8381
B212,C8388
C820,C8388
C150,C8388
B24,C8388
C463,C8388
C810,C8388
C880,C8388
B219,C8388
C37,C8388
C837,C8388
B219,C839
B24,C839
C820,C839
C837,C839
C810,C839
C150,C839
B212,C839
C37,C839
C463,C839
C880,C839
C150,C840
C810,C840
C820,C840
C837,C840
B212,C840
C463,C840
B219,C840
C880,C840
B24,C840
C37,C840
C820,C841
B212,C841
C880,C841
C37,C841
C463,C841
B219,C841
C150,C841
C810,C841
C837,C841
B24,C841
B212,C842
C810,C842
C463,C842
B219,C842
C820,C842
B24,C842
C37,C842
C837,C842
C150,C842
C880,C842
C463,C843
C837,C843
C37,C843
B24,C843
C820,C843
C810,C843
C880,C843
C150,C843
B212,C843
B219,C843
B212,C844
C810,C844
B219,C844
C820,C844
C463,C844
C150,C844
C837,C844
C880,C844
C37,C844
B24,C844
B212,C8440
C37,C8440
C810,C8440
C150,C8440
B219,C8440
C837,C8440
C820,C8440
C463,C8440
C880,C8440
B24,C8440
B24,C8441
B212,C8441
B219,C8441
C37,C8441
C810,C8441
C463,C8441
C880,C8441
C820,C8441
C150,C8441
C837,C8441
C37,C8442
C810,C8442
C880,C8442
C463,C8442
B212,C8442
C820,C8442
C150,C8442
C837,C8442
B24,C8442
B219,C8442
C837,C8443
B24,C8443
C463,C8443
C37,C8443
C820,C8443
C150,C8443
C810,C8443
B212,C8443
B219,C8443
C880,C8443
C880,C8448
C150,C8448
C820,C8448
C837,C8448
B219,C8448
C463,C8448
B24,C8448
C810,C8448
B212,C8448
C37,C8448
B24,C8449
C810,C8449
C37,C8449
C150,C8449
C820,C8449
C837,C8449
B219,C8449
C880,C8449
B212,C8449
C463,C8449
B24,C845
C150,C845
C820,C845
C810,C845
C37,C845
B212,C845
B219,C845
C880,C845
C463,C845
C837,C845
C810,C846
C880,C846
C463,C846
C837,C846
C150,C846
B24,C846
C37,C846
C820,C846
B219,C846
B212,C846
B212,C847
B219,C847
C880,C847
C37,C847
C837,C847
C810,C847
B24,C847
C150,C847
C820,C847
C463,C847
B219,C848
C880,C848
C150,C848
B24,C848
B212,C848
C810,C848
C820,C848
C463,C848
C37,C848
C837,C848
C880,C849
C820,C849
B24,C849
C837,C849
B219,C849
B212,C849
C150,C849
C37,C849
C463,C849
C810,C849
C37,C850
B212,C850
C837,C850
C810,C850
C880,C850
C150,C850
C820,C850
B219,C850
C463,C850
B24,C850
C820,C851
C880,C851
C463,C851
C37,C851
B212,C851
C150,C851
C810,C851
B24,C851
B219,C851
C837,C851
B24,C852
C810,C852
C37,C852
B212,C852
C837,C852
C880,C852
C463,C852
C820,C852
C150,C852
B219,C852
C820,C857
C463,C857
C810,C857
C837,C857
C37,C857
B212,C857
C880,C857
B219,C857
C150,C857
B24,C857
C37,C859
B212,C859
C837,C859
B24,C859
C150,C859
C820,C859
C463,C859
B219,C859
C880,C859
C810,C859
B212,C860
C150,C860
C463,C860
C837,C860
C37,C860
B219,C860
C810,C860
B24,C860
C880,C860
C820,C860
C463,C861
C880,C861
C810,C861
B219,C861
B24,C861
C820,C861
C150,C861
C837,C861
B212,C861
C37,C861
C810,C862
C837,C862
B219,C862
C880,C862
C820,C862
B212,C862
C37,C862
C463,C862
C150,C862
B24,C862
C837,C863
C150,C863
B212,C863
C37,C863
B219,C863
B24,C863
C880,C863
C810,C863
C463,C863
C820,C863
B212,C864
C150,C864
C463,C864
B219,C864
C820,C864
C880,C864
C810,C864
C837,C864
C37,C864
B24,C864
C150,C865
B219,C865
C37,C865
C463,C865
B212,C865
C837,C865
C810,C865
B24,C865
C820,C865
C880,C865
C37,C866
C837,C866
B212,C866
B24,C866
C150,C866
C463,C866
B219,C866
C880,C866
C820,C866
C810,C866
C463,C880
C810,C880
C837,C880
C37,C880
C150,C880
C820,C880
C880,C880
C810,C881
C37,C881
C820,C881
C150,C881
C837,C881
C880,C881
C463,C881
C150,C882
C37,C882
C837,C882
C810,C882
C820,C882
C463,C882
C880,C882
C820,C883
C880,C883
C463,C883
C150,C883
C810,C883
C37,C883
C837,C883
C463,C884
C37,C884
C820,C884
C837,C884
C150,C884
C810,C884
C880,C884
C820,C887
C463,C887
C880,C887
C150,C887
C810,C887
C37,C887
C837,C887
C810,C889
C820,C889
C37,C889
C837,C889
C463,C889
C880,C889
C150,C889
C150,C900
C37,C900
C880,C900
C810,C900
C837,C900
C820,C900
C463,C900
C463,C901
C880,C901
C37,C901
C150,C901
C837,C901
C810,C901
C820,C901
C150,C902
C810,C902
C820,C902
C880,C902
C37,C902
C463,C902
C837,C902
C820,C903
C37,C903
C880,C903
C150,C903
C837,C903
C463,C903
C810,C903
C463,C910
C880,C910
C837,C910
C150,C910
C37,C910
C810,C910
C820,C910
C37,C911
C810,C911
C820,C911
C463,C911
C880,C911
C837,C911
C150,C911
C810,C912
C880,C912
C837,C912
C463,C912
C820,C912
C150,C912
C37,C912
C37,C913
C463,C913
C837,C913
C880,C913
C150,C913
C810,C913
C820,C913
C463,C914
C810,C914
C880,C914
C820,C914
C150,C914
C37,C914
C837,C914
C880,C915
C463,C915
C37,C915
C150,C915
C837,C915
C810,C915
C820,C915
C150,C916
C837,C916
C820,C916
C463,C916
C880,C916
C37,C916
C810,C916
C837,C917
C463,C917
C880,C917
C820,C917
C37,C917
C810,C917
C150,C917
C820,C918
C880,C918
C810,C918
C150,C918
C37,C918
C463,C918
C837,C918
C810,C919
C837,C919
C150,C919
C463,C919
C880,C919
C820,C919
C37,C919
C820,C920
C880,C920
C837,C920
C463,C920
C150,C920
C37,C920
C810,C920
C37,C921
C150,C921
C880,C921
C837,C921
C810,C921
C820,C921
C463,C921
C820,C922
C810,C922
C837,C922
C463,C922
C150,C922
C880,C922
C37,C922
C810,C923
C150,C923
C463,C923
C820,C923
C880,C923
C837,C923
C37,C923
C463,C924
C37,C924
C880,C924
C150,C924
C837,C924
C820,C924
C810,C924
C837,C925
C37,C925
C463,C925
C820,C925
C810,C925
C150,C925
C880,C925
C820,C926
C463,C926
C810,C926
C150,C926
C37,C926
C880,C926
C837,C926
C463,C927
C820,C927
C150,C927
C810,C927
C880,C927
C37,C927
C837,C927
C820,C928
C150,C928
C837,C928
C810,C928
C880,C928
C463,C928
C37,C928
C880,C929
C37,C929
C837,C929
C150,C929
C820,C929
C810,C929
C463,C929
C150,C930
C837,C930
C463,C930
C820,C930
C880,C930
C810,C930
C37,C930
C880,C931
C837,C931
C463,C931
C820,C931
C810,C931
C150,C931
C37,C931
C820,C932
C37,C932
C150,C932
C837,C932
C463,C932
C810,C932
C880,C932
C880,C933
C150,C933
C820,C933
C837,C933
C810,C933
C463,C933
C37,C933
C880,C937
C810,C937
C820,C937
C837,C937
C463,C937
C150,C937
C37,C937
C837,C939
C463,C939
C820,C939
C810,C939
C150,C939
C880,C939
C37,C939
C837,C940
C37,C940
C463,C940
C150,C940
C810,C940
C820,C940
C880,C940
C820,C941
C810,C941
C150,C941
C837,C941
C880,C941
C463,C941
C37,C941
C463,C942
C837,C942
C820,C942
C880,C942
C37,C942
C150,C942
C810,C942
C150,C943
C820,C943
C837,C943
C463,C943
C880,C943
C37,C943
C810,C943
C810,C944
C463,C944
C880,C944
C37,C944
C820,C944
C150,C944
C837,C944
C37,C945
C810,C945
C820,C945
C150,C945
C463,C945
C880,C945
C837,C945
C810,C946
C880,C946
C820,C946
C37,C946
C463,C946
C837,C946
C150,C946
C880,C947
C820,C947
C150,C947
C463,C947
C810,C947
C837,C947
C37,C947
C37,C950
C880,C950
C463,C950
C810,C950
C837,C950
C150,C950
C820,C950
C837,C951
C880,C951
C463,C951
C150,C951
C820,C951
C810,C951
C37,C951
C810,C952
C837,C952
C150,C952
C463,C952
C820,C952
C37,C952
C880,C952
C150,C957
C837,C957
C37,C957
C463,C957
C810,C957
C820,C957
C880,C957
C463,C959
C837,C959
C37,C959
C150,C959
C880,C959
C820,C959
C810,C959
C810,C960
C820,C960
C37,C960
C837,C960
C880,C960
C150,C960
C463,C960
C810,C961
C463,C961
C880,C961
C837,C961
C150,C961
C820,C961
C37,C961
C37,C962
C150,C962
C810,C962
C880,C962
C820,C962
C837,C962
C463,C962
C37,C963
C820,C963
C837,C963
C880,C963
C810,C963
C463,C963
C150,C963
C880,C964
C837,C964
C810,C964
C37,C964
C820,C964
C463,C964
C150,C964
C880,C965
C810,C965
C150,C965
C37,C965
C820,C965
C965,C965
C463,C965
C837,C965
C37,C966
C463,C966
C837,C966
C880,C966
C810,C966
C150,C966
C820,C966
C966,C966
C150,C967
C837,C967
C820,C967
C810,C967
C880,C967
C37,C967
C463,C967
C837,C968
C150,C968
C820,C968
C880,C968
C37,C968
C810,C968
C463,C968
C820,C969
C37,C969
C880,C969
C150,C969
C463,C969
C837,C969
C810,C969
C880,C97
C463,C97
C810,C97
C37,C97
C150,C97
C837,C97
C820,C97
C820,D000
C150,D000
C37,D000
C810,D000
C837,D000
C880,D000
C463,D000
C150,D001
C820,D001
C880,D001
C37,D001
C837,D001
C463,D001
C810,D001
C837,D002
C810,D002
C37,D002
C820,D002
C880,D002
C463,D002
C150,D002
C880,D010
C820,D010
C150,D010
C37,D010
C837,D010
C463,D010
C810,D010
C463,D011
C820,D011
C810,D011
C837,D011
C37,D011
C150,D011
C880,D011
C150,D012
C810,D012
C820,D012
C37,D012
C463,D012
C837,D012
C880,D012
C810,D013
C880,D013
C837,D013
C820,D013
C463,D013
C150,D013
C37,D013
C37,D014
C837,D014
C820,D014
C810,D014
C150,D014
C880,D014
C463,D014
C150,D015
C810,D015
C837,D015
C37,D015
C463,D015
C820,D015
C880,D015
C150,D017
C37,D017
C810,D017
C820,D017
C837,D017
C880,D017
C463,D017
C837,D019
C463,D019
C880,D019
C820,D019
C150,D019
C37,D019
C810,D019
C837,D020
C810,D020
C150,D020
C463,D020
C880,D020
C37,D020
C820,D020
C150,D021
C880,D021
C810,D021
C837,D021
C463,D021
C37,D021
C820,D021
C810,D022
C37,D022
C837,D022
C880,D022
C150,D022
C820,D022
C463,D022
C37,D023
C837,D023
C820,D023
C463,D023
C880,D023
C150,D023
C810,D023
C463,D024
C150,D024
C880,D024
C837,D024
C37,D024
C810,D024
C820,D024
C820,D030
C837,D030
C150,D030
C880,D030
C810,D030
C37,D030
C463,D030
C810,D031
C463,D031
C820,D031
C880,D031
C837,D031
C150,D031
C37,D031
C880,D032
C837,D032
C37,D032
C463,D032
C810,D032
C150,D032
C820,D032
C880,D033
C37,D033
C820,D033
C837,D033
C810,D033
C150,D033
C463,D033
C150,D0330
C820,D0330
C837,D0330
C810,D0330
C880,D0330
C463,D0330
C37,D0330
C810,D0338
C837,D0338
C880,D0338
C37,D0338
C820,D0338
C463,D0338
C150,D0338
C463,D0339
C820,D0339
C880,D0339
C837,D0339
C810,D0339
C37,D0339
C150,D0339
C880,D034
C150,D034
C820,D034
C463,D034
C810,D034
C37,D034
C837,D034
C150,D035
C810,D035
C880,D035
C837,D035
C820,D035
C37,D035
C463,D035
C463,D036
C880,D036
C820,D036
C150,D036
C810,D036
C37,D036
C837,D036
C837,D037
C150,D037
C810,D037
C820,D037
C37,D037
C880,D037
C463,D037
C820,D038
C463,D038
C150,D038
C880,D038
C810,D038
C837,D038
C37,D038
C810,D039
C837,D039
C37,D039
C150,D039
C820,D039
C880,D039
C463,D039
C150,D040
C837,D040
C463,D040
C820,D040
C37,D040
C880,D040
C810,D040
C820,D041
C837,D041
C463,D041
C810,D041
C150,D041
C37,D041
C880,D041
C37,D042
C880,D042
C820,D042
C463,D042
C810,D042
C837,D042
C150,D042
C880,D043
C810,D043
C837,D043
C37,D043
C150,D043
C463,D043
C820,D043
C837,D044
C810,D044
C37,D044
C820,D044
C880,D044
C463,D044
C150,D044
C837,D045
C463,D045
C150,D045
C37,D045
C820,D045
C880,D045
C810,D045
C880,D046
C150,D046
C463,D046
C820,D046
C837,D046
C810,D046
C37,D046
C880,D047
C37,D047
C820,D047
C150,D047
C463,D047
C837,D047
C810,D047
C810,D048
C820,D048
C837,D048
C463,D048
C37,D048
C150,D048
C880,D048
C820,D049
C837,D049
C37,D049
C810,D049
C463,D049
C880,D049
C150,D049
C150,D050
C837,D050
C880,D050
C810,D050
C37,D050
C463,D050
C820,D050
C150,D051
C463,D051
C37,D051
C810,D051
C820,D051
C837,D051
C880,D051
C820,D057
C880,D057
C810,D057
C37,D057
C463,D057
C837,D057
C150,D057
C150,D059
C880,D059
C37,D059
C820,D059
C810,D059
C463,D059
C837,D059
C37,D060
C820,D060
C150,D060
C463,D060
C837,D060
C810,D060
C880,D060
C880,D061
C463,D061
C150,D061
C820,D061
C810,D061
C837,D061
C37,D061
C150,D067
C837,D067
C37,D067
C463,D067
C810,D067
C880,D067
C820,D067
C880,D069
C150,D069
C837,D069
C37,D069
C463,D069
C810,D069
C820,D069
C463,D070
C837,D070
C150,D070
C810,D070
C37,D070
C820,D070
C880,D070
C37,D071
C820,D071
C150,D071
C837,D071
C880,D071
C463,D071
C810,D071
C837,D072
C810,D072
C463,D072
C880,D072
C37,D072
C820,D072
C150,D072
C837,D073
C880,D073
C820,D073
C37,D073
C463,D073
C150,D073
C810,D073
C810,D074
C820,D074
C837,D074
C463,D074
C37,D074
C150,D074
C880,D074
C810,D075
C820,D075
C463,D075
C150,D075
C837,D075
C37,D075
C880,D075
C837,D076
C37,D076
C820,D076
C810,D076
C880,D076
C150,D076
C463,D076
C150,D090
C880,D090
C37,D090
C810,D090
C463,D090
C820,D090
C837,D090
C837,D091
C463,D091
C37,D091
C150,D091
C820,D091
C880,D091
C810,D091
C150,D092
C837,D092
C820,D092
C37,D092
C880,D092
C810,D092
C463,D092
C463,D093
C837,D093
C880,D093
C820,D093
C810,D093
C150,D093
C37,D093
C810,D097
C150,D097
C820,D097
C463,D097
C37,D097
C837,D097
C880,D097
C150,D099
C880,D099
C810,D099
C37,D099
C463,D099
C837,D099
C820,D099
D448,D448
C463,D475
C810,D475
C150,D475
C37,D475
C820,D475
C837,D475
C880,D475
C837,D487
C820,D487
C810,D487
C463,D487
C150,D487
C463,D489
C810,D489
C820,D489
C150,D489
C837,D489
D569,D500
D500,D500
D638,D500
D570,D500
E611,D500
E617,D500
D500,D501
E611,D501
D638,D501
E617,D501
D569,D501
D570,D501
D569,D508
D570,D508
D638,D508
E611,D508
E617,D508
E610,D508
D500,D508
D569,D509
E610,D509
E617,D509
D500,D509
E611,D509
D570,D509
D638,D509
E538,D510
D638,D510
D500,D510
D569,D510
D570,D510
D569,D511
E538,D511
D638,D511
D570,D511
D500,D511
D500,D512
E538,D512
D570,D512
D569,D512
D638,D512
D500,D513
D638,D513
E538,D513
D569,D513
D570,D513
D570,D518
D569,D518
D500,D518
D638,D518
E538,D518
D569,D519
D570,D519
D500,D519
E538,D519
D638,D519
D638,D520
E617,D520
D500,D520
D569,D520
D570,D520
D638,D521
D570,D521
E617,D521
D500,D521
D569,D521
D570,D528
D638,D528
D500,D528
D569,D528
E617,D528
D500,D529
E617,D529
D569,D529
D638,D529
D570,D529
D500,D530
D570,D530
D569,D530
D638,D530
E538,D531
D500,D531
D638,D531
D569,D531
D570,D531
D569,D532
D638,D532
D500,D532
E538,D532
D570,D532
D638,D538
E617,D538
D500,D538
E538,D538
D569,D538
D570,D538
E617,D539
E538,D539
D638,D539
D500,D539
D570,D539
D569,D539
D500,D550
D570,D550
D569,D550
D638,D550
D638,D551
D500,D551
D569,D551
D570,D551
D500,D552
D570,D552
D638,D552
D569,D552
D638,D553
D569,D553
D500,D553
D570,D553
D638,D558
D569,D558
D500,D558
D570,D558
D569,D559
D500,D559
D638,D559
D570,D559
D569,D560
D638,D560
D570,D560
D500,D560
D570,D561
D569,D561
D500,D561
D638,D561
D638,D562
D500,D562
D570,D562
D569,D562
D570,D563
D500,D563
D569,D563
D638,D563
D570,D564
E617,D564
D569,D564
E611,D564
D638,D564
D500,D564
D500,D568
D569,D568
D570,D568
D638,D568
D500,D569
D569,D569
D570,D569
D638,D569
D569,D570
D500,D570
D570,D570
D638,D570
D570,D571
D500,D571
D638,D571
D569,D571
D570,D572
D569,D572
D500,D572
D638,D572
D638,D573
D500,D573
D570,D573
D569,D573
D638,D578
D569,D578
D500,D578
D570,D578
D500,D580
D570,D580
D638,D580
D569,D580
D500,D581
D569,D581
D638,D581
D570,D581
D570,D582
D500,D582
D638,D582
D569,D582
D500,D588
D569,D588
D570,D588
D638,D588
D569,D589
D638,D589
D500,D589
D570,D589
D570,D590
D638,D590
D569,D590
D500,D590
D638,D591
D569,D591
D500,D591
D570,D591
D570,D592
D569,D592
D500,D592
D638,D592
D500,D593
D569,D593
D638,D593
D570,D593
D570,D594
D500,D594
D569,D594
D638,D594
D500,D5940
D569,D5940
D638,D5940
D570,D5940
D500,D5941
D638,D5941
D570,D5941
D569,D5941
D570,D5942
D500,D5942
D569,D5942
D638,D5942
D638,D5943
D570,D5943
D569,D5943
D500,D5943
D638,D5948
D569,D5948
D500,D5948
D570,D5948
D570,D595
D569,D595
D500,D595
E617,D595
E611,D595
D638,D595
D570,D596
D569,D596
D500,D596
D638,D596
D638,D598
D500,D598
D569,D598
D570,D598
D570,D599
D638,D599
D500,D599
D569,D599
D570,D600
D569,D600
D638,D600
D500,D600
D569,D601
D638,D601
D570,D601
D500,D601
D570,D608
D500,D608
D569,D608
D638,D608
D638,D609
D569,D609
D570,D609
D500,D609
D500,D610
D569,D610
D638,D610
D570,D610
D638,D611
D570,D611
D500,D611
D569,D611
D500,D612
D570,D612
D638,D612
D569,D612
D638,D613
D570,D613
D500,D613
D569,D613
D570,D618
D638,D618
E617,D618
E611,D618
D500,D618
D569,D618
D570,D619
D638,D619
D569,D619
D500,D619
D569,D62
D638,D62
D570,D62
D500,D62
D638,D630
D570,D630
D569,D630
D500,D630
D638,D631
D570,D631
E611,D631
E617,D631
D569,D631
D500,D631
D569,D638
D638,D638
D500,D638
D570,D638
D500,D640
D570,D640
D638,D640
D569,D640
E617,D641
D570,D641
D500,D641
D638,D641
E611,D641
D569,D641
D500,D642
D570,D642
D638,D642
D569,D642
D569,D643
D638,D643
D500,D643
D570,D643
D570,D644
D569,D644
D500,D644
D638,D644
D569,D648
D500,D648
D638,D648
D570,D648
D569,D649
D638,D649
D500,D649
D570,D649
D66,D65
D65,D65
D690,D65
D65,D66
D66,D66
D690,D66
D65,D67
D690,D67
D66,D67
D65,D680
D690,D680
D66,D680
D690,D681
D65,D681
D66,D681
D66,D682
D65,D682
D690,D682
D690,D683
D65,D683
D66,D683
D690,D684
D65,D684
D66,D684
D65,D686
D690,D686
D66,D686
D690,D688
D66,D688
D65,D688
D690,D6880
D65,D6880
D66,D6880
D690,D6881
D66,D6881
D65,D6881
D66,D6888
D65,D6888
D690,D6888
D690,D689
D66,D689
D65,D689
D66,D690
D65,D690
D690,D690
D690,D691
D66,D691
D65,D691
D66,D692
D690,D692
D65,D692
D690,D693
D65,D693
D66,D693
D66,D694
D65,D694
D690,D694
D66,D695
D690,D695
D65,D695
D65,D696
D66,D696
D690,D696
D690,D698
D66,D698
D65,D698
D66,D699
D65,D699
D690,D699
D70,D70
D70,D71
D70,D720
D70,D721
D70,D728
D70,D729
D569,D758
D570,D758
D500,D758
D70,D758
D690,D758
D66,D758
D65,D758
D638,D758
D570,D759
D65,D759
D638,D759
D66,D759
D569,D759
D690,D759
D70,D759
D500,D759
D800,D800
D810,D800
D810,D801
D800,D801
D810,D802
D800,D802
D800,D803
D810,D803
D800,D804
D810,D804
D800,D805
D810,D805
D800,D806
D810,D806
D810,D807
D800,D807
D800,D808
D810,D808
D800,D809
D810,D809
D810,D810
D800,D810
D810,D811
D800,D811
D800,D812
D810,D812
D810,D813
D800,D813
D800,D814
D810,D814
D810,D815
D800,D815
D810,D816
D800,D816
D810,D817
D800,D817
D810,D818
D800,D818
D810,D819
D800,D819
D810,D820
D800,D820
D810,D821
D800,D821
D810,D822
D800,D822
D800,D823
D810,D823
D800,D824
D810,D824
D800,D828
D810,D828
D800,D829
D810,D829
D810,D830
D800,D830
D810,D831
D800,D831
D800,D832
D810,D832
D810,D838
D800,D838
D810,D839
D800,D839
D800,D840
D810,D840
D800,D841
D810,D841
D800,D848
D810,D848
D810,D849
D800,D849
D868,D860
D860,D860
D869,D860
D868,D861
D860,D861
D869,D861
D868,D862
D869,D862
D860,D862
D869,D863
D868,D863
D860,D863
K770,D868
D868,D868
D860,D868
M633,D868
I418,D868
D869,D868
D860,D869
D869,D869
D868,D869
C880,D890
C880,D891
J998,D891
D810,D898
D800,D898
D800,D899
D810,D899
E050,E000
D448,E000
E059,E000
E310,E000
E035,E000
E310,E001
E035,E001
D448,E001
E050,E001
E059,E001
D448,E002
E035,E002
E059,E002
E050,E002
E310,E002
E310,E009
E035,E009
E050,E009
D448,E009
E059,E009
E059,E010
E310,E010
E050,E010
D448,E010
E310,E011
E059,E011
D448,E011
E050,E011
E310,E012
E059,E012
D448,E012
E050,E012
E059,E018
D448,E018
E035,E018
E310,E018
E050,E018
E035,E02
E050,E02
D448,E02
E310,E02
E059,E02
E059,E030
D448,E030
E035,E030
E050,E030
E310,E030
E035,E031
E050,E031
E059,E031
E310,E031
D448,E031
E050,E032
E310,E032
E035,E032
E059,E032
D448,E032
E310,E033
D448,E033
E059,E033
E050,E033
E035,E033
E310,E034
E050,E034
E035,E034
D448,E034
E059,E034
E050,E035
D448,E035
E035,E035
E310,E035
E059,E035
E059,E036
E050,E036
E035,E036
D448,E036
E310,E036
E310,E038
E035,E038
D448,E038
E050,E038
E059,E038
D448,E039
E050,E039
E310,E039
E035,E039
D638,E039
E059,E039
E310,E040
E059,E040
E050,E040
D448,E040
D448,E041
E050,E041
E310,E041
E059,E041
E310,E042
D448,E042
E059,E042
E050,E042
E059,E048
E050,E048
D448,E048
E310,E048
E310,E049
E059,E049
D448,E049
E050,E049
D448,E050
E059,E050
E050,E050
E310,E050
G730,E050
E059,E051
D448,E051
E310,E051
G730,E051
E050,E051
E310,E052
G730,E052
D448,E052
E050,E052
E059,E052
E310,E053
G730,E053
E050,E053
D448,E053
E059,E053
D448,E054
G730,E054
E059,E054
E050,E054
E310,E054
E059,E055
E310,E055
D448,E055
E050,E055
G730,E055
D448,E058
E059,E058
G730,E058
E310,E058
E050,E058
G730,E059
D448,E059
E050,E059
E059,E059
E310,E059
E310,E060
D448,E060
E059,E060
E050,E060
E310,E061
E059,E061
D448,E061
E050,E061
E059,E062
D448,E062
E050,E062
E310,E062
D448,E063
E050,E063
E310,E063
E059,E063
E059,E064
E310,E064
D448,E064
E050,E064
D448,E065
E059,E065
E050,E065
E310,E065
D448,E066
E059,E066
E050,E066
E310,E066
E059,E069
E050,E069
E310,E069
D448,E069
E059,E070
D448,E070
E050,E070
E310,E070
E050,E071
E310,E071
E059,E071
D448,E071
E310,E072
E050,E072
E059,E072
D448,E072
E050,E073
E310,E073
D448,E073
E059,E073
E310,E078
D448,E078
E050,E078
E059,E078
D448,E079
E310,E079
E059,E079
E050,E079
E106,E100
E105,E100
D448,E100
E100,E100
R402,E100
E146,E100
E310,E100
E310,E101
E105,E101
D448,E101
E106,E101
E100,E101
R402,E101
E146,E101
R402,E102
E105,E102
E146,E102
E100,E102
E310,E102
E106,E102
D448,E102
E146,E103
E100,E103
E105,E103
E106,E103
E310,E103
D448,E103
R402,E103
E100,E104
E146,E104
E105,E104
E106,E104
D448,E104
E310,E104
R402,E104
E146,E105
I633,E105
G464,E105
E100,E105
I682,E105
I743,E105
E105,E105
I674,E105
I823,E105
I800,E105
I636,E105
E310,E105
I660,E105
I710,E105
I740,E105
I744,E105
I820,E105
I681,E105
I64,E105
M300,E105
I677,E105
R402,E105
I630,E105
E106,E105
D448,E105
I745,E105
M300,E106
G736,E106
I636,E106
N170,E106
G060,E106
E105,E106
I64,E106
G050,E106
G700,E106
N003,E106
I633,E106
I744,E106
G061,E106
E146,E106
I743,E106
I820,E106
G911,E106
G710,E106
I823,E106
E310,E106
G120,E106
G800,E106
D448,E106
G000,E106
I674,E106
G058,E106
I660,E106
E100,E106
G410,E106
G464,E106
E106,E106
I745,E106
N178,E106
I681,E106
G940,E106
I740,E106
I800,E106
I630,E106
G730,E106
R402,E106
G062,E106
I682,E106
I677,E106
I710,E106
G960,E106
G931,E106
G35,E106
N188,E106
G911,E107
E105,E107
I633,E107
N178,E107
E310,E107
G960,E107
G058,E107
G730,E107
G800,E107
E100,E107
G060,E107
G710,E107
I677,E107
G050,E107
I682,E107
M300,E107
I744,E107
G410,E107
I660,E107
G940,E107
G464,E107
I630,E107
G120,E107
G700,E107
G35,E107
I800,E107
G931,E107
I740,E107
I823,E107
I820,E107
I674,E107
E146,E107
D448,E107
I681,E107
N170,E107
R402,E107
I710,E107
G736,E107
G000,E107
E106,E107
I64,E107
N003,E107
N188,E107
I745,E107
G062,E107
I743,E107
I636,E107
G061,E107
G800,E108
D448,E108
N003,E108
I740,E108
G061,E108
E105,E108
I660,E108
G911,E108
I677,E108
I820,E108
G058,E108
G062,E108
I64,E108
G060,E108
G931,E108
G940,E108
G464,E108
I743,E108
N178,E108
I674,E108
E100,E108
I744,E108
G710,E108
N188,E108
I745,E108
G700,E108
I682,E108
G35,E108
E310,E108
I823,E108
G000,E108
M300,E108
I636,E108
G730,E108
N170,E108
I681,E108
I710,E108
R402,E108
G120,E108
G410,E108
E146,E108
I800,E108
G960,E108
G736,E108
E106,E108
I633,E108
G050,E108
I630,E108
G050,E109
E100,E109
G060,E109
I636,E109
D448,E109
G062,E109
G35,E109
I674,E109
I677,E109
G730,E109
I820,E109
I630,E109
G410,E109
G058,E109
G736,E109
I800,E109
I744,E109
G464,E109
I64,E109
I823,E109
E146,E109
G800,E109
E106,E109
I710,E109
I740,E109
I743,E109
G940,E109
G911,E109
E310,E109
I745,E109
G960,E109
G120,E109
I633,E109
I681,E109
G710,E109
G061,E109
G700,E109
I682,E109
E105,E109
R402,E109
G931,E109
G000,E109
E310,E110
E100,E110
E106,E110
E146,E110
D448,E110
R402,E110
E105,E110
E106,E111
E310,E111
E100,E111
D448,E111
E105,E111
R402,E111
E146,E111
E105,E112
R402,E112
E100,E112
D448,E112
E310,E112
E106,E112
E146,E112
E105,E113
R402,E113
E106,E113
E146,E113
E100,E113
D448,E113
E310,E113
E100,E114
D448,E114
E146,E114
E106,E114
E310,E114
R402,E114
E105,E114
G464,E115
I682,E115
I744,E115
I674,E115
I64,E115
E100,E115
E105,E115
E310,E115
I820,E115
D448,E115
E106,E115
I660,E115
I681,E115
I745,E115
I740,E115
I743,E115
R402,E115
I633,E115
E146,E115
I823,E115
M300,E115
I677,E115
I636,E115
I800,E115
I710,E115
I630,E115
I660,E116
I636,E116
G710,E116
G061,E116
G464,E116
N003,E116
G062,E116
G730,E116
G931,E116
M300,E116
I740,E116
I630,E116
G35,E116
I743,E116
I710,E116
D448,E116
E310,E116
N178,E116
I820,E116
I674,E116
G120,E116
E100,E116
G960,E116
I823,E116
I633,E116
I64,E116
I677,E116
I745,E116
G410,E116
I744,E116
G911,E116
G058,E116
I682,E116
R402,E116
G940,E116
G050,E116
E105,E116
I681,E116
N188,E116
N170,E116
G000,E116
E106,E116
G800,E116
G700,E116
G060,E116
I800,E116
E146,E116
G736,E116
G911,E117
G061,E117
N170,E117
D448,E117
G050,E117
G710,E117
I64,E117
N188,E117
G736,E117
I674,E117
G120,E117
N003,E117
I660,E117
E100,E117
I744,E117
E146,E117
G931,E117
G060,E117
G062,E117
I800,E117
G960,E117
E310,E117
I740,E117
G35,E117
G700,E117
G730,E117
I636,E117
I743,E117
I630,E117
I710,E117
G940,E117
I745,E117
I823,E117
R402,E117
I677,E117
G000,E117
I820,E117
I681,E117
I682,E117
E105,E117
M300,E117
G058,E117
N178,E117
G464,E117
G410,E117
I633,E117
G800,E117
E106,E117
G050,E118
M300,E118
G000,E118
N170,E118
I682,E118
E106,E118
E105,E118
E310,E118
I636,E118
E146,E118
E100,E118
G940,E118
G931,E118
N003,E118
G911,E118
G800,E118
G058,E118
G061,E118
G410,E118
G960,E118
G736,E118
I745,E118
I743,E118
I677,E118
I800,E118
I633,E118
I630,E118
N178,E118
G120,E118
G710,E118
I820,E118
I744,E118
I64,E118
I674,E118
G062,E118
D448,E118
G35,E118
N188,E118
I710,E118
G730,E118
I681,E118
G700,E118
R402,E118
G060,E118
I740,E118
G464,E118
I660,E118
I823,E118
I745,E119
G35,E119
G060,E119
G000,E119
G050,E119
I660,E119
I633,E119
G410,E119
E310,E119
G800,E119
I710,E119
I64,E119
I636,E119
E100,E119
I744,E119
I682,E119
G700,E119
I823,E119
I800,E119
G061,E119
G730,E119
E146,E119
G911,E119
E105,E119
D448,E119
G710,E119
G120,E119
I681,E119
G940,E119
I740,E119
I674,E119
I820,E119
G736,E119
I743,E119
G960,E119
R402,E119
G062,E119
I630,E119
E106,E119
G931,E119
G464,E119
G058,E119
I677,E119
E310,E120
R402,E120
E106,E120
D448,E120
E146,E120
E105,E120
E100,E120
E310,E121
E100,E121
R402,E121
E105,E121
E106,E121
D448,E121
E146,E121
E100,E122
E146,E122
E105,E122
E106,E122
E310,E122
D448,E122
R402,E122
E146,E123
E100,E123
E310,E123
E106,E123
E105,E123
R402,E123
D448,E123
E310,E124
D448,E124
E100,E124
E105,E124
E146,E124
R402,E124
E106,E124
I743,E125
I744,E125
I800,E125
E106,E125
D448,E125
R402,E125
E100,E125
I823,E125
I681,E125
I630,E125
E310,E125
I820,E125
I710,E125
I674,E125
I633,E125
I64,E125
I740,E125
M300,E125
I660,E125
I636,E125
E146,E125
I677,E125
E105,E125
I745,E125
I682,E125
G464,E125
G700,E126
I740,E126
G120,E126
G710,E126
I745,E126
N003,E126
I710,E126
I823,E126
E100,E126
G736,E126
G050,E126
E106,E126
I674,E126
G931,E126
G800,E126
G464,E126
I677,E126
G940,E126
I633,E126
G060,E126
N188,E126
E310,E126
G730,E126
I64,E126
G058,E126
I682,E126
G35,E126
I743,E126
I636,E126
I800,E126
G061,E126
E146,E126
I660,E126
D448,E126
G960,E126
I630,E126
I820,E126
M300,E126
G410,E126
N178,E126
N170,E126
I681,E126
G000,E126
G911,E126
I744,E126
R402,E126
G062,E126
E105,E126
N178,E127
E105,E127
G960,E127
E106,E127
G058,E127
I800,E127
N170,E127
G911,E127
I64,E127
N188,E127
G730,E127
I630,E127
I674,E127
I710,E127
G700,E127
G464,E127
D448,E127
E310,E127
G120,E127
I681,E127
I820,E127
G800,E127
E100,E127
G410,E127
G060,E127
I677,E127
M300,E127
G35,E127
G736,E127
G940,E127
I633,E127
G061,E127
R402,E127
G000,E127
I743,E127
G062,E127
N003,E127
I636,E127
I682,E127
G931,E127
E146,E127
I660,E127
G710,E127
I740,E127
I744,E127
G050,E127
I823,E127
I745,E127
G960,E128
R402,E128
N188,E128
I633,E128
G120,E128
G35,E128
G410,E128
G700,E128
I820,E128
G000,E128
I710,E128
D448,E128
E100,E128
G911,E128
E146,E128
G940,E128
I677,E128
N003,E128
I744,E128
G062,E128
G058,E128
I823,E128
G730,E128
G736,E128
I740,E128
G464,E128
E105,E128
I674,E128
I682,E128
G931,E128
I636,E128
E310,E128
G060,E128
I800,E128
I745,E128
G710,E128
E106,E128
I660,E128
G061,E128
M300,E128
I681,E128
I630,E128
G800,E128
N178,E128
N170,E128
I743,E128
G050,E128
I64,E128
I677,E129
G700,E129
I660,E129
I740,E129
G410,E129
I800,E129
G800,E129
G730,E129
G050,E129
R402,E129
E106,E129
E105,E129
D448,E129
I681,E129
I743,E129
E100,E129
G061,E129
I682,E129
E146,E129
G736,E129
E310,E129
G060,E129
G062,E129
G000,E129
G058,E129
G464,E129
I745,E129
G960,E129
I820,E129
G120,E129
G35,E129
G931,E129
I823,E129
G911,E129
G940,E129
G710,E129
I744,E129
I674,E129
I636,E129
I710,E129
I633,E129
I64,E129
I630,E129
E100,E130
E106,E130
D448,E130
R402,E130
E310,E130
E105,E130
E146,E130
E106,E131
R402,E131
D448,E131
E105,E131
E310,E131
E100,E131
E146,E131
E105,E132
E106,E132
E146,E132
D448,E132
E310,E132
R402,E132
E100,E132
E100,E133
E310,E133
E106,E133
E146,E133
E105,E133
D448,E133
R402,E133
R402,E134
E100,E134
D448,E134
E146,E134
E106,E134
E310,E134
E105,E134
I677,E135
E100,E135
I745,E135
I710,E135
I633,E135
I636,E135
M300,E135
I743,E135
D448,E135
I823,E135
I820,E135
I681,E135
R402,E135
I630,E135
I660,E135
I744,E135
I674,E135
I682,E135
I64,E135
E105,E135
I740,E135
E146,E135
I800,E135
E106,E135
E310,E135
G464,E135
I710,E136
G060,E136
I633,E136
I682,E136
G700,E136
I823,E136
D448,E136
G058,E136
N170,E136
G800,E136
M300,E136
G35,E136
I64,E136
N003,E136
G120,E136
G911,E136
I740,E136
G050,E136
G940,E136
I630,E136
G736,E136
E106,E136
I660,E136
I674,E136
E146,E136
I744,E136
I677,E136
I820,E136
I800,E136
E100,E136
I745,E136
G710,E136
I636,E136
G000,E136
G061,E136
I681,E136
G062,E136
I743,E136
G730,E136
G931,E136
N178,E136
N188,E136
G410,E136
R402,E136
E310,E136
G960,E136
E105,E136
G464,E136
G060,E137
G410,E137
E105,E137
I823,E137
G911,E137
G730,E137
G062,E137
I630,E137
E146,E137
M300,E137
G800,E137
N003,E137
N178,E137
G700,E137
G35,E137
G931,E137
I743,E137
N170,E137
I681,E137
E100,E137
I677,E137
G710,E137
G058,E137
I744,E137
G464,E137
G940,E137
I820,E137
I710,E137
G736,E137
G061,E137
I740,E137
I636,E137
D448,E137
E310,E137
R402,E137
I682,E137
N188,E137
G000,E137
G120,E137
I633,E137
I745,E137
I64,E137
G050,E137
I674,E137
I660,E137
G960,E137
E106,E137
I800,E137
G736,E138
I682,E138
G35,E138
I636,E138
D448,E138
G050,E138
E105,E138
R402,E138
G700,E138
N178,E138
I630,E138
E100,E138
I743,E138
G931,E138
I64,E138
E146,E138
G062,E138
G464,E138
I820,E138
E310,E138
G911,E138
G410,E138
G000,E138
I800,E138
I745,E138
E106,E138
N003,E138
G730,E138
I823,E138
G061,E138
I710,E138
G060,E138
I633,E138
I740,E138
G120,E138
M300,E138
N170,E138
G940,E138
N188,E138
I681,E138
G058,E138
I674,E138
I660,E138
I677,E138
G800,E138
G960,E138
I744,E138
G710,E138
I740,E139
G410,E139
I677,E139
G060,E139
G710,E139
I745,E139
I820,E139
I743,E139
G050,E139
I800,E139
I823,E139
G058,E139
I744,E139
G062,E139
G800,E139
G931,E139
G960,E139
G911,E139
G730,E139
G000,E139
G120,E139
E310,E139
E105,E139
I660,E139
G940,E139
I633,E139
I630,E139
E100,E139
I674,E139
I681,E139
I64,E139
I682,E139
G736,E139
E106,E139
I636,E139
D448,E139
G35,E139
G464,E139
I710,E139
G061,E139
R402,E139
E146,E139
G700,E139
E310,E140
E105,E140
D448,E140
E035,E140
E100,E140
R402,E140
E146,E140
E106,E140
E310,E141
E146,E141
E105,E141
E100,E141
D448,E141
E106,E141
E035,E141
R402,E141
E105,E142
E146,E142
E100,E142
R402,E142
E310,E142
E106,E142
D448,E142
E035,E142
E146,E143
D448,E143
E035,E143
E106,E143
E100,E143
E310,E143
E105,E143
R402,E143
R402,E144
E310,E144
E100,E144
D448,E144
E035,E144
E106,E144
E105,E144
E146,E144
E146,E145
I682,E145
I674,E145
I633,E145
E035,E145
E105,E145
E100,E145
I677,E145
I820,E145
M300,E145
G464,E145
R402,E145
I800,E145
I681,E145
I630,E145
I744,E145
I64,E145
I745,E145
I660,E145
D448,E145
I740,E145
I743,E145
I823,E145
I710,E145
E310,E145
E106,E145
I636,E145
I823,E146
I677,E146
I681,E146
G940,E146
I64,E146
G700,E146
E100,E146
G000,E146
E105,E146
G062,E146
D448,E146
M300,E146
E035,E146
I674,E146
N178,E146
I710,E146
G058,E146
E106,E146
E146,E146
I745,E146
N003,E146
I743,E146
G35,E146
G800,E146
G730,E146
E310,E146
G931,E146
G911,E146
I633,E146
N170,E146
I682,E146
G060,E146
I636,E146
I744,E146
G050,E146
G736,E146
I800,E146
G710,E146
G061,E146
I660,E146
G464,E146
N188,E146
G410,E146
I820,E146
I740,E146
R402,E146
I630,E146
G120,E146
G960,E146
R402,E147
G940,E147
E100,E147
D448,E147
G000,E147
G464,E147
G050,E147
G931,E147
I740,E147
N188,E147
G061,E147
E105,E147
I710,E147
M300,E147
G060,E147
G120,E147
I682,E147
I633,E147
G35,E147
G062,E147
G710,E147
I660,E147
I630,E147
I681,E147
I636,E147
E310,E147
G730,E147
G700,E147
I744,E147
N170,E147
I823,E147
I674,E147
G410,E147
I745,E147
I743,E147
E146,E147
N003,E147
E035,E147
I677,E147
I800,E147
G960,E147
G736,E147
N178,E147
G058,E147
G800,E147
G911,E147
I820,E147
I64,E147
E106,E147
I677,E148
N178,E148
G061,E148
E035,E148
I674,E148
N188,E148
D448,E148
G736,E148
G35,E148
E146,E148
I710,E148
E100,E148
I820,E148
G940,E148
I64,E148
G058,E148
G060,E148
G911,E148
E310,E148
E106,E148
G410,E148
R402,E148
G062,E148
G800,E148
G000,E148
I682,E148
I743,E148
M300,E148
I745,E148
I660,E148
G960,E148
G710,E148
I630,E148
E105,E148
N170,E148
I823,E148
I681,E148
N003,E148
I740,E148
I636,E148
G050,E148
I800,E148
G700,E148
I633,E148
I744,E148
G730,E148
G464,E148
G120,E148
G931,E148
I745,E149
E310,E149
G058,E149
I823,E149
G730,E149
G940,E149
I674,E149
I744,E149
G931,E149
E106,E149
G960,E149
G060,E149
I630,E149
I681,E149
G000,E149
E035,E149
G710,E149
E100,E149
I64,E149
G061,E149
E146,E149
G120,E149
G800,E149
G911,E149
I677,E149
I820,E149
I660,E149
G062,E149
G464,E149
G050,E149
I743,E149
E105,E149
I800,E149
I710,E149
G736,E149
I636,E149
I633,E149
G410,E149
R402,E149
I682,E149
G35,E149
I740,E149
G700,E149
D448,E149
E100,E15
E106,E15
E035,E15
E310,E15
E105,E15
E146,E15
D448,E15
R402,E15
E105,E160
E100,E160
R402,E160
E146,E160
E310,E160
D448,E160
E106,E160
E106,E161
R402,E161
E105,E161
D448,E161
E310,E161
E100,E161
E146,E161
E310,E162
R402,E162
E106,E162
E105,E162
E146,E162
E100,E162
D448,E162
E310,E163
D448,E163
E310,E168
D448,E168
D448,E169
E310,E169
E200,E200
D448,E200
E210,E200
E211,E200
E213,E200
E310,E200
D448,E201
E200,E201
E211,E201
E213,E201
E210,E201
E310,E201
E213,E208
E211,E208
E310,E208
D448,E208
E210,E208
E200,E208
E200,E209
E211,E209
E310,E209
E210,E209
D448,E209
E213,E209
E211,E210
D448,E210
E200,E210
E213,E210
E310,E210
E210,E210
D448,E211
E211,E211
E200,E211
E213,E211
E310,E211
E210,E211
E213,E212
D448,E212
E200,E212
E310,E212
E210,E212
E211,E212
E210,E213
E200,E213
E213,E213
D448,E213
E310,E213
E211,E213
D448,E214
E210,E214
E211,E214
E200,E214
E213,E214
E310,E214
E211,E215
D448,E215
E210,E215
E213,E215
E200,E215
E310,E215
E230,E220
E310,E220
D448,E220
D448,E221
E230,E221
E310,E221
E232,E221
E310,E222
E230,E222
E232,E222
D448,E222
E232,E228
E230,E228
E310,E228
D448,E228
E230,E229
D448,E229
E310,E229
E232,E229
D448,E230
E310,E230
E230,E230
E232,E230
E310,E231
E232,E231
D448,E231
E230,E231
D448,E232
E310,E232
E232,E232
E230,E232
D448,E233
E310,E233
E230,E233
E232,E233
E230,E236
E232,E236
D448,E236
E310,E236
D448,E237
E232,E237
E310,E237
E230,E237
D448,E240
E249,E240
E310,E240
E240,E240
E310,E241
E249,E241
E240,E241
D448,E241
E310,E242
E240,E242
E249,E242
D448,E242
E310,E243
D448,E243
E240,E243
E249,E243
E240,E244
E310,E244
D448,E244
E249,E244
E240,E248
E310,E248
D448,E248
E249,E248
E249,E249
D448,E249
E310,E249
E240,E249
D448,E250
E310,E250
E249,E250
E240,E250
D448,E258
E240,E258
E249,E258
E310,E258
D448,E259
E240,E259
E310,E259
E249,E259
E310,E260
E240,E260
D448,E260
E249,E260
D448,E261
E240,E261
E249,E261
E310,E261
E310,E268
E240,E268
D448,E268
E249,E268
E240,E269
E310,E269
E249,E269
D448,E269
E270,E270
D448,E270
E310,E270
D448,E271
E310,E271
E270,E271
D448,E272
E310,E272
E270,E272
E270,E273
E310,E273
D448,E273
E270,E274
D448,E274
E310,E274
E310,E275
D448,E275
E270,E275
E310,E278
D448,E278
E270,E278
E270,E279
D448,E279
E310,E279
E310,E280
D448,E280
E310,E281
D448,E281
D448,E282
E310,E282
D448,E283
E310,E283
E310,E288
D448,E288
D448,E289
E310,E289
E310,E290
D448,E290
E310,E291
D448,E291
D448,E298
E310,E298
D448,E299
E310,E299
D448,E300
E310,E300
E310,E301
D448,E301
E310,E308
D448,E308
D448,E309
E310,E309
E310,E310
D448,E310
D448,E311
E310,E311
D448,E318
E310,E318
E310,E319
D448,E319
D448,E320
E310,E320
E321,E320
E310,E321
D448,E321
E321,E321
E321,E328
E310,E328
D448,E328
D448,E329
E310,E329
E321,E329
E340,E340
E310,E340
D448,E340
D448,E341
E340,E341
E310,E341
E310,E342
E340,E342
D448,E342
D448,E343
E310,E343
E310,E344
D448,E344
D448,E345
E310,E345
E232,E348
E249,E348
E100,E348
E213,E348
E340,E348
D448,E348
E321,E348
E146,E348
E106,E348
E105,E348
E050,E348
E310,E348
E230,E348
E200,E348
E240,E348
E211,E348
E059,E348
E270,E348
E210,E348
E211,E349
G730,E349
E100,E349
E050,E349
D448,E349
E059,E349
E270,E349
E200,E349
E232,E349
E249,E349
E210,E349
E105,E349
E310,E349
E106,E349
E240,E349
E213,E349
E340,E349
E230,E349
E146,E349
E321,E349
D448,E350
E310,E350
E310,E351
D448,E351
A391,E351
E310,E358
D448,E358
E40,E40
E40,E41
E40,E42
E40,E43
E40,E440
E40,E441
E40,E45
E40,E46
I432,E511
E538,E511
E538,E512
E538,E518
E538,E519
E538,E52
E538,E530
E538,E531
E538,E538
E538,E539
E617,E58
E617,E59
E617,E60
E617,E610
E610,E610
E611,E611
E617,E611
E617,E612
E617,E613
E617,E614
E617,E615
E617,E616
E611,E617
E617,E617
E610,E617
E610,E618
E611,E618
E617,E618
E611,E619
E617,E619
E610,E619
E617,E638
E617,E639
I432,E639
E611,E640
E40,E640
E610,E640
E617,E640
E611,E641
E617,E641
E610,E641
E611,E642
E617,E642
E610,E642
E611,E643
E617,E643
E610,E643
E610,E648
E617,E648
E611,E648
E611,E649
E617,E649
E610,E649
K770,E740
I431,E740
G736,E740
G736,E752
G736,E753
G736,E755
G736,E756
K770,E783
E617,E830
E617,E831
J998,E831
E617,E832
E617,E833
E617,E834
E617,E835
E611,E838
E617,E838
E610,E838
E611,E839
E617,E839
E610,E839
E841,E840
E840,E840
E841,E841
E840,E841
E841,E848
E840,E848
E840,E849
E841,E849
I431,E850
I431,E852
I431,E853
K770,E854
J998,E854
G736,E854
I431,E854
I431,E858
I431,E859
E870,E86
E870,E870
E870,E871
E870,E872
E870,E873
E870,E874
E870,E875
E870,E876
E870,E877
E870,E878
G736,E889
I431,E889
D448,E890
E310,E890
D448,E891
E310,E891
E105,E891
E100,E891
E106,E891
E146,E891
E211,E892
E310,E892
E210,E892
E200,E892
D448,E892
E213,E892
E310,E893
D448,E893
E310,E894
D448,E894
E310,E895
D448,E895
E240,E896
E249,E896
E270,E896
D448,E896
E310,E896
E321,E898
D448,E898
E200,E898
E100,E898
E249,E898
E105,E898
E232,E898
E059,E898
E310,E898
E240,E898
E211,E898
E106,E898
E050,E898
E270,E898
E213,E898
E146,E898
E230,E898
E210,E898
E340,E898
E240,E899
E050,E899
E211,E899
E210,E899
E059,E899
E106,E899
E270,E899
E310,E899
E200,E899
E105,E899
E146,E899
E321,E899
D448,E899
E100,E899
E340,E899
E213,E899
E230,E899
E232,E899
E249,E899
B24,F000
F058,F000
F000,F000
B220,F000
F020,F000
F04,F000
F04,F0000
F000,F0000
B24,F0000
F020,F0000
B220,F0000
F058,F0000
F058,F0001
F04,F0001
B220,F0001
F000,F0001
F020,F0001
B24,F0001
F000,F0002
B24,F0002
F058,F0002
F020,F0002
B220,F0002
F04,F0002
F04,F0003
F020,F0003
F000,F0003
F058,F0003
B24,F0003
B220,F0003
B220,F0004
F000,F0004
F020,F0004
B24,F0004
F058,F0004
F04,F0004
B24,F001
F000,F001
F04,F001
B220,F001
F020,F001
F058,F001
B220,F0010
F058,F0010
F000,F0010
B24,F0010
F04,F0010
F020,F0010
F058,F0011
B24,F0011
F000,F0011
F04,F0011
F020,F0011
B220,F0011
F04,F0012
B24,F0012
F000,F0012
F020,F0012
F058,F0012
B220,F0012
B24,F0013
B220,F0013
F058,F0013
F020,F0013
F04,F0013
F000,F0013
B24,F0014
F058,F0014
F04,F0014
F000,F0014
F020,F0014
B220,F0014
B24,F002
F04,F002
F020,F002
F000,F002
B220,F002
F000,F0020
F04,F0020
B220,F0020
B24,F0020
F020,F0020
B24,F0021
F020,F0021
F04,F0021
B220,F0021
F000,F0021
F04,F0022
F020,F0022
B220,F0022
F000,F0022
B24,F0022
B24,F0023
B220,F0023
F020,F0023
F04,F0023
F000,F0023
F04,F0024
F020,F0024
F000,F0024
B220,F0024
B24,F0024
B24,F009
F04,F009
F020,F009
B220,F009
F000,F009
B220,F0090
F04,F0090
B24,F0090
F000,F0090
F020,F0090
F04,F0091
F000,F0091
B24,F0091
F020,F0091
B220,F0091
B24,F0092
B220,F0092
F04,F0092
F000,F0092
F020,F0092
B24,F0093
F000,F0093
F020,F0093
F04,F0093
B220,F0093
B24,F0094
F000,F0094
F020,F0094
B220,F0094
F04,F0094
F000,F010
F020,F010
F010,F010
F04,F010
F000,F0100
F020,F0100
F04,F0100
F010,F0100
F04,F0101
F010,F0101
F000,F0101
F020,F0101
F04,F0102
F010,F0102
F000,F0102
F020,F0102
F000,F0103
F020,F0103
F010,F0103
F04,F0103
F020,F0104
F010,F0104
F04,F0104
F000,F0104
F000,F011
F010,F011
F020,F011
F04,F011
F04,F0110
F010,F0110
F000,F0110
F020,F0110
F04,F0111
F010,F0111
F020,F0111
F000,F0111
F000,F0112
F020,F0112
F010,F0112
F04,F0112
F000,F0113
F020,F0113
F010,F0113
F04,F0113
F04,F0114
F010,F0114
F020,F0114
F000,F0114
F000,F012
F04,F012
F010,F012
F020,F012
F04,F0120
F020,F0120
F000,F0120
F010,F0120
F000,F0121
F010,F0121
F020,F0121
F04,F0121
F000,F0122
F04,F0122
F010,F0122
F020,F0122
F010,F0123
F000,F0123
F04,F0123
F020,F0123
F000,F0124
F020,F0124
F04,F0124
F010,F0124
F000,F013
F020,F013
F04,F013
F010,F013
F04,F0130
F010,F0130
F000,F0130
F020,F0130
F010,F0131
F020,F0131
F000,F0131
F04,F0131
F04,F0132
F000,F0132
F010,F0132
F020,F0132
F000,F0133
F020,F0133
F04,F0133
F010,F0133
F000,F0134
F04,F0134
F010,F0134
F020,F0134
F04,F018
F020,F018
F000,F018
F010,F018
F020,F0180
F000,F0180
F010,F0180
F04,F0180
F04,F0181
F000,F0181
F010,F0181
F020,F0181
F020,F0182
F04,F0182
F010,F0182
F000,F0182
F020,F0183
F000,F0183
F04,F0183
F010,F0183
F020,F0184
F04,F0184
F010,F0184
F000,F0184
F020,F019
F04,F019
F000,F019
F010,F019
F04,F0190
F010,F0190
F020,F0190
F000,F0190
F010,F0191
F020,F0191
F04,F0191
F000,F0191
F010,F0192
F020,F0192
F000,F0192
F04,F0192
F000,F0193
F020,F0193
F010,F0193
F04,F0193
F010,F0194
F020,F0194
F000,F0194
F04,F0194
F000,F020
F020,F020
F04,F020
F020,F0200
F04,F0200
F000,F0200
F000,F0201
F04,F0201
F020,F0201
F000,F0202
F04,F0202
F020,F0202
F04,F0203
F000,F0203
F020,F0203
F000,F0204
F04,F0204
F020,F0204
F020,F021
F04,F021
F000,F021
F04,F0210
F020,F0210
F000,F0210
F000,F0211
F020,F0211
F04,F0211
F000,F0212
F020,F0212
F04,F0212
F04,F0213
F000,F0213
F020,F0213
F000,F0214
F020,F0214
F04,F0214
F04,F022
F000,F022
F020,F022
F04,F0220
F000,F0220
F020,F0220
F020,F0221
F04,F0221
F000,F0221
F020,F0222
F04,F0222
F000,F0222
F020,F0223
F04,F0223
F000,F0223
F04,F0224
F020,F0224
F000,F0224
F04,F023
F000,F023
F020,F023
F020,F0230
F000,F0230
F04,F0230
F000,F0231
F04,F0231
F020,F0231
F04,F0232
F020,F0232
F000,F0232
F020,F0233
F000,F0233
F04,F0233
F000,F0234
F04,F0234
F020,F0234
B24,F024
F058,F024
F020,F024
B220,F024
F000,F024
F04,F024
B220,F0240
B24,F0240
F020,F0240
F04,F0240
F000,F0240
F000,F0241
F020,F0241
B220,F0241
B24,F0241
F04,F0241
B220,F0242
F020,F0242
F000,F0242
F04,F0242
B24,F0242
F020,F0243
B24,F0243
F000,F0243
B220,F0243
F04,F0243
B24,F0244
B220,F0244
F04,F0244
F000,F0244
F020,F0244
E035,F028
N188,F028
F04,F028
F020,F028
F000,F028
E538,F028
E035,F0280
N188,F0280
E538,F0280
F000,F0280
F020,F0280
F04,F0280
E538,F0281
F020,F0281
E035,F0281
F000,F0281
N188,F0281
F04,F0281
F000,F0282
F020,F0282
F04,F0282
E035,F0282
N188,F0282
E538,F0282
F020,F0283
E538,F0283
F04,F0283
N188,F0283
F000,F0283
E035,F0283
E035,F0284
F000,F0284
E538,F0284
F020,F0284
N188,F0284
F04,F0284
B220,F03
F020,F03
F058,F03
F060,F03
F000,F03
B24,F03
F04,F03
F020,F030
B24,F030
F04,F030
F060,F030
B220,F030
F058,F030
F000,F030
F000,F031
F058,F031
F04,F031
F020,F031
F060,F031
B24,F031
B220,F031
B24,F032
B220,F032
F058,F032
F020,F032
F060,F032
F000,F032
F04,F032
B220,F033
F04,F033
F000,F033
F058,F033
F020,F033
F060,F033
B24,F033
F020,F034
F000,F034
F04,F034
F058,F034
B220,F034
B24,F034
F060,F034
F060,F04
F058,F04
F04,F04
F050,F050
F060,F050
F04,F050
F058,F050
F04,F051
F058,F051
F050,F051
F058,F058
F04,F058
F060,F058
F058,F059
F04,F059
F060,F059
F060,F060
F04,F060
F058,F060
F058,F061
F060,F061
F04,F061
F04,F062
F060,F062
F058,F062
F060,F063
F04,F063
F058,F063
F060,F0630
F058,F0630
F04,F0630
F058,F0631
F060,F0631
F04,F0631
F04,F0632
F060,F0632
F058,F0632
F060,F0633
F04,F0633
F058,F0633
F060,F064
F04,F064
F058,F064
F04,F065
F060,F065
F058,F065
F060,F066
F04,F066
F058,F066
F060,F067
F04,F067
F058,F067
F060,F068
F058,F068
F04,F068
F04,F069
F058,F069
F060,F069
F058,F070
F200,F070
F060,F070
F000,F070
F010,F070
F050,F070
F070,F070
F29,F070
F020,F070
F010,F071
F060,F071
F29,F071
F070,F071
F050,F071
F200,F071
F000,F071
F058,F071
F020,F071
F050,F072
F200,F072
F060,F072
F020,F072
F010,F072
F070,F072
F29,F072
F000,F072
F058,F072
F29,F078
F200,F078
F020,F078
F070,F078
F050,F078
F060,F078
F058,F078
F000,F078
F010,F078
F000,F079
F070,F079
F058,F079
F200,F079
F060,F079
F010,F079
F050,F079
F29,F079
F020,F079
F050,F09
F020,F09
F058,F09
F04,F09
F060,F09
F000,F09
F010,F09
F200,F09
F058,F100
F04,F100
F060,F100
F1003,F100
F060,F1000
F04,F1000
F058,F1000
F1003,F1000
F060,F1001
F04,F1001
F058,F1001
F1003,F1001
F058,F1002
F1003,F1002
F04,F1002
F060,F1002
F1003,F1003
F060,F1003
F058,F1003
F04,F1003
F058,F1004
F1003,F1004
F060,F1004
F04,F1004
F04,F1005
F058,F1005
F060,F1005
F1003,F1005
F04,F1006
F060,F1006
F1003,F1006
F058,F1006
F04,F1007
F1003,F1007
F060,F1007
F058,F1007
F04,F101
F060,F101
F1003,F101
F29,F102
F04,F102
F060,F102
F1003,F102
F04,F1020
F1003,F1020
F29,F1020
F060,F1020
F060,F1021
F29,F1021
F04,F1021
F1003,F1021
F04,F1022
F060,F1022
F29,F1022
F1003,F1022
F1003,F1023
F29,F1023
F04,F1023
F060,F1023
F1003,F1024
F04,F1024
F29,F1024
F060,F1024
F060,F1025
F1003,F1025
F04,F1025
F29,F1025
F1003,F1026
F29,F1026
F04,F1026
F058,F1026
F060,F1026
F058,F103
F29,F103
F1003,F103
F04,F103
F060,F103
F058,F1030
F060,F1030
F1003,F1030
F04,F1030
F29,F1030
F29,F1031
F04,F1031
F1003,F1031
F058,F1031
F060,F1031
F1003,F104
F058,F104
F060,F104
F29,F104
F04,F104
F058,F1040
F1003,F1040
F060,F1040
F29,F1040
F04,F1040
F1003,F1041
F04,F1041
F060,F1041
F29,F1041
F058,F1041
F058,F105
F29,F105
F060,F105
F1003,F105
F070,F105
F04,F105
F058,F1050
F04,F1050
F1003,F1050
F060,F1050
F29,F1050
F070,F1050
F04,F1051
F070,F1051
F060,F1051
F29,F1051
F1003,F1051
F058,F1051
F060,F1052
F1003,F1052
F04,F1052
F058,F1052
F070,F1052
F29,F1052
F058,F1053
F04,F1053
F060,F1053
F1003,F1053
F070,F1053
F29,F1053
F070,F1054
F058,F1054
F04,F1054
F29,F1054
F1003,F1054
F060,F1054
F04,F1055
F1003,F1055
F058,F1055
F29,F1055
F060,F1055
F070,F1055
F060,F1056
F070,F1056
F04,F1056
F29,F1056
F1003,F1056
F058,F1056
F070,F106
F29,F106
F04,F106
F058,F106
F1003,F106
F060,F106
F29,F107
F1003,F107
F070,F107
F060,F107
F058,F107
F04,F107
F1003,F1070
F04,F1070
F29,F1070
F058,F1070
F060,F1070
F070,F1070
F1003,F1071
F29,F1071
F058,F1071
F060,F1071
F070,F1071
F04,F1071
F058,F1072
F29,F1072
F060,F1072
F04,F1072
F070,F1072
F1003,F1072
F29,F1073
F04,F1073
F058,F1073
F060,F1073
F1003,F1073
F070,F1073
F058,F1074
F04,F1074
F060,F1074
F1003,F1074
F29,F1074
F070,F1074
F060,F1075
F1003,F1075
F04,F1075
F058,F1075
F070,F1075
F29,F1075
F29,F108
F070,F108
F1003,F108
F060,F108
F04,F108
F058,F108
F29,F109
F1003,F109
F060,F109
F04,F109
F070,F109
F058,F109
F04,F110
F060,F110
F058,F110
F1003,F110
F04,F1100
F058,F1100
F1003,F1100
F060,F1100
F04,F1101
F1003,F1101
F060,F1101
F058,F1101
F058,F1102
F060,F1102
F1003,F1102
F04,F1102
F058,F1103
F060,F1103
F04,F1103
F1003,F1103
F060,F1104
F1003,F1104
F058,F1104
F04,F1104
F04,F1105
F1003,F1105
F058,F1105
F060,F1105
F04,F1106
F1003,F1106
F058,F1106
F060,F1106
F058,F1107
F1003,F1107
F060,F1107
F04,F1107
F058,F111
F1003,F111
F04,F111
F060,F111
F04,F112
F1003,F112
F060,F112
F058,F112
F1003,F1120
F060,F1120
F04,F1120
F058,F1120
F1003,F1121
F058,F1121
F060,F1121
F04,F1121
F04,F1122
F1003,F1122
F060,F1122
F058,F1122
F058,F1123
F04,F1123
F060,F1123
F1003,F1123
F1003,F1124
F04,F1124
F060,F1124
F058,F1124
F1003,F1125
F04,F1125
F060,F1125
F058,F1125
F058,F1126
F1003,F1126
F04,F1126
F060,F1126
F058,F113
F1003,F113
F04,F113
F060,F113
F060,F1130
F04,F1130
F1003,F1130
F058,F1130
F04,F1131
F060,F1131
F1003,F1131
F058,F1131
F1003,F114
F058,F114
F060,F114
F04,F114
F060,F1140
F058,F1140
F1003,F1140
F04,F1140
F1003,F1141
F058,F1141
F060,F1141
F04,F1141
F1003,F115
F060,F115
F070,F115
F058,F115
F04,F115
F070,F1150
F04,F1150
F1003,F1150
F060,F1150
F058,F1150
F060,F1151
F04,F1151
F1003,F1151
F058,F1151
F070,F1151
F04,F1152
F060,F1152
F070,F1152
F1003,F1152
F058,F1152
F070,F1153
F058,F1153
F1003,F1153
F060,F1153
F04,F1153
F04,F1154
F058,F1154
F070,F1154
F060,F1154
F1003,F1154
F058,F1155
F1003,F1155
F04,F1155
F070,F1155
F060,F1155
F058,F1156
F060,F1156
F04,F1156
F1003,F1156
F070,F1156
F060,F116
F070,F116
F04,F116
F1003,F116
F058,F116
F058,F117
F04,F117
F1003,F117
F070,F117
F060,F117
F058,F1170
F070,F1170
F1003,F1170
F04,F1170
F060,F1170
F058,F1171
F070,F1171
F060,F1171
F04,F1171
F1003,F1171
F058,F1172
F1003,F1172
F060,F1172
F070,F1172
F04,F1172
F060,F1173
F1003,F1173
F070,F1173
F058,F1173
F04,F1173
F058,F1174
F070,F1174
F1003,F1174
F060,F1174
F04,F1174
F058,F1175
F04,F1175
F1003,F1175
F060,F1175
F070,F1175
F04,F118
F060,F118
F1003,F118
F070,F118
F058,F118
F058,F119
F060,F119
F04,F119
F1003,F119
F1003,F120
F04,F120
F060,F120
F058,F120
F04,F1200
F060,F1200
F1003,F1200
F058,F1200
F058,F1201
F04,F1201
F1003,F1201
F060,F1201
F060,F1202
F04,F1202
F1003,F1202
F058,F1202
F1003,F1203
F058,F1203
F060,F1203
F04,F1203
F04,F1204
F058,F1204
F060,F1204
F1003,F1204
F04,F1205
F1003,F1205
F060,F1205
F058,F1205
F058,F1206
F04,F1206
F060,F1206
F1003,F1206
F04,F1207
F058,F1207
F060,F1207
F1003,F1207
F1003,F121
F060,F121
F04,F121
F058,F121
F060,F122
F1003,F122
F04,F122
F058,F122
F04,F1220
F058,F1220
F1003,F1220
F060,F1220
F1003,F1221
F060,F1221
F058,F1221
F04,F1221
F058,F1222
F04,F1222
F1003,F1222
F060,F1222
F058,F1223
F060,F1223
F1003,F1223
F04,F1223
F1003,F1224
F058,F1224
F04,F1224
F060,F1224
F058,F1225
F060,F1225
F1003,F1225
F04,F1225
F04,F1226
F1003,F1226
F060,F1226
F058,F1226
F04,F123
F1003,F123
F060,F123
F058,F123
F04,F1230
F1003,F1230
F058,F1230
F060,F1230
F1003,F1231
F04,F1231
F058,F1231
F060,F1231
F1003,F124
F060,F124
F04,F124
F058,F124
F058,F1240
F04,F1240
F1003,F1240
F060,F1240
F060,F1241
F058,F1241
F04,F1241
F1003,F1241
F04,F125
F058,F125
F070,F125
F060,F125
F1003,F125
F060,F1250
F070,F1250
F1003,F1250
F058,F1250
F04,F1250
F1003,F1251
F070,F1251
F04,F1251
F058,F1251
F060,F1251
F04,F1252
F060,F1252
F1003,F1252
F058,F1252
F070,F1252
F1003,F1253
F060,F1253
F058,F1253
F04,F1253
F070,F1253
F070,F1254
F058,F1254
F060,F1254
F04,F1254
F1003,F1254
F070,F1255
F1003,F1255
F060,F1255
F058,F1255
F04,F1255
F1003,F1256
F058,F1256
F060,F1256
F04,F1256
F070,F1256
F060,F126
F1003,F126
F04,F126
F058,F126
F070,F126
F060,F127
F1003,F127
F058,F127
F070,F127
F04,F127
F070,F1270
F1003,F1270
F058,F1270
F060,F1270
F04,F1270
F1003,F1271
F060,F1271
F04,F1271
F070,F1271
F058,F1271
F04,F1272
F060,F1272
F1003,F1272
F058,F1272
F070,F1272
F070,F1273
F04,F1273
F060,F1273
F058,F1273
F1003,F1273
F060,F1274
F1003,F1274
F058,F1274
F070,F1274
F04,F1274
F060,F1275
F04,F1275
F070,F1275
F058,F1275
F1003,F1275
F04,F128
F058,F128
F070,F128
F1003,F128
F060,F128
F04,F129
F058,F129
F060,F129
F1003,F129
F1003,F130
F060,F130
F04,F130
F058,F130
F060,F1300
F1003,F1300
F04,F1300
F058,F1300
F04,F1301
F058,F1301
F1003,F1301
F060,F1301
F04,F1302
F058,F1302
F1003,F1302
F060,F1302
F1003,F1303
F058,F1303
F04,F1303
F060,F1303
F04,F1304
F058,F1304
F1003,F1304
F060,F1304
F04,F1305
F060,F1305
F1003,F1305
F058,F1305
F1003,F1306
F058,F1306
F04,F1306
F060,F1306
F1003,F1307
F060,F1307
F04,F1307
F058,F1307
F058,F131
F1003,F131
F04,F131
F060,F131
F058,F132
F04,F132
F1003,F132
F060,F132
F060,F1320
F04,F1320
F058,F1320
F1003,F1320
F060,F1321
F04,F1321
F1003,F1321
F058,F1321
F1003,F1322
F060,F1322
F058,F1322
F04,F1322
F1003,F1323
F058,F1323
F04,F1323
F060,F1323
F060,F1324
F1003,F1324
F058,F1324
F04,F1324
F058,F1325
F1003,F1325
F060,F1325
F04,F1325
F04,F1326
F058,F1326
F1003,F1326
F060,F1326
F058,F133
F1003,F133
F060,F133
F04,F133
F058,F1330
F1003,F1330
F04,F1330
F060,F1330
F04,F1331
F058,F1331
F060,F1331
F1003,F1331
F1003,F134
F060,F134
F058,F134
F04,F134
F1003,F1340
F060,F1340
F04,F1340
F058,F1340
F1003,F1341
F060,F1341
F04,F1341
F058,F1341
F070,F135
F060,F135
F058,F135
F1003,F135
F04,F135
F1003,F1350
F04,F1350
F060,F1350
F058,F1350
F070,F1350
F1003,F1351
F070,F1351
F04,F1351
F060,F1351
F058,F1351
F060,F1352
F058,F1352
F1003,F1352
F04,F1352
F070,F1352
F04,F1353
F058,F1353
F060,F1353
F070,F1353
F1003,F1353
F060,F1354
F070,F1354
F04,F1354
F1003,F1354
F058,F1354
F060,F1355
F1003,F1355
F058,F1355
F04,F1355
F070,F1355
F070,F1356
F04,F1356
F1003,F1356
F058,F1356
F060,F1356
F058,F136
F060,F136
F070,F136
F1003,F136
F04,F136
F070,F137
F1003,F137
F058,F137
F04,F137
F060,F137
F070,F1370
F1003,F1370
F04,F1370
F058,F1370
F060,F1370
F04,F1371
F070,F1371
F060,F1371
F058,F1371
F1003,F1371
F058,F1372
F070,F1372
F1003,F1372
F060,F1372
F04,F1372
F060,F1373
F1003,F1373
F058,F1373
F070,F1373
F04,F1373
F058,F1374
F04,F1374
F1003,F1374
F070,F1374
F060,F1374
F060,F1375
F058,F1375
F070,F1375
F1003,F1375
F04,F1375
F04,F138
F070,F138
F1003,F138
F060,F138
F058,F138
F04,F139
F1003,F139
F060,F139
F058,F139
F058,F140
F1003,F140
F04,F140
F060,F140
F060,F1400
F04,F1400
F058,F1400
F1003,F1400
F060,F1401
F058,F1401
F04,F1401
F1003,F1401
F1003,F1402
F058,F1402
F060,F1402
F04,F1402
F058,F1403
F1003,F1403
F060,F1403
F04,F1403
F04,F1404
F058,F1404
F1003,F1404
F060,F1404
F04,F1405
F058,F1405
F1003,F1405
F060,F1405
F04,F1406
F058,F1406
F060,F1406
F1003,F1406
F1003,F1407
F058,F1407
F060,F1407
F04,F1407
F1003,F141
F058,F141
F04,F141
F060,F141
F04,F142
F058,F142
F1003,F142
F060,F142
F060,F1420
F058,F1420
F04,F1420
F1003,F1420
F060,F1421
F04,F1421
F058,F1421
F1003,F1421
F04,F1422
F1003,F1422
F060,F1422
F058,F1422
F1003,F1423
F060,F1423
F058,F1423
F04,F1423
F058,F1424
F1003,F1424
F04,F1424
F060,F1424
F1003,F1425
F058,F1425
F04,F1425
F060,F1425
F060,F1426
F1003,F1426
F058,F1426
F04,F1426
F1003,F143
F058,F143
F04,F143
F060,F143
F058,F1430
F04,F1430
F060,F1430
F1003,F1430
F060,F1431
F04,F1431
F058,F1431
F1003,F1431
F04,F144
F058,F144
F1003,F144
F060,F144
F04,F1440
F060,F1440
F058,F1440
F1003,F1440
F060,F1441
F1003,F1441
F058,F1441
F04,F1441
F058,F145
F04,F145
F060,F145
F1003,F145
F070,F145
F060,F1450
F070,F1450
F1003,F1450
F04,F1450
F058,F1450
F070,F1451
F04,F1451
F058,F1451
F1003,F1451
F060,F1451
F058,F1452
F060,F1452
F070,F1452
F1003,F1452
F04,F1452
F04,F1453
F058,F1453
F1003,F1453
F070,F1453
F060,F1453
F1003,F1454
F058,F1454
F070,F1454
F04,F1454
F060,F1454
F058,F1455
F070,F1455
F1003,F1455
F060,F1455
F04,F1455
F060,F1456
F058,F1456
F04,F1456
F070,F1456
F1003,F1456
F060,F146
F058,F146
F1003,F146
F070,F146
F04,F146
F1003,F147
F04,F147
F060,F147
F058,F147
F070,F147
F04,F1470
F060,F1470
F1003,F1470
F058,F1470
F070,F1470
F04,F1471
F070,F1471
F058,F1471
F060,F1471
F1003,F1471
F070,F1472
F04,F1472
F058,F1472
F060,F1472
F1003,F1472
F04,F1473
F1003,F1473
F060,F1473
F070,F1473
F058,F1473
F04,F1474
F070,F1474
F1003,F1474
F060,F1474
F058,F1474
F1003,F1475
F058,F1475
F070,F1475
F04,F1475
F060,F1475
F1003,F148
F058,F148
F04,F148
F060,F148
F070,F148
F060,F149
F058,F149
F04,F149
F1003,F149
F04,F150
F058,F150
F060,F150
F1003,F150
F04,F1500
F058,F1500
F060,F1500
F1003,F1500
F04,F1501
F1003,F1501
F058,F1501
F060,F1501
F04,F1502
F058,F1502
F060,F1502
F1003,F1502
F058,F1503
F060,F1503
F1003,F1503
F04,F1503
F058,F1504
F04,F1504
F060,F1504
F1003,F1504
F04,F1505
F060,F1505
F1003,F1505
F058,F1505
F04,F1506
F060,F1506
F1003,F1506
F058,F1506
F04,F1507
F1003,F1507
F060,F1507
F058,F1507
F1003,F151
F060,F151
F058,F151
F04,F151
F04,F152
F060,F152
F058,F152
F1003,F152
F060,F1520
F04,F1520
F058,F1520
F1003,F1520
F060,F1521
F1003,F1521
F058,F1521
F04,F1521
F1003,F1522
F058,F1522
F04,F1522
F060,F1522
F058,F1523
F060,F1523
F04,F1523
F1003,F1523
F04,F1524
F058,F1524
F1003,F1524
F060,F1524
F1003,F1525
F058,F1525
F04,F1525
F060,F1525
F1003,F1526
F060,F1526
F058,F1526
F04,F1526
F060,F153
F1003,F153
F04,F153
F058,F153
F060,F1530
F04,F1530
F058,F1530
F1003,F1530
F1003,F1531
F058,F1531
F060,F1531
F04,F1531
F060,F154
F058,F154
F1003,F154
F04,F154
F1003,F1540
F058,F1540
F04,F1540
F060,F1540
F060,F1541
F1003,F1541
F04,F1541
F058,F1541
F04,F155
F060,F155
F1003,F155
F058,F155
F070,F155
F1003,F1550
F060,F1550
F058,F1550
F070,F1550
F04,F1550
F04,F1551
F1003,F1551
F058,F1551
F070,F1551
F060,F1551
F04,F1552
F1003,F1552
F060,F1552
F058,F1552
F070,F1552
F060,F1553
F070,F1553
F1003,F1553
F04,F1553
F058,F1553
F070,F1554
F04,F1554
F060,F1554
F1003,F1554
F058,F1554
F04,F1555
F058,F1555
F060,F1555
F070,F1555
F1003,F1555
F04,F1556
F1003,F1556
F058,F1556
F070,F1556
F060,F1556
F058,F156
F04,F156
F1003,F156
F070,F156
F060,F156
F060,F157
F058,F157
F04,F157
F070,F157
F1003,F157
F04,F1570
F1003,F1570
F058,F1570
F070,F1570
F060,F1570
F058,F1571
F1003,F1571
F04,F1571
F070,F1571
F060,F1571
F060,F1572
F070,F1572
F1003,F1572
F04,F1572
F058,F1572
F04,F1573
F060,F1573
F070,F1573
F1003,F1573
F058,F1573
F060,F1574
F070,F1574
F1003,F1574
F04,F1574
F058,F1574
F070,F1575
F060,F1575
F1003,F1575
F058,F1575
F04,F1575
F04,F158
F070,F158
F1003,F158
F060,F158
F058,F158
F060,F159
F04,F159
F058,F159
F1003,F159
F1003,F160
F04,F160
F060,F160
F1003,F1600
F060,F1600
F04,F1600
F04,F1601
F060,F1601
F1003,F1601
F1003,F1602
F060,F1602
F04,F1602
F1003,F1603
F04,F1603
F060,F1603
F04,F1604
F060,F1604
F1003,F1604
F04,F1605
F1003,F1605
F060,F1605
F1003,F1606
F04,F1606
F060,F1606
F1003,F1607
F060,F1607
F04,F1607
F060,F161
F04,F161
F1003,F161
F04,F162
F1003,F162
F060,F162
F060,F1620
F04,F1620
F1003,F1620
F04,F1621
F060,F1621
F1003,F1621
F1003,F1622
F060,F1622
F04,F1622
F04,F1623
F060,F1623
F1003,F1623
F1003,F1624
F060,F1624
F04,F1624
F060,F1625
F04,F1625
F1003,F1625
F1003,F1626
F060,F1626
F04,F1626
F060,F163
F1003,F163
F04,F163
F1003,F1630
F060,F1630
F04,F1630
F04,F1631
F060,F1631
F1003,F1631
F04,F164
F060,F164
F1003,F164
F1003,F1640
F060,F1640
F04,F1640
F060,F1641
F04,F1641
F1003,F1641
F04,F165
F060,F165
F070,F165
F1003,F165
F04,F1650
F1003,F1650
F070,F1650
F060,F1650
F060,F1651
F04,F1651
F1003,F1651
F070,F1651
F060,F1652
F04,F1652
F1003,F1652
F070,F1652
F070,F1653
F060,F1653
F1003,F1653
F04,F1653
F070,F1654
F1003,F1654
F04,F1654
F060,F1654
F04,F1655
F1003,F1655
F060,F1655
F070,F1655
F04,F1656
F060,F1656
F1003,F1656
F070,F1656
F04,F166
F070,F166
F1003,F166
F060,F166
F1003,F167
F070,F167
F04,F167
F060,F167
F060,F1670
F1003,F1670
F070,F1670
F04,F1670
F070,F1671
F1003,F1671
F04,F1671
F060,F1671
F070,F1672
F04,F1672
F060,F1672
F1003,F1672
F04,F1673
F070,F1673
F060,F1673
F1003,F1673
F060,F1674
F04,F1674
F1003,F1674
F070,F1674
F1003,F1675
F060,F1675
F04,F1675
F070,F1675
F070,F168
F04,F168
F1003,F168
F060,F168
F1003,F169
F060,F169
F04,F169
F04,F170
F060,F170
F1003,F170
F1003,F1700
F04,F1700
F060,F1700
F1003,F1701
F060,F1701
F04,F1701
F1003,F1702
F060,F1702
F04,F1702
F060,F1703
F04,F1703
F1003,F1703
F04,F1704
F060,F1704
F1003,F1704
F04,F1705
F1003,F1705
F060,F1705
F060,F1706
F1003,F1706
F04,F1706
F1003,F1707
F04,F1707
F060,F1707
F060,F171
F04,F171
F1003,F171
F04,F172
F060,F172
F1003,F172
F060,F1720
F1003,F1720
F04,F1720
F060,F1721
F1003,F1721
F04,F1721
F060,F1722
F04,F1722
F1003,F1722
F04,F1723
F060,F1723
F1003,F1723
F04,F1724
F060,F1724
F1003,F1724
F04,F1725
F060,F1725
F1003,F1725
F060,F1726
F04,F1726
F1003,F1726
F04,F173
F1003,F173
F060,F173
F04,F1730
F1003,F1730
F060,F1730
F1003,F1731
F04,F1731
F060,F1731
F1003,F174
F060,F174
F04,F174
F1003,F1740
F04,F1740
F060,F1740
F060,F1741
F04,F1741
F1003,F1741
F04,F175
F060,F175
F1003,F175
F04,F1750
F1003,F1750
F060,F1750
F060,F1751
F04,F1751
F1003,F1751
F060,F1752
F04,F1752
F1003,F1752
F1003,F1753
F04,F1753
F060,F1753
F1003,F1754
F04,F1754
F060,F1754
F1003,F1755
F04,F1755
F060,F1755
F060,F1756
F1003,F1756
F04,F1756
F1003,F176
F04,F176
F060,F176
F060,F177
F1003,F177
F070,F177
F04,F177
F070,F1770
F1003,F1770
F04,F1770
F060,F1770
F070,F1771
F1003,F1771
F04,F1771
F060,F1771
F070,F1772
F060,F1772
F04,F1772
F1003,F1772
F04,F1773
F1003,F1773
F070,F1773
F060,F1773
F070,F1774
F04,F1774
F1003,F1774
F060,F1774
F1003,F1775
F060,F1775
F070,F1775
F04,F1775
F1003,F178
F060,F178
F070,F178
F04,F178
F1003,F179
F04,F179
F060,F179
F04,F180
F060,F180
F058,F180
F1003,F180
F04,F1800
F1003,F1800
F060,F1800
F058,F1800
F04,F1801
F060,F1801
F058,F1801
F1003,F1801
F058,F1802
F1003,F1802
F060,F1802
F04,F1802
F060,F1803
F1003,F1803
F058,F1803
F04,F1803
F04,F1804
F060,F1804
F058,F1804
F1003,F1804
F1003,F1805
F04,F1805
F060,F1805
F058,F1805
F1003,F1806
F058,F1806
F04,F1806
F060,F1806
F058,F1807
F1003,F1807
F060,F1807
F04,F1807
F060,F181
F04,F181
F1003,F181
F058,F181
F04,F182
F060,F182
F1003,F182
F058,F182
F04,F1820
F1003,F1820
F060,F1820
F058,F1820
F060,F1821
F058,F1821
F1003,F1821
F04,F1821
F1003,F1822
F04,F1822
F060,F1822
F058,F1822
F1003,F1823
F04,F1823
F058,F1823
F060,F1823
F1003,F1824
F060,F1824
F058,F1824
F04,F1824
F1003,F1825
F060,F1825
F04,F1825
F058,F1825
F060,F1826
F1003,F1826
F04,F1826
F058,F1826
F060,F183
F1003,F183
F058,F183
F04,F183
F1003,F1830
F058,F1830
F060,F1830
F04,F1830
F060,F1831
F04,F1831
F1003,F1831
F058,F1831
F04,F184
F1003,F184
F060,F184
F058,F184
F04,F1840
F060,F1840
F1003,F1840
F058,F1840
F04,F1841
F058,F1841
F1003,F1841
F060,F1841
F1003,F185
F058,F185
F070,F185
F060,F185
F04,F185
F058,F1850
F060,F1850
F070,F1850
F1003,F1850
F04,F1850
F058,F1851
F1003,F1851
F04,F1851
F060,F1851
F070,F1851
F060,F1852
F070,F1852
F058,F1852
F1003,F1852
F04,F1852
F04,F1853
F058,F1853
F070,F1853
F060,F1853
F1003,F1853
F060,F1854
F058,F1854
F1003,F1854
F04,F1854
F070,F1854
F1003,F1855
F060,F1855
F070,F1855
F058,F1855
F04,F1855
F1003,F1856
F070,F1856
F058,F1856
F04,F1856
F060,F1856
F060,F186
F04,F186
F058,F186
F1003,F186
F070,F186
F1003,F187
F060,F187
F058,F187
F070,F187
F04,F187
F070,F1870
F060,F1870
F058,F1870
F04,F1870
F1003,F1870
F058,F1871
F04,F1871
F060,F1871
F070,F1871
F1003,F1871
F060,F1872
F1003,F1872
F04,F1872
F058,F1872
F070,F1872
F04,F1873
F060,F1873
F1003,F1873
F058,F1873
F070,F1873
F1003,F1874
F070,F1874
F04,F1874
F060,F1874
F058,F1874
F04,F1875
F058,F1875
F1003,F1875
F060,F1875
F070,F1875
F1003,F188
F04,F188
F060,F188
F058,F188
F070,F188
F058,F189
F060,F189
F04,F189
F1003,F189
F04,F190
F058,F190
F060,F190
F1003,F190
F04,F1900
F058,F1900
F1003,F1900
F060,F1900
F04,F1901
F058,F1901
F1003,F1901
F060,F1901
F04,F1902
F058,F1902
F1003,F1902
F060,F1902
F04,F1903
F1003,F1903
F058,F1903
F060,F1903
F1003,F1904
F058,F1904
F060,F1904
F04,F1904
F058,F1905
F04,F1905
F060,F1905
F1003,F1905
F058,F1906
F060,F1906
F1003,F1906
F04,F1906
F058,F1907
F04,F1907
F1003,F1907
F060,F1907
F060,F191
F04,F191
F1003,F191
F058,F191
F1003,F192
F060,F192
F058,F192
F04,F192
F060,F1920
F1003,F1920
F058,F1920
F04,F1920
F04,F1921
F058,F1921
F1003,F1921
F060,F1921
F058,F1922
F04,F1922
F060,F1922
F1003,F1922
F1003,F1923
F04,F1923
F058,F1923
F060,F1923
F058,F1924
F060,F1924
F04,F1924
F1003,F1924
F1003,F1925
F058,F1925
F04,F1925
F060,F1925
F1003,F1926
F060,F1926
F058,F1926
F04,F1926
F04,F193
F058,F193
F060,F193
F1003,F193
F04,F1930
F060,F1930
F058,F1930
F1003,F1930
F058,F1931
F04,F1931
F060,F1931
F1003,F1931
F1003,F194
F060,F194
F058,F194
F04,F194
F058,F1940
F060,F1940
F1003,F1940
F04,F1940
F060,F1941
F1003,F1941
F058,F1941
F04,F1941
F058,F195
F04,F195
F060,F195
F070,F195
F1003,F195
F04,F1950
F1003,F1950
F070,F1950
F060,F1950
F058,F1950
F058,F1951
F1003,F1951
F070,F1951
F060,F1951
F04,F1951
F04,F1952
F060,F1952
F058,F1952
F1003,F1952
F070,F1952
F1003,F1953
F070,F1953
F058,F1953
F04,F1953
F060,F1953
F070,F1954
F060,F1954
F04,F1954
F058,F1954
F1003,F1954
F070,F1955
F04,F1955
F060,F1955
F1003,F1955
F058,F1955
F058,F1956
F04,F1956
F060,F1956
F070,F1956
F1003,F1956
F04,F196
F058,F196
F1003,F196
F070,F196
F060,F196
F060,F197
F1003,F197
F070,F197
F04,F197
F058,F197
F04,F1970
F070,F1970
F1003,F1970
F058,F1970
F060,F1970
F060,F1971
F04,F1971
F070,F1971
F058,F1971
F1003,F1971
F070,F1972
F04,F1972
F058,F1972
F1003,F1972
F060,F1972
F04,F1973
F058,F1973
F1003,F1973
F060,F1973
F070,F1973
F058,F1974
F04,F1974
F060,F1974
F070,F1974
F1003,F1974
F1003,F1975
F060,F1975
F058,F1975
F070,F1975
F04,F1975
F070,F198
F04,F198
F058,F198
F060,F198
F1003,F198
F04,F199
F058,F199
F1003,F199
F060,F199
F29,F200
F020,F200
F000,F200
F010,F200
F050,F200
F070,F200
F058,F200
F200,F200
F000,F2000
F010,F2000
F070,F2000
F020,F2000
F29,F2000
F058,F2000
F200,F2000
F050,F2000
F070,F2001
F058,F2001
F050,F2001
F200,F2001
F000,F2001
F29,F2001
F020,F2001
F010,F2001
F000,F2002
F29,F2002
F010,F2002
F200,F2002
F058,F2002
F020,F2002
F050,F2002
F070,F2002
F058,F2003
F010,F2003
F020,F2003
F29,F2003
F200,F2003
F070,F2003
F000,F2003
F050,F2003
F020,F2004
F058,F2004
F000,F2004
F010,F2004
F200,F2004
F29,F2004
F070,F2004
F050,F2004
F000,F2005
F29,F2005
F010,F2005
F070,F2005
F020,F2005
F200,F2005
F050,F2005
F058,F2005
F050,F2008
F000,F2008
F058,F2008
F070,F2008
F200,F2008
F29,F2008
F020,F2008
F010,F2008
F050,F2009
F200,F2009
F058,F2009
F010,F2009
F070,F2009
F000,F2009
F020,F2009
F29,F2009
F070,F201
F020,F201
F058,F201
F010,F201
F050,F201
F000,F201
F200,F201
F29,F201
F010,F2010
F29,F2010
F058,F2010
F050,F2010
F020,F2010
F070,F2010
F200,F2010
F000,F2010
F200,F2011
F010,F2011
F020,F2011
F050,F2011
F000,F2011
F29,F2011
F070,F2011
F058,F2011
F058,F2012
F000,F2012
F020,F2012
F050,F2012
F070,F2012
F200,F2012
F29,F2012
F010,F2012
F000,F2013
F070,F2013
F020,F2013
F058,F2013
F050,F2013
F200,F2013
F29,F2013
F010,F2013
F010,F2014
F000,F2014
F070,F2014
F058,F2014
F200,F2014
F020,F2014
F050,F2014
F29,F2014
F050,F2015
F070,F2015
F000,F2015
F200,F2015
F020,F2015
F058,F2015
F010,F2015
F29,F2015
F020,F2018
F29,F2018
F000,F2018
F058,F2018
F050,F2018
F200,F2018
F010,F2018
F070,F2018
F020,F2019
F29,F2019
F000,F2019
F070,F2019
F058,F2019
F200,F2019
F050,F2019
F010,F2019
F000,F202
F058,F202
F070,F202
F010,F202
F050,F202
F29,F202
F200,F202
F020,F202
F020,F2020
F058,F2020
F200,F2020
F070,F2020
F29,F2020
F000,F2020
F050,F2020
F010,F2020
F070,F2021
F058,F2021
F000,F2021
F050,F2021
F200,F2021
F29,F2021
F010,F2021
F020,F2021
F29,F2022
F050,F2022
F200,F2022
F020,F2022
F010,F2022
F000,F2022
F070,F2022
F058,F2022
F010,F2023
F050,F2023
F058,F2023
F070,F2023
F000,F2023
F020,F2023
F29,F2023
F200,F2023
F070,F2024
F050,F2024
F000,F2024
F058,F2024
F020,F2024
F29,F2024
F010,F2024
F200,F2024
F200,F2025
F070,F2025
F29,F2025
F000,F2025
F058,F2025
F050,F2025
F010,F2025
F020,F2025
F058,F2028
F070,F2028
F000,F2028
F29,F2028
F020,F2028
F200,F2028
F010,F2028
F050,F2028
F29,F2029
F000,F2029
F200,F2029
F050,F2029
F058,F2029
F070,F2029
F010,F2029
F020,F2029
F29,F203
F000,F203
F010,F203
F200,F203
F050,F203
F070,F203
F058,F203
F020,F203
F050,F2030
F29,F2030
F020,F2030
F058,F2030
F010,F2030
F200,F2030
F070,F2030
F000,F2030
F010,F2031
F050,F2031
F29,F2031
F000,F2031
F058,F2031
F020,F2031
F070,F2031
F200,F2031
F050,F2032
F010,F2032
F200,F2032
F020,F2032
F070,F2032
F29,F2032
F000,F2032
F058,F2032
F058,F2033
F050,F2033
F070,F2033
F200,F2033
F020,F2033
F010,F2033
F000,F2033
F29,F2033
F020,F2034
F058,F2034
F070,F2034
F200,F2034
F010,F2034
F29,F2034
F000,F2034
F050,F2034
F29,F2035
F020,F2035
F070,F2035
F000,F2035
F050,F2035
F010,F2035
F058,F2035
F200,F2035
F020,F2038
F070,F2038
F010,F2038
F29,F2038
F050,F2038
F058,F2038
F200,F2038
F000,F2038
F200,F2039
F050,F2039
F010,F2039
F070,F2039
F058,F2039
F020,F2039
F000,F2039
F29,F2039
F200,F204
F050,F204
F070,F204
F000,F204
F29,F204
F058,F204
F020,F204
F010,F204
F29,F2040
F200,F2040
F000,F2040
F010,F2040
F050,F2040
F020,F2040
F070,F2040
F058,F2040
F29,F2041
F050,F2041
F058,F2041
F010,F2041
F200,F2041
F000,F2041
F020,F2041
F070,F2041
F200,F2042
F010,F2042
F29,F2042
F058,F2042
F050,F2042
F000,F2042
F070,F2042
F020,F2042
F050,F2043
F020,F2043
F010,F2043
F29,F2043
F000,F2043
F058,F2043
F070,F2043
F200,F2043
F058,F2044
F200,F2044
F010,F2044
F29,F2044
F050,F2044
F070,F2044
F000,F2044
F020,F2044
F010,F2045
F200,F2045
F020,F2045
F29,F2045
F070,F2045
F000,F2045
F058,F2045
F050,F2045
F010,F2048
F000,F2048
F29,F2048
F200,F2048
F070,F2048
F058,F2048
F020,F2048
F050,F2048
F050,F2049
F200,F2049
F29,F2049
F058,F2049
F070,F2049
F020,F2049
F000,F2049
F010,F2049
F010,F205
F070,F205
F050,F205
F200,F205
F058,F205
F020,F205
F29,F205
F000,F205
F200,F2050
F050,F2050
F010,F2050
F29,F2050
F070,F2050
F020,F2050
F058,F2050
F000,F2050
F200,F2051
F010,F2051
F000,F2051
F020,F2051
F29,F2051
F070,F2051
F050,F2051
F058,F2051
F058,F2052
F000,F2052
F070,F2052
F200,F2052
F050,F2052
F29,F2052
F010,F2052
F020,F2052
F050,F2053
F29,F2053
F070,F2053
F020,F2053
F200,F2053
F010,F2053
F058,F2053
F000,F2053
F058,F2054
F200,F2054
F29,F2054
F010,F2054
F050,F2054
F020,F2054
F000,F2054
F070,F2054
F29,F2055
F058,F2055
F020,F2055
F070,F2055
F050,F2055
F000,F2055
F010,F2055
F200,F2055
F29,F2058
F020,F2058
F050,F2058
F200,F2058
F058,F2058
F010,F2058
F000,F2058
F070,F2058
F29,F2059
F010,F2059
F070,F2059
F000,F2059
F050,F2059
F020,F2059
F058,F2059
F200,F2059
F058,F206
F200,F206
F010,F206
F29,F206
F070,F206
F020,F206
F050,F206
F000,F206
F200,F2060
F29,F2060
F070,F2060
F010,F2060
F058,F2060
F000,F2060
F020,F2060
F050,F2060
F070,F2061
F000,F2061
F050,F2061
F29,F2061
F200,F2061
F058,F2061
F010,F2061
F020,F2061
F29,F2062
F010,F2062
F070,F2062
F000,F2062
F058,F2062
F020,F2062
F200,F2062
F050,F2062
F050,F2063
F200,F2063
F29,F2063
F020,F2063
F058,F2063
F010,F2063
F000,F2063
F070,F2063
F070,F2064
F200,F2064
F050,F2064
F29,F2064
F020,F2064
F058,F2064
F010,F2064
F000,F2064
F010,F2065
F058,F2065
F000,F2065
F050,F2065
F020,F2065
F29,F2065
F070,F2065
F200,F2065
F29,F2068
F050,F2068
F200,F2068
F020,F2068
F058,F2068
F070,F2068
F000,F2068
F010,F2068
F070,F2069
F000,F2069
F058,F2069
F020,F2069
F050,F2069
F200,F2069
F010,F2069
F29,F2069
F200,F208
F000,F208
F29,F208
F070,F208
F058,F208
F020,F208
F010,F208
F050,F208
F050,F2080
F29,F2080
F058,F2080
F010,F2080
F200,F2080
F020,F2080
F070,F2080
F000,F2080
F058,F2081
F000,F2081
F020,F2081
F050,F2081
F200,F2081
F29,F2081
F010,F2081
F070,F2081
F010,F2082
F070,F2082
F29,F2082
F058,F2082
F050,F2082
F200,F2082
F020,F2082
F000,F2082
F200,F2083
F29,F2083
F070,F2083
F010,F2083
F058,F2083
F020,F2083
F050,F2083
F000,F2083
F200,F2084
F050,F2084
F020,F2084
F070,F2084
F010,F2084
F29,F2084
F058,F2084
F000,F2084
F070,F2085
F020,F2085
F000,F2085
F058,F2085
F29,F2085
F200,F2085
F050,F2085
F010,F2085
F058,F2088
F020,F2088
F010,F2088
F050,F2088
F29,F2088
F000,F2088
F200,F2088
F070,F2088
F200,F2089
F010,F2089
F020,F2089
F070,F2089
F29,F2089
F000,F2089
F058,F2089
F050,F2089
F020,F209
F050,F209
F010,F209
F070,F209
F058,F209
F200,F209
F29,F209
F000,F209
F020,F2090
F200,F2090
F29,F2090
F000,F2090
F070,F2090
F058,F2090
F010,F2090
F050,F2090
F000,F2091
F010,F2091
F070,F2091
F29,F2091
F058,F2091
F020,F2091
F200,F2091
F050,F2091
F050,F2092
F000,F2092
F200,F2092
F010,F2092
F020,F2092
F29,F2092
F070,F2092
F058,F2092
F020,F2093
F058,F2093
F010,F2093
F29,F2093
F070,F2093
F000,F2093
F050,F2093
F200,F2093
F200,F2094
F000,F2094
F020,F2094
F29,F2094
F070,F2094
F058,F2094
F050,F2094
F010,F2094
F058,F2095
F020,F2095
F050,F2095
F000,F2095
F070,F2095
F010,F2095
F29,F2095
F200,F2095
F050,F2098
F058,F2098
F000,F2098
F29,F2098
F070,F2098
F020,F2098
F200,F2098
F010,F2098
F020,F2099
F070,F2099
F058,F2099
F200,F2099
F050,F2099
F29,F2099
F000,F2099
F010,F2099
F200,F21
F070,F21
F020,F21
F058,F21
F29,F21
F050,F21
F000,F21
F010,F21
F020,F220
F010,F220
F058,F220
F050,F220
F000,F220
F070,F220
F29,F220
F200,F220
F070,F228
F058,F228
F020,F228
F29,F228
F200,F228
F010,F228
F000,F228
F050,F228
F050,F229
F010,F229
F020,F229
F058,F229
F000,F229
F29,F229
F070,F229
F200,F229
F200,F230
F29,F230
F010,F230
F058,F230
F020,F230
F050,F230
F070,F230
F000,F230
F000,F231
F070,F231
F020,F231
F050,F231
F200,F231
F29,F231
F010,F231
F058,F231
F050,F232
F200,F232
F058,F232
F010,F232
F070,F232
F29,F232
F020,F232
F000,F232
F000,F233
F050,F233
F020,F233
F29,F233
F070,F233
F058,F233
F010,F233
F200,F233
F070,F238
F020,F238
F010,F238
F000,F238
F050,F238
F200,F238
F29,F238
F058,F238
F200,F239
F050,F239
F000,F239
F010,F239
F29,F239
F070,F239
F020,F239
F058,F239
F000,F24
F010,F24
F050,F24
F200,F24
F070,F24
F020,F24
F058,F24
F29,F24
F010,F250
F050,F250
F058,F250
F000,F250
F200,F250
F020,F250
F29,F250
F070,F250
F000,F251
F020,F251
F050,F251
F29,F251
F058,F251
F200,F251
F010,F251
F070,F251
F200,F252
F050,F252
F070,F252
F058,F252
F010,F252
F29,F252
F020,F252
F000,F252
F058,F258
F200,F258
F020,F258
F070,F258
F050,F258
F29,F258
F010,F258
F000,F258
F050,F259
F020,F259
F200,F259
F29,F259
F058,F259
F000,F259
F010,F259
F070,F259
F058,F28
F050,F28
F020,F28
F010,F28
F200,F28
F070,F28
F29,F28
F000,F28
F050,F29
F070,F29
F010,F29
F000,F29
F020,F29
F200,F29
F29,F29
F058,F29
F010,F300
F200,F300
F070,F300
F050,F300
F020,F300
F29,F300
F000,F300
F058,F300
F050,F301
F058,F301
F010,F301
F000,F301
F070,F301
F020,F301
F29,F301
F200,F301
F29,F302
F000,F302
F058,F302
F010,F302
F070,F302
F200,F302
F050,F302
F020,F302
F29,F308
F200,F308
F010,F308
F050,F308
F070,F308
F020,F308
F058,F308
F000,F308
F000,F309
F200,F309
F070,F309
F020,F309
F058,F309
F010,F309
F050,F309
F29,F309
F070,F310
F29,F310
F050,F310
F000,F310
F010,F310
F200,F310
F058,F310
F020,F310
F058,F311
F050,F311
F000,F311
F070,F311
F020,F311
F010,F311
F29,F311
F200,F311
F010,F312
F020,F312
F000,F312
F200,F312
F050,F312
F058,F312
F29,F312
F070,F312
F200,F313
F010,F313
F058,F313
F000,F313
F070,F313
F020,F313
F050,F313
F29,F313
F000,F3130
F29,F3130
F200,F3130
F010,F3130
F050,F3130
F070,F3130
F058,F3130
F020,F3130
F010,F3131
F058,F3131
F000,F3131
F200,F3131
F050,F3131
F070,F3131
F020,F3131
F29,F3131
F050,F314
F020,F314
F29,F314
F058,F314
F010,F314
F070,F314
F200,F314
F000,F314
F000,F315
F050,F315
F200,F315
F058,F315
F070,F315
F29,F315
F010,F315
F020,F315
F070,F316
F200,F316
F050,F316
F010,F316
F058,F316
F020,F316
F29,F316
F000,F316
F29,F317
F010,F317
F020,F317
F050,F317
F000,F317
F070,F317
F058,F317
F200,F317
F058,F318
F000,F318
F020,F318
F070,F318
F29,F318
F200,F318
F010,F318
F050,F318
F050,F319
F058,F319
F010,F319
F020,F319
F000,F319
F200,F319
F29,F319
F070,F319
F29,F320
F050,F320
F010,F320
F000,F320
F200,F320
F070,F320
F058,F320
F020,F320
F058,F3200
F070,F3200
F010,F3200
F050,F3200
F020,F3200
F200,F3200
F29,F3200
F000,F3200
F000,F3201
F050,F3201
F058,F3201
F010,F3201
F29,F3201
F020,F3201
F070,F3201
F200,F3201
F200,F321
F010,F321
F070,F321
F058,F321
F000,F321
F020,F321
F050,F321
F29,F321
F050,F3210
F29,F3210
F010,F3210
F070,F3210
F200,F3210
F020,F3210
F000,F3210
F058,F3210
F050,F3211
F200,F3211
F020,F3211
F000,F3211
F070,F3211
F010,F3211
F29,F3211
F058,F3211
F010,F322
F000,F322
F200,F322
F070,F322
F058,F322
F29,F322
F020,F322
F050,F322
F070,F323
F058,F323
F000,F323
F29,F323
F010,F323
F050,F323
F200,F323
F020,F323
F000,F3230
F010,F3230
F29,F3230
F070,F3230
F200,F3230
F050,F3230
F020,F3230
F058,F3230
F200,F3231
F058,F3231
F010,F3231
F020,F3231
F29,F3231
F000,F3231
F070,F3231
F050,F3231
F29,F328
F200,F328
F058,F328
F020,F328
F000,F328
F050,F328
F070,F328
F010,F328
F020,F329
F050,F329
F070,F329
F010,F329
F058,F329
F200,F329
F29,F329
F000,F329
F070,F330
F010,F330
F000,F330
F200,F330
F29,F330
F020,F330
F050,F330
F058,F330
F000,F3300
F070,F3300
F200,F3300
F050,F3300
F020,F3300
F058,F3300
F29,F3300
F010,F3300
F29,F3301
F010,F3301
F050,F3301
F000,F3301
F020,F3301
F200,F3301
F070,F3301
F058,F3301
F000,F331
F070,F331
F050,F331
F058,F331
F200,F331
F29,F331
F020,F331
F010,F331
F200,F3310
F29,F3310
F020,F3310
F050,F3310
F070,F3310
F010,F3310
F058,F3310
F000,F3310
F070,F3311
F200,F3311
F29,F3311
F058,F3311
F050,F3311
F020,F3311
F010,F3311
F000,F3311
F000,F332
F29,F332
F020,F332
F010,F332
F200,F332
F070,F332
F058,F332
F050,F332
F020,F333
F29,F333
F000,F333
F200,F333
F058,F333
F050,F333
F070,F333
F010,F333
F200,F3330
F000,F3330
F010,F3330
F29,F3330
F070,F3330
F050,F3330
F020,F3330
F058,F3330
F020,F3331
F200,F3331
F000,F3331
F070,F3331
F29,F3331
F058,F3331
F010,F3331
F050,F3331
F070,F334
F200,F334
F010,F334
F020,F334
F29,F334
F058,F334
F000,F334
F050,F334
F200,F338
F050,F338
F020,F338
F070,F338
F000,F338
F29,F338
F010,F338
F058,F338
F050,F339
F000,F339
F010,F339
F020,F339
F070,F339
F058,F339
F200,F339
F29,F339
F070,F340
F010,F340
F200,F340
F050,F340
F29,F340
F000,F340
F058,F340
F020,F340
F070,F341
F050,F341
F010,F341
F000,F341
F020,F341
F058,F341
F29,F341
F200,F341
F020,F348
F058,F348
F050,F348
F010,F348
F200,F348
F29,F348
F070,F348
F000,F348
F29,F349
F000,F349
F050,F349
F070,F349
F010,F349
F058,F349
F020,F349
F200,F349
F29,F380
F050,F380
F000,F380
F070,F380
F058,F380
F010,F380
F020,F380
F200,F380
F020,F3800
F010,F3800
F200,F3800
F058,F3800
F050,F3800
F29,F3800
F070,F3800
F000,F3800
F070,F381
F29,F381
F200,F381
F050,F381
F010,F381
F020,F381
F058,F381
F000,F381
F070,F3810
F200,F3810
F010,F3810
F050,F3810
F000,F3810
F29,F3810
F058,F3810
F020,F3810
F020,F388
F200,F388
F000,F388
F050,F388
F010,F388
F29,F388
F058,F388
F070,F388
F200,F39
F010,F39
F000,F39
F29,F39
F020,F39
F058,F39
F050,F39
F070,F39
F29,F400
F058,F400
F020,F400
F010,F400
F200,F400
F070,F400
F000,F400
F050,F400
F050,F4000
F000,F4000
F200,F4000
F010,F4000
F29,F4000
F058,F4000
F020,F4000
F070,F4000
F200,F4001
F070,F4001
F010,F4001
F020,F4001
F29,F4001
F000,F4001
F050,F4001
F058,F4001
F200,F401
F058,F401
F000,F401
F050,F401
F070,F401
F010,F401
F29,F401
F020,F401
F29,F402
F000,F402
F020,F402
F010,F402
F200,F402
F070,F402
F050,F402
F058,F402
F070,F408
F010,F408
F050,F408
F000,F408
F020,F408
F29,F408
F058,F408
F200,F408
F29,F409
F050,F409
F000,F409
F010,F409
F070,F409
F020,F409
F200,F409
F058,F409
F000,F410
F29,F410
F070,F410
F058,F410
F010,F410
F050,F410
F020,F410
F200,F410
F010,F411
F058,F411
F020,F411
F29,F411
F050,F411
F200,F411
F070,F411
F000,F411
F058,F412
F010,F412
F29,F412
F020,F412
F000,F412
F070,F412
F050,F412
F200,F412
F020,F413
F000,F413
F010,F413
F050,F413
F070,F413
F200,F413
F058,F413
F29,F413
F070,F418
F000,F418
F058,F418
F020,F418
F200,F418
F29,F418
F050,F418
F010,F418
F29,F419
F500,F419
F020,F419
F050,F419
F200,F419
F000,F419
F010,F419
F058,F419
F070,F419
F29,F420
F050,F420
F070,F420
F500,F420
F000,F420
F058,F420
F010,F420
F020,F420
F200,F420
F29,F421
F058,F421
F020,F421
F200,F421
F070,F421
F050,F421
F010,F421
F000,F421
F000,F422
F200,F422
F070,F422
F29,F422
F020,F422
F050,F422
F010,F422
F058,F422
F050,F428
F200,F428
F058,F428
F29,F428
F000,F428
F070,F428
F010,F428
F020,F428
F050,F429
F200,F429
F000,F429
F070,F429
F29,F429
F010,F429
F020,F429
F058,F429
F000,F430
F070,F430
F050,F430
F020,F430
F058,F430
F010,F430
F200,F430
F29,F430
F000,F431
F050,F431
F29,F431
F058,F431
F020,F431
F200,F431
F070,F431
F010,F431
F020,F432
F200,F432
F050,F432
F070,F432
F000,F432
F29,F432
F058,F432
F010,F432
F050,F4320
F200,F4320
F070,F4320
F000,F4320
F058,F4320
F29,F4320
F020,F4320
F010,F4320
F058,F4321
F050,F4321
F020,F4321
F070,F4321
F200,F4321
F010,F4321
F29,F4321
F000,F4321
F058,F4322
F000,F4322
F020,F4322
F200,F4322
F29,F4322
F050,F4322
F010,F4322
F070,F4322
F29,F4323
F020,F4323
F010,F4323
F000,F4323
F070,F4323
F200,F4323
F058,F4323
F050,F4323
F29,F4324
F020,F4324
F010,F4324
F050,F4324
F000,F4324
F058,F4324
F200,F4324
F070,F4324
F200,F4325
F000,F4325
F29,F4325
F050,F4325
F058,F4325
F020,F4325
F070,F4325
F010,F4325
F020,F4328
F000,F4328
F200,F4328
F29,F4328
F058,F4328
F050,F4328
F070,F4328
F010,F4328
F200,F438
F29,F438
F070,F438
F050,F438
F010,F438
F000,F438
F058,F438
F020,F438
F070,F439
F200,F439
F000,F439
F010,F439
F050,F439
F020,F439
F29,F439
F058,F439
F000,F440
F200,F440
F070,F440
F058,F440
F010,F440
F020,F440
F29,F440
F050,F440
F020,F441
F000,F441
F058,F441
F200,F441
F050,F441
F010,F441
F29,F441
F070,F441
F200,F442
F29,F442
F070,F442
F000,F442
F058,F442
F010,F442
F020,F442
F050,F442
F200,F443
F29,F443
F050,F443
F010,F443
F070,F443
F000,F443
F020,F443
F058,F443
F070,F444
F000,F444
F29,F444
F050,F444
F058,F444
F010,F444
F020,F444
F200,F444
F058,F445
F010,F445
F29,F445
F070,F445
F000,F445
F200,F445
F020,F445
F050,F445
F010,F446
F020,F446
F058,F446
F200,F446
F29,F446
F070,F446
F050,F446
F000,F446
F29,F447
F010,F447
F050,F447
F058,F447
F000,F447
F200,F447
F070,F447
F020,F447
F020,F448
F058,F448
F070,F448
F200,F448
F000,F448
F29,F448
F050,F448
F010,F448
F010,F4480
F058,F4480
F050,F4480
F070,F4480
F200,F4480
F29,F4480
F000,F4480
F020,F4480
F29,F4481
F070,F4481
F000,F4481
F050,F4481
F020,F4481
F058,F4481
F200,F4481
F010,F4481
F058,F4482
F200,F4482
F010,F4482
F050,F4482
F29,F4482
F020,F4482
F070,F4482
F000,F4482
F058,F4488
F050,F4488
F000,F4488
F010,F4488
F200,F4488
F29,F4488
F020,F4488
F070,F4488
F000,F449
F050,F449
F010,F449
F29,F449
F070,F449
F200,F449
F020,F449
F058,F449
F058,F450
F070,F450
F020,F450
F000,F450
F050,F450
F010,F450
F200,F450
F29,F450
F29,F451
F010,F451
F000,F451
F200,F451
F020,F451
F058,F451
F070,F451
F050,F451
F000,F452
F010,F452
F070,F452
F058,F452
F020,F452
F200,F452
F29,F452
F050,F452
F010,F453
F050,F453
F000,F453
F29,F453
F200,F453
F070,F453
F020,F453
F058,F453
F29,F4530
F050,F4530
F058,F4530
F070,F4530
F020,F4530
F010,F4530
F000,F4530
F200,F4530
F200,F4531
F29,F4531
F058,F4531
F020,F4531
F070,F4531
F000,F4531
F010,F4531
F050,F4531
F29,F4532
F010,F4532
F050,F4532
F000,F4532
F058,F4532
F070,F4532
F500,F4532
F020,F4532
F200,F4532
F200,F4533
F058,F4533
F010,F4533
F020,F4533
F29,F4533
F500,F4533
F000,F4533
F050,F4533
F070,F4533
F29,F4534
F000,F4534
F058,F4534
F050,F4534
F070,F4534
F200,F4534
F010,F4534
F020,F4534
F020,F4538
F200,F4538
F050,F4538
F070,F4538
F058,F4538
F010,F4538
F000,F4538
F29,F4538
F020,F4539
F050,F4539
F010,F4539
F000,F4539
F29,F4539
F058,F4539
F070,F4539
F200,F4539
F29,F454
F010,F454
F070,F454
F020,F454
F058,F454
F050,F454
F200,F454
F000,F454
F050,F458
F070,F458
F020,F458
F000,F458
F058,F458
F29,F458
F010,F458
F200,F458
F070,F459
F010,F459
F000,F459
F020,F459
F29,F459
F050,F459
F200,F459
F058,F459
F200,F480
F050,F480
F020,F480
F058,F480
F000,F480
F010,F480
F29,F480
F070,F480
F058,F481
F020,F481
F010,F481
F200,F481
F070,F481
F050,F481
F000,F481
F29,F481
F058,F488
F29,F488
F020,F488
F010,F488
F050,F488
F070,F488
F200,F488
F000,F488
F000,F489
F050,F489
F29,F489
F010,F489
F058,F489
F200,F489
F020,F489
F070,F489
F020,F500
F070,F500
F29,F500
F058,F500
F000,F500
F200,F500
F500,F500
F010,F500
F050,F500
F058,F501
F000,F501
F020,F501
F200,F501
F050,F501
F500,F501
F29,F501
F010,F501
F070,F501
F200,F502
F058,F502
F020,F502
F050,F502
F000,F502
F010,F502
F500,F502
F29,F502
F070,F502
F500,F503
F020,F503
F050,F503
F058,F503
F070,F503
F29,F503
F010,F503
F000,F503
F200,F503
F050,F504
F058,F504
F500,F504
F29,F504
F200,F504
F070,F504
F000,F504
F020,F504
F010,F504
F200,F505
F020,F505
F050,F505
F000,F505
F010,F505
F070,F505
F500,F505
F29,F505
F058,F505
F020,F508
F000,F508
F010,F508
F070,F508
F29,F508
F050,F508
F058,F508
F200,F508
F500,F508
F000,F509
F29,F509
F010,F509
F500,F509
F058,F509
F200,F509
F070,F509
F050,F509
F020,F509
F050,F510
F29,F510
F058,F510
F200,F510
F010,F510
F000,F510
F070,F510
F020,F510
F020,F511
F200,F511
F29,F511
F010,F511
F050,F511
F058,F511
F000,F511
F070,F511
F010,F512
F050,F512
F058,F512
F000,F512
F070,F512
F29,F512
F020,F512
F200,F512
F200,F513
F020,F513
F010,F513
F070,F513
F050,F513
F000,F513
F058,F513
F29,F513
F058,F514
F200,F514
F29,F514
F000,F514
F050,F514
F020,F514
F010,F514
F070,F514
F020,F515
F000,F515
F070,F515
F058,F515
F29,F515
F200,F515
F010,F515
F050,F515
F050,F518
F000,F518
F020,F518
F010,F518
F070,F518
F058,F518
F29,F518
F200,F518
F020,F519
F058,F519
F200,F519
F070,F519
F010,F519
F050,F519
F000,F519
F29,F519
F1003,F550
F060,F550
F1003,F551
F060,F551
F1003,F552
F060,F552
F060,F553
F1003,F553
F1003,F554
F060,F554
F060,F555
F1003,F555
F060,F556
F1003,F556
F1003,F558
F060,F558
F060,F559
F1003,F559
F020,F59
F010,F59
F200,F59
F000,F59
F050,F59
F070,F59
F29,F59
F058,F59
F070,F600
F050,F600
F058,F600
F010,F600
F000,F600
F020,F600
F29,F600
F200,F600
F000,F601
F29,F601
F200,F601
F010,F601
F050,F601
F020,F601
F070,F601
F058,F601
F010,F602
F200,F602
F000,F602
F020,F602
F058,F602
F070,F602
F050,F602
F29,F602
F020,F603
F29,F603
F000,F603
F070,F603
F058,F603
F010,F603
F200,F603
F050,F603
F200,F6030
F050,F6030
F020,F6030
F29,F6030
F070,F6030
F010,F6030
F000,F6030
F058,F6030
F050,F6031
F010,F6031
F29,F6031
F058,F6031
F200,F6031
F020,F6031
F070,F6031
F000,F6031
F050,F6038
F058,F6038
F200,F6038
F010,F6038
F020,F6038
F29,F6038
F000,F6038
F070,F6038
F070,F6039
F010,F6039
F000,F6039
F058,F6039
F29,F6039
F200,F6039
F020,F6039
F050,F6039
F29,F604
F050,F604
F010,F604
F200,F604
F070,F604
F000,F604
F058,F604
F020,F604
F020,F605
F010,F605
F000,F605
F070,F605
F200,F605
F050,F605
F29,F605
F058,F605
F000,F606
F020,F606
F29,F606
F200,F606
F050,F606
F070,F606
F058,F606
F010,F606
F010,F607
F000,F607
F058,F607
F020,F607
F29,F607
F070,F607
F050,F607
F200,F607
F070,F608
F000,F608
F200,F608
F020,F608
F29,F608
F010,F608
F050,F608
F058,F608
F070,F609
F29,F609
F020,F609
F200,F609
F000,F609
F010,F609
F058,F609
F050,F609
F29,F61
F058,F61
F000,F61
F020,F61
F070,F61
F200,F61
F050,F61
F010,F61
F29,F610
F050,F610
F020,F610
F070,F610
F200,F610
F010,F610
F058,F610
F000,F610
F050,F611
F070,F611
F29,F611
F200,F611
F010,F611
F058,F611
F000,F611
F020,F611
F050,F620
F020,F620
F010,F620
F070,F620
F200,F620
F29,F620
F058,F620
F000,F620
F058,F621
F29,F621
F020,F621
F070,F621
F200,F621
F050,F621
F010,F621
F000,F621
F000,F628
F050,F628
F070,F628
F29,F628
F058,F628
F010,F628
F020,F628
F200,F628
F000,F629
F020,F629
F050,F629
F058,F629
F29,F629
F200,F629
F070,F629
F010,F629
F000,F630
F010,F630
F070,F630
F29,F630
F058,F630
F200,F630
F020,F630
F050,F630
F070,F631
F050,F631
F020,F631
F010,F631
F200,F631
F29,F631
F000,F631
F058,F631
F29,F632
F200,F632
F058,F632
F000,F632
F010,F632
F020,F632
F070,F632
F050,F632
F070,F633
F020,F633
F29,F633
F058,F633
F010,F633
F200,F633
F050,F633
F000,F633
F29,F638
F050,F638
F000,F638
F020,F638
F200,F638
F070,F638
F058,F638
F010,F638
F200,F639
F070,F639
F010,F639
F020,F639
F058,F639
F050,F639
F29,F639
F000,F639
F020,F680
F010,F680
F058,F680
F000,F680
F29,F680
F070,F680
F200,F680
F050,F680
F000,F681
F29,F681
F050,F681
F020,F681
F070,F681
F058,F681
F010,F681
F200,F681
F200,F688
F050,F688
F010,F688
F000,F688
F020,F688
F070,F688
F29,F688
F058,F688
F020,F69
F010,F69
F070,F69
F000,F69
F29,F69
F058,F69
F050,F69
F200,F69
F010,F700
F000,F700
F29,F700
F050,F700
F020,F700
F058,F700
F200,F700
F070,F700
F020,F701
F010,F701
F050,F701
F000,F701
F070,F701
F29,F701
F200,F701
F058,F701
F010,F708
F000,F708
F200,F708
F050,F708
F070,F708
F058,F708
F020,F708
F29,F708
F050,F709
F070,F709
F000,F709
F200,F709
F020,F709
F010,F709
F058,F709
F29,F709
F010,F710
F020,F710
F050,F710
F200,F710
F29,F710
F058,F710
F000,F710
F070,F710
F020,F711
F200,F711
F000,F711
F058,F711
F010,F711
F050,F711
F29,F711
F070,F711
F29,F718
F010,F718
F050,F718
F200,F718
F000,F718
F070,F718
F058,F718
F020,F718
F070,F719
F000,F719
F058,F719
F020,F719
F29,F719
F010,F719
F200,F719
F050,F719
F058,F720
F070,F720
F29,F720
F020,F720
F010,F720
F050,F720
F200,F720
F000,F720
F200,F721
F020,F721
F070,F721
F29,F721
F050,F721
F058,F721
F000,F721
F010,F721
F050,F728
F29,F728
F200,F728
F010,F728
F070,F728
F058,F728
F020,F728
F000,F728
F050,F729
F058,F729
F010,F729
F000,F729
F200,F729
F020,F729
F070,F729
F29,F729
F058,F730
F010,F730
F000,F730
F29,F730
F020,F730
F070,F730
F050,F730
F200,F730
F020,F731
F050,F731
F010,F731
F29,F731
F200,F731
F000,F731
F058,F731
F070,F731
F010,F738
F050,F738
F070,F738
F200,F738
F058,F738
F000,F738
F020,F738
F29,F738
F058,F739
F070,F739
F000,F739
F29,F739
F050,F739
F010,F739
F020,F739
F200,F739
F020,F780
F200,F780
F058,F780
F000,F780
F29,F780
F050,F780
F010,F780
F070,F780
F058,F781
F010,F781
F050,F781
F200,F781
F020,F781
F070,F781
F000,F781
F29,F781
F050,F788
F070,F788
F058,F788
F200,F788
F010,F788
F000,F788
F29,F788
F020,F788
F050,F789
F070,F789
F010,F789
F020,F789
F29,F789
F000,F789
F200,F789
F058,F789
F29,F790
F200,F790
F000,F790
F010,F790
F050,F790
F058,F790
F070,F790
F020,F790
F050,F791
F000,F791
F020,F791
F070,F791
F010,F791
F058,F791
F200,F791
F29,F791
F050,F798
F020,F798
F000,F798
F070,F798
F29,F798
F058,F798
F200,F798
F010,F798
F058,F799
F29,F799
F050,F799
F020,F799
F070,F799
F200,F799
F010,F799
F000,F799
F050,F800
F070,F800
F058,F800
F010,F800
F000,F800
R470,F800
F200,F800
F020,F800
F29,F800
F000,F801
F058,F801
R470,F801
F020,F801
F200,F801
F070,F801
F29,F801
F010,F801
F050,F801
F070,F802
F010,F802
F200,F802
F000,F802
R470,F802
F020,F802
F29,F802
F050,F802
F058,F802
F058,F803
F010,F803
F020,F803
F200,F803
F29,F803
R470,F803
F050,F803
F000,F803
F070,F803
F000,F808
R470,F808
F010,F808
F058,F808
F29,F808
F070,F808
F200,F808
F020,F808
F050,F808
F010,F809
F000,F809
F200,F809
F050,F809
F070,F809
F058,F809
F29,F809
F020,F809
F200,F810
F29,F810
F058,F810
F050,F810
F020,F810
F070,F810
F010,F810
F000,F810
F000,F811
F070,F811
F020,F811
F200,F811
F010,F811
F29,F811
F058,F811
F050,F811
F058,F812
F020,F812
F200,F812
F29,F812
F010,F812
F070,F812
F050,F812
F000,F812
F010,F813
F020,F813
F200,F813
F000,F813
F070,F813
F050,F813
F058,F813
F29,F813
F058,F818
F200,F818
F050,F818
F29,F818
F010,F818
F020,F818
F070,F818
F000,F818
F058,F819
F050,F819
F200,F819
F010,F819
F000,F819
F29,F819
F070,F819
F020,F819
F200,F82
F070,F82
F000,F82
F050,F82
F29,F82
F010,F82
F058,F82
F020,F82
F070,F83
F000,F83
F058,F83
F050,F83
F020,F83
F200,F83
F010,F83
F29,F83
F010,F840
F000,F840
F050,F840
F058,F840
F200,F840
F020,F840
F29,F840
F070,F840
F000,F841
F010,F841
F058,F841
F200,F841
F070,F841
F050,F841
F020,F841
F29,F841
F200,F842
F050,F843
F020,F843
F29,F843
F200,F843
F010,F843
F058,F843
F070,F843
F000,F843
F010,F844
F200,F844
F29,F844
F020,F844
F000,F844
F070,F844
F050,F844
F058,F844
F29,F845
F058,F845
F020,F845
F070,F845
F200,F845
F000,F845
F050,F845
F010,F845
F000,F848
F020,F848
F29,F848
F058,F848
F200,F848
F070,F848
F010,F848
F050,F848
F200,F849
F010,F849
F070,F849
F050,F849
F058,F849
F020,F849
F000,F849
F29,F849
F020,F88
F000,F88
F058,F88
F200,F88
F29,F88
F050,F88
F070,F88
F010,F88
F058,F89
F200,F89
F050,F89
F29,F89
F020,F89
F070,F89
F010,F89
F000,F89
F29,F900
F050,F900
F010,F900
F200,F900
F070,F900
F000,F900
F020,F900
F058,F900
F070,F901
F058,F901
F020,F901
F000,F901
F010,F901
F29,F901
F200,F901
F050,F901
F000,F908
F050,F908
F010,F908
F200,F908
F29,F908
F058,F908
F020,F908
F070,F908
F200,F909
F020,F909
F010,F909
F058,F909
F000,F909
F050,F909
F070,F909
F29,F909
F050,F910
F000,F910
F200,F910
F29,F910
F010,F910
F070,F910
F020,F910
F058,F910
F000,F911
F29,F911
F070,F911
F010,F911
F058,F911
F020,F911
F050,F911
F200,F911
F200,F912
F29,F912
F050,F912
F010,F912
F000,F912
F058,F912
F070,F912
F020,F912
F200,F913
F020,F913
F000,F913
F29,F913
F050,F913
F010,F913
F058,F913
F070,F913
F070,F918
F29,F918
F020,F918
F058,F918
F050,F918
F010,F918
F200,F918
F000,F918
F29,F919
F000,F919
F050,F919
F020,F919
F010,F919
F070,F919
F058,F919
F200,F919
F200,F920
F050,F920
F058,F920
F070,F920
F010,F920
F000,F920
F020,F920
F29,F920
F200,F928
F020,F928
F000,F928
F010,F928
F070,F928
F050,F928
F29,F928
F058,F928
F29,F929
F000,F929
F070,F929
F058,F929
F200,F929
F010,F929
F020,F929
F050,F929
F200,F930
F29,F930
F050,F930
F020,F930
F010,F930
F058,F930
F000,F930
F070,F930
F000,F931
F020,F931
F29,F931
F058,F931
F070,F931
F050,F931
F010,F931
F200,F931
F058,F932
F010,F932
F29,F932
F020,F932
F050,F932
F070,F932
F000,F932
F200,F932
F000,F933
F010,F933
F020,F933
F29,F933
F200,F933
F050,F933
F058,F933
F070,F933
F070,F938
F020,F938
F010,F938
F500,F938
F29,F938
F200,F938
F058,F938
F000,F938
F050,F938
F200,F939
F050,F939
F010,F939
F020,F939
F000,F939
F29,F939
F058,F939
F500,F939
F070,F939
F000,F940
F010,F940
F29,F940
F070,F940
F050,F940
F058,F940
F200,F940
F020,F940
F050,F941
F000,F941
F010,F941
F200,F941
F020,F941
F29,F941
F058,F941
F070,F941
F050,F942
F010,F942
F000,F942
F200,F942
F020,F942
F058,F942
F070,F942
F29,F942
F020,F948
F29,F948
F200,F948
F050,F948
F010,F948
F000,F948
F058,F948
F070,F948
F020,F949
F29,F949
F010,F949
F200,F949
F058,F949
F000,F949
F070,F949
F050,F949
F000,F950
F058,F950
F020,F950
F29,F950
F050,F950
F070,F950
F010,F950
F200,F950
F050,F951
F29,F951
F000,F951
F020,F951
F200,F951
F058,F951
F010,F951
F070,F951
F200,F952
F058,F952
F050,F952
F000,F952
F020,F952
F010,F952
F29,F952
F070,F952
F29,F958
F020,F958
F010,F958
F058,F958
F200,F958
F050,F958
F000,F958
F070,F958
F058,F959
F010,F959
F070,F959
F000,F959
F29,F959
F020,F959
F200,F959
F050,F959
F010,F980
F200,F980
F058,F980
F070,F980
F29,F980
F000,F980
F050,F980
F020,F980
F200,F981
F000,F981
F010,F981
F020,F981
F29,F981
F058,F981
F050,F981
F070,F981
F070,F982
F200,F982
F000,F982
F050,F982
F29,F982
F500,F982
F058,F982
F020,F982
F010,F982
F29,F983
F000,F983
F020,F983
F200,F983
F500,F983
F070,F983
F058,F983
F050,F983
F010,F983
F010,F984
F058,F984
F29,F984
F200,F984
F070,F984
F000,F984
F050,F984
F020,F984
R470,F985
F058,F985
F020,F985
F29,F985
F200,F985
F000,F985
F050,F985
F070,F985
F010,F985
F010,F986
F000,F986
F050,F986
F020,F986
F29,F986
F200,F986
F070,F986
F058,F986
R470,F986
F020,F988
F050,F988
F070,F988
F010,F988
F000,F988
F29,F988
F058,F988
F200,F988
R470,F988
F29,F989
F010,F989
F058,F989
R470,F989
F020,F989
F000,F989
F050,F989
F070,F989
F200,F989
F200,F99
F000,F99
F29,F99
F050,F99
F020,F99
F010,F99
F070,F99
F058,F99
B375,G000
A390,G000
G058,G000
B010,G000
G020,G000
G610,G000
G050,G000
B384,G000
B003,G000
B021,G000
B051,G000
A170,G000
G000,G000
B261,G000
B375,G001
B010,G001
G610,G001
G000,G001
B003,G001
B384,G001
G050,G001
A170,G001
G058,G001
B051,G001
G020,G001
A390,G001
B261,G001
B021,G001
A390,G002
B051,G002
B384,G002
G000,G002
B021,G002
B003,G002
B010,G002
A170,G002
B261,G002
G050,G002
B375,G002
G610,G002
G020,G002
G058,G002
B051,G003
G050,G003
A170,G003
B010,G003
A390,G003
B003,G003
B021,G003
G020,G003
G058,G003
G610,G003
G000,G003
B375,G003
B261,G003
B384,G003
G058,G008
B384,G008
A170,G008
B021,G008
B261,G008
G000,G008
B003,G008
A390,G008
B051,G008
B375,G008
G610,G008
G020,G008
G050,G008
B010,G008
B021,G009
B384,G009
A390,G009
G050,G009
B003,G009
G610,G009
G000,G009
A170,G009
B051,G009
G058,G009
G020,G009
B010,G009
B375,G009
B261,G009
B051,G01
G058,G01
G050,G01
A170,G01
B021,G01
B003,G01
A390,G01
G020,G01
B010,G01
B384,G01
G610,G01
B261,G01
B375,G01
A399,G01
G000,G01
B375,G020
B051,G020
G610,G020
B384,G020
B003,G020
A170,G020
G058,G020
A390,G020
G050,G020
G000,G020
B021,G020
G020,G020
B010,G020
B261,G020
B375,G021
B021,G021
B384,G021
B010,G021
G020,G021
G058,G021
A170,G021
G610,G021
G050,G021
B003,G021
G000,G021
A390,G021
B261,G021
B451,G021
B051,G021
B384,G028
B021,G028
B051,G028
A170,G028
B375,G028
G000,G028
G058,G028
G610,G028
G050,G028
B261,G028
B003,G028
B010,G028
A390,G028
G020,G028
B375,G030
A390,G030
A170,G030
B051,G030
G610,G030
B021,G030
G000,G030
G058,G030
B003,G030
G050,G030
B261,G030
B010,G030
G020,G030
B384,G030
B384,G031
G020,G031
G058,G031
A170,G031
B375,G031
G050,G031
B051,G031
A390,G031
B003,G031
G610,G031
B021,G031
B261,G031
G000,G031
B010,G031
A170,G032
B261,G032
A390,G032
G020,G032
B051,G032
G050,G032
B021,G032
B010,G032
G058,G032
G000,G032
G610,G032
B384,G032
B003,G032
B375,G032
B261,G038
G610,G038
G000,G038
G050,G038
B021,G038
G058,G038
B375,G038
B010,G038
G020,G038
B384,G038
B003,G038
A390,G038
A170,G038
B051,G038
B375,G039
B051,G039
B261,G039
G610,G039
G000,G039
G020,G039
A390,G039
B021,G039
B003,G039
B384,G039
B010,G039
A170,G039
G058,G039
G050,G039
A398,G050
G000,G050
G058,G050
G050,G050
G020,G050
G050,G051
G000,G051
G020,G051
G058,G051
B602,G052
B451,G052
G000,G052
G058,G052
G020,G052
G050,G052
B408,G052
G058,G058
G000,G058
G020,G058
G050,G058
G060,G060
G062,G060
G060,G061
G061,G061
G062,G061
G060,G062
G062,G062
G050,G07
G062,G07
G000,G07
G058,G07
G020,G07
G062,G08
G120,G118
G120,G119
G120,G120
G120,G121
G120,G122
G120,G128
G120,G129
E035,G132
A35,G14
G14,G14
G20,G20
G20,G210
G20,G211
G20,G212
G20,G213
G20,G218
G20,G219
G20,G22
G20,G230
G20,G231
G20,G232
G20,G238
G20,G239
G20,G250
G20,G251
G20,G252
G20,G258
G20,G259
G911,G318
G940,G318
G911,G319
G940,G319
E538,G320
E538,G328
G35,G35
G35,G360
G35,G361
G35,G368
G35,G369
G35,G370
G35,G371
G35,G372
G35,G373
G35,G374
G35,G375
G35,G378
G35,G379
G410,G400
R560,G400
G403,G400
G403,G401
G410,G401
R560,G401
G403,G402
G410,G402
R560,G402
G403,G403
G410,G403
R560,G403
G410,G404
G403,G404
R560,G404
G403,G405
G410,G405
R560,G405
R560,G406
G403,G406
G410,G406
R560,G407
G403,G407
G410,G407
G410,G408
R560,G408
G403,G408
R560,G409
G403,G409
G410,G409
G403,G410
R560,G410
G410,G410
G410,G411
G403,G411
R560,G411
G410,G412
G403,G412
R560,G412
R560,G418
G410,G418
G403,G418
G403,G419
R560,G419
G410,G419
G464,G463
G464,G464
D868,G532
G610,G610
B268,G630
E538,G634
M0530,G636
D868,G638
N188,G638
G700,G700
G730,G700
G702,G702
G736,G710
G710,G710
G710,G711
G736,G711
G710,G712
G736,G712
G736,G713
G710,G713
G736,G718
G710,G718
G710,G719
G736,G719
G710,G720
G736,G720
G710,G721
G736,G721
G736,G722
G710,G722
G736,G723
G710,G723
G710,G724
G736,G724
G710,G728
G736,G728
G710,G729
G736,G729
E050,G730
E059,G730
G700,G730
G730,G730
G700,G731
G730,G731
G700,G732
G730,G732
G700,G733
G730,G733
E213,G735
E230,G735
M638,G735
E059,G735
E200,G735
E050,G735
E249,G735
G736,G736
M638,G736
G710,G736
D868,G737
M0530,G737
G800,G800
G800,G801
G800,G802
G800,G803
G800,G804
G800,G808
G800,G809
G800,G810
G800,G811
G800,G819
G800,G820
G800,G821
G800,G822
G800,G823
G800,G824
G800,G825
G800,G830
G800,G831
G800,G832
G800,G833
G800,G834
G800,G838
G800,G839
G120,G900
G120,G901
G120,G902
G120,G903
G120,G904
G120,G908
G120,G909
G911,G910
G940,G910
G911,G911
G940,G911
G940,G912
G911,G912
G911,G913
G940,G913
G911,G918
G940,G918
G940,G919
G911,G919
G931,G931
G931,G932
B220,G934
G403,G938
G800,G938
E035,G938
G410,G938
G940,G938
R402,G938
G060,G938
R560,G938
G911,G938
G410,G939
G940,G939
G403,G939
R402,G939
E035,G939
R560,G939
G911,G939
G800,G939
G060,G939
G911,G940
G940,G940
G911,G941
G940,G941
G911,G942
G940,G942
G940,G948
G911,G948
G120,G950
G120,G951
G120,G952
G120,G958
G120,G959
G960,G960
B051,G968
G730,G968
B021,G968
G710,G968
B261,G968
G972,G968
B010,G968
E035,G968
G000,G968
G736,G968
A178,G968
B384,G968
G120,G968
G410,G968
G610,G968
G058,G968
G700,G968
G800,G968
R402,G968
G931,G968
G403,G968
R560,G968
B375,G968
B003,G968
G960,G968
G020,G968
A170,G968
G050,G968
A390,G968
G058,G969
B384,G969
B261,G969
B010,G969
E035,G969
A170,G969
B021,G969
G120,G969
B003,G969
G000,G969
B375,G969
A390,G969
G020,G969
R402,G969
G730,G969
G960,G969
G403,G969
G050,G969
R560,G969
G972,G969
G410,G969
G700,G969
G800,G969
B051,G969
G610,G969
G710,G969
G931,G969
A178,G969
G736,G969
G972,G970
G960,G970
G972,G971
G972,G972
G972,G978
G972,G979
G972,G98
E059,G990
B461,G998
N188,G998
E059,H038
E050,H062
E059,H062
A398,H131
B601,H131
L120,H133
B601,H192
D868,H221
E200,H281
A521,H320
B399,H320
N188,H328
D570,H368
A520,H368
A521,H368
A521,H480
A504,H480
A521,H481
A398,H481
G35,H481
A521,H588
H958,H590
H602,H601
B001,H621
B378,H622
H661,H650
H661,H651
H661,H652
H661,H653
H661,H654
H661,H659
H661,H660
H661,H661
H661,H662
H661,H663
G058,H664
H661,H664
H661,H669
H661,H680
H661,H681
H661,H690
H661,H698
H661,H699
H661,H700
H950,H700
H661,H701
H950,H701
H950,H702
H661,H702
H661,H708
H950,H708
H950,H709
H661,H709
H661,H71
H661,H720
H661,H721
H661,H722
H661,H728
H661,H729
H661,H730
H661,H731
H661,H738
H661,H739
H661,H740
H661,H741
H661,H742
H661,H743
H661,H744
H661,H745
H661,H748
H661,H749
H950,H838
H950,H839
H950,H938
H950,H939
A521,H940
B022,H940
A521,H948
H950,H948
H950,H950
H950,H951
H950,H958
H958,H958
H958,H959
H950,H959
I070,I018
I060,I018
I050,I018
I080,I018
I081,I018
I070,I019
I050,I019
I080,I019
I060,I019
I081,I019
I050,I050
I340,I050
I080,I050
I390,I050
I390,I051
I050,I051
I340,I051
I080,I051
I390,I052
I080,I052
I340,I052
I050,I052
I340,I058
I080,I058
I390,I058
I050,I058
I080,I059
I390,I059
I050,I059
I340,I059
I350,I060
I390,I060
I060,I060
I081,I060
I080,I060
I080,I061
I390,I061
I060,I061
I350,I061
I081,I061
I390,I062
I080,I062
I060,I062
I081,I062
I350,I062
I081,I068
I390,I068
I080,I068
I350,I068
I060,I068
I390,I069
I350,I069
I060,I069
I081,I069
I080,I069
I360,I070
I081,I070
I070,I070
I390,I070
I070,I071
I390,I071
I081,I071
I360,I071
I390,I072
I360,I072
I070,I072
I081,I072
I081,I078
I360,I078
I390,I078
I070,I078
I390,I079
I360,I079
I070,I079
I081,I079
I080,I080
I390,I080
I050,I080
I081,I080
I340,I080
I060,I081
I080,I081
I340,I081
I081,I081
I050,I081
I350,I081
I070,I081
I360,I081
I390,I081
I070,I082
I081,I082
I360,I082
I060,I082
I350,I082
I390,I082
I340,I083
I390,I083
I060,I083
I081,I083
I360,I083
I050,I083
I350,I083
I080,I083
I070,I083
I340,I088
I060,I088
I080,I088
I050,I088
I350,I088
I390,I088
I080,I089
I060,I089
I390,I089
I340,I089
I350,I089
I050,I089
I060,I090
I070,I090
I050,I090
I081,I090
I090,I090
I080,I090
I090,I091
I090,I092
I081,I098
I090,I098
I070,I098
I080,I098
I060,I098
I050,I098
I050,I099
I090,I099
I081,I099
I070,I099
I080,I099
I110,I099
I060,I099
I120,I10
I110,I10
I110,I110
I120,I110
I120,I119
I110,I119
I120,I120
I110,I120
I120,I129
I110,I129
I120,I130
I110,I130
I110,I131
I120,I131
I110,I132
I120,I132
I110,I139
I120,I139
I120,I150
I110,I150
I110,I151
I120,I151
I110,I152
I120,I152
I120,I158
I110,I158
I120,I159
I110,I159
I240,I200
I200,I200
I240,I201
I200,I201
I200,I208
I240,I208
I240,I209
I200,I209
I240,I210
I210,I210
I200,I210
I240,I211
I210,I211
I200,I211
I210,I212
I240,I212
I200,I212
I240,I213
I200,I213
I210,I213
I240,I214
I210,I214
I200,I214
I200,I219
I240,I219
I210,I219
I200,I220
I240,I220
I210,I220
I200,I221
I240,I221
I210,I221
I210,I228
I240,I228
I200,I228
I240,I229
I200,I229
I210,I229
I231,I230
I411,I230
I234,I230
I410,I230
I412,I230
I400,I230
I230,I230
I235,I230
I418,I230
I971,I230
I410,I231
Q200,I231
I235,I231
I400,I231
I231,I231
I418,I231
I971,I231
I234,I231
I412,I231
I411,I231
I411,I232
I400,I232
I971,I232
I235,I232
I412,I232
I231,I232
I234,I232
I418,I232
I410,I232
Q200,I232
I412,I233
I235,I233
I418,I233
I411,I233
I410,I233
I971,I233
I234,I233
I400,I233
I231,I233
I231,I234
I971,I234
I234,I234
I231,I235
I971,I235
I235,I235
I400,I236
I411,I236
I231,I236
I971,I236
I418,I236
I412,I236
Q200,I236
I234,I236
I410,I236
I235,I236
I418,I238
I400,I238
I412,I238
I235,I238
I231,I238
I234,I238
I411,I238
I410,I238
I971,I238
I241,I240
I240,I240
I240,I241
I241,I241
I241,I248
I200,I248
I240,I248
I200,I249
I240,I249
I241,I249
I240,I255
I200,I255
I240,I256
I200,I256
I240,I258
I200,I258
I240,I259
I200,I259
I260,I260
I260,I269
I270,I270
I270,I272
I270,I278
I270,I279
I270,I288
I270,I289
I320,I300
I300,I300
I328,I300
I300,I301
I328,I301
I320,I301
I320,I308
I328,I308
I300,I308
I300,I309
I320,I309
I328,I309
I230,I310
I230,I311
I230,I312
I230,I313
I328,I318
I230,I318
I300,I318
I320,I318
I320,I319
I230,I319
I300,I319
I328,I319
I300,I320
I328,I320
I320,I320
I328,I321
I320,I321
I300,I321
M0530,I328
I300,I328
I328,I328
I320,I328
I330,I330
I330,I339
I080,I340
I340,I340
I050,I340
I390,I340
I050,I341
I390,I341
I340,I341
I080,I341
I340,I342
I050,I342
I080,I342
I390,I342
I390,I348
I050,I348
I080,I348
I340,I348
I080,I349
I050,I349
I390,I349
I340,I349
I081,I350
I390,I350
I080,I350
I060,I350
I350,I350
I390,I351
I350,I351
I080,I351
I081,I351
I060,I351
I350,I352
I081,I352
I060,I352
I080,I352
I390,I352
I081,I358
I390,I358
I060,I358
I080,I358
I350,I358
I350,I359
I080,I359
I390,I359
I060,I359
I081,I359
I390,I360
I070,I360
I360,I360
I081,I360
I081,I361
I390,I361
I070,I361
I360,I361
I070,I362
I360,I362
I390,I362
I081,I362
I360,I368
I081,I368
I070,I368
I390,I368
I360,I369
I081,I369
I390,I369
I070,I369
I090,I370
I390,I370
I370,I370
I090,I371
I390,I371
I370,I371
I090,I372
I390,I372
I370,I372
I390,I378
I090,I378
I370,I378
I370,I379
I090,I379
I390,I379
I390,I38
I330,I38
M0530,I390
I390,I390
I390,I391
M0530,I391
I390,I392
M0530,I392
I390,I393
M0530,I393
M0530,I394
I390,I394
I390,I398
M0530,I398
I330,I398
I418,I400
I231,I400
I412,I400
I400,I400
I411,I400
I410,I400
I231,I401
I400,I401
I412,I401
I411,I401
I418,I401
I410,I401
I410,I408
I411,I408
I231,I408
I418,I408
I412,I408
I400,I408
I410,I409
I418,I409
I411,I409
I400,I409
I231,I409
I412,I409
I410,I410
I400,I410
I412,I410
I411,I410
I418,I410
I410,I411
I411,I411
B268,I411
I400,I411
I412,I411
I418,I411
I418,I412
I410,I412
I400,I412
I411,I412
I412,I412
I412,I418
D868,I418
I418,I418
I410,I418
I411,I418
M0530,I418
I400,I418
I431,I420
I420,I420
I432,I420
I430,I420
I430,I421
I420,I421
I431,I421
I432,I421
I431,I422
I432,I422
I420,I422
I430,I422
I431,I423
I420,I423
I430,I423
I432,I423
I431,I424
I432,I424
I420,I424
I430,I424
I420,I425
I432,I425
I431,I425
I430,I425
I420,I426
I431,I426
I430,I426
I432,I426
I431,I427
I430,I427
I432,I427
I420,I427
I431,I428
I432,I428
I430,I428
I420,I428
I432,I429
I420,I429
I430,I429
I431,I429
I420,I430
I431,I430
I432,I430
I430,I430
I432,I431
I430,I431
I431,I431
I420,I431
I432,I432
I431,I432
I430,I432
I420,I432
I432,I438
E059,I438
I430,I438
I420,I438
D868,I438
I431,I438
I441,I440
I441,I441
I441,I442
I441,I443
I441,I444
I441,I445
I441,I446
I441,I447
I441,I450
I441,I451
I441,I452
I441,I453
I441,I454
I441,I455
I441,I456
I441,I458
I441,I459
I441,I460
I460,I460
I460,I461
I441,I461
I460,I469
I441,I469
I441,I470
I460,I471
I441,I471
I441,I472
I460,I472
I460,I479
I441,I479
I441,I48
I460,I48
I460,I490
I441,I490
I460,I4900
I441,I4900
I460,I4901
I441,I4901
I441,I4908
I460,I4908
I460,I4909
I441,I4909
I441,I498
I441,I499
J81,I500
I110,I500
I500,I500
J182,I500
J81,I501
I500,I501
J182,I501
I110,I501
J81,I509
J182,I509
I500,I509
I110,I509
I231,I510
I234,I510
I231,I511
I235,I511
I234,I511
I971,I511
I231,I512
I235,I512
I412,I513
I400,I513
I235,I513
I234,I513
I971,I513
Q200,I513
I418,I513
I411,I513
I410,I513
I231,I513
I412,I514
I411,I514
I400,I514
I231,I514
I418,I514
I410,I514
I410,I515
I400,I515
I418,I515
I231,I515
I412,I515
I411,I515
I231,I516
I231,I517
I231,I518
M0530,I528
I600,I600
G464,I600
I64,I600
R402,I600
G464,I601
I600,I601
I64,I601
R402,I601
I600,I602
I64,I602
G464,I602
R402,I602
I600,I603
G464,I603
I64,I603
R402,I603
G464,I604
I600,I604
I64,I604
R402,I604
G464,I605
I64,I605
I600,I605
R402,I605
I600,I606
I64,I606
G464,I606
R402,I606
I600,I607
I670,I607
R402,I607
G464,I607
I64,I607
I600,I608
R402,I608
I64,I608
G464,I608
I670,I608
I64,I609
I600,I609
I670,I609
R402,I609
G464,I609
I64,I610
I600,I610
R402,I610
G464,I610
I600,I611
G464,I611
I64,I611
R402,I611
G464,I612
R402,I612
I64,I612
I600,I612
R402,I613
I64,I613
I600,I613
G464,I613
I600,I614
I64,I614
R402,I614
G464,I614
R402,I615
I600,I615
I64,I615
G464,I615
R402,I616
G464,I616
I600,I616
I64,I616
R402,I618
I64,I618
G464,I618
I600,I618
R402,I619
I64,I619
I600,I619
G464,I619
G464,I620
I64,I620
R402,I620
I600,I620
I64,I621
R402,I621
I600,I621
G464,I621
G464,I629
I600,I629
R402,I629
I64,I629
I630,I630
I630,I631
I630,I632
I64,I633
G464,I633
I660,I633
I633,I633
I64,I634
G464,I634
I660,I634
I633,I634
I630,I634
I64,I635
I660,I635
G464,I635
I633,I635
I636,I636
I64,I636
G464,I636
I630,I638
I64,I638
I636,I638
I660,I638
I633,I638
G464,I638
I636,I639
G464,I639
I630,I639
I660,I639
I64,I639
I633,I639
I660,I64
I64,I64
G464,I64
I636,I64
I633,I64
I630,I650
I630,I651
I630,I652
I630,I653
I630,I658
I630,I659
I660,I660
I633,I660
I64,I660
G464,I660
I64,I661
I660,I661
G464,I661
I633,I661
G464,I662
I633,I662
I64,I662
I660,I662
I660,I663
I64,I663
G464,I663
I633,I663
G464,I664
I660,I664
I633,I664
I64,I664
I633,I668
G464,I668
I64,I668
I660,I668
I633,I669
G464,I669
I660,I669
I64,I669
I64,I670
I660,I670
G464,I670
I633,I670
I670,I670
I600,I671
I674,I674
I674,I675
I674,I676
I681,I677
I677,I677
I682,I677
A520,I681
I682,I681
I677,I681
I681,I681
I682,I682
I681,I682
I677,I682
M321,I682
A520,I688
N188,I688
I710,I710
I710,I711
I710,I712
I710,I713
I710,I714
I710,I715
I710,I716
I710,I718
I710,I719
I730,I730
I730,I731
I730,I738
I730,I739
I740,I740
I740,I741
I744,I742
I740,I742
I744,I743
I743,I743
I744,I744
I743,I744
I745,I745
I745,I748
I740,I748
I743,I748
I744,I748
I740,I749
I744,I749
I745,I749
I743,I749
I670,I778
I730,I778
I670,I779
I730,I779
E105,I792
I800,I800
I800,I801
I800,I802
I800,I803
I800,I808
I800,I809
I820,I81
I740,I81
I820,I820
I820,I821
I820,I822
I823,I823
I820,I828
I823,I828
I820,I829
I823,I829
I830,I830
I830,I831
I830,I832
I830,I839
I850,I850
I850,I859
I823,I878
I850,I878
R58,I878
M300,I878
I820,I878
I982,I878
I800,I878
I982,I879
I800,I879
I823,I879
I850,I879
I820,I879
R58,I879
M300,I879
I070,I970
I060,I970
I080,I970
I050,I970
I971,I970
I081,I970
I090,I970
I971,I971
I979,I978
I978,I978
I979,I979
K717,I982
K710,I982
K702,I982
I982,I982
K710,I983
K702,I983
I982,I983
K717,I983
J010,J010
J010,J011
J010,J012
J010,J013
J010,J014
J010,J018
J010,J019
A155,J020
A155,J028
A155,J029
A155,J040
A155,J041
J050,J041
A155,J042
J050,J042
A155,J050
J050,J050
J050,J051
A155,J051
A155,J060
A155,J068
A155,J069
J200,J09
A481,J09
A155,J09
J182,J09
J851,J09
J170,J09
B583,J09
J172,J09
J101,J09
A310,J09
A150,J09
J173,J09
B390,J09
B485,J09
J990,J09
B583,J100
J990,J100
A310,J100
B390,J100
B485,J100
A481,J100
A155,J100
J170,J100
J173,J100
J101,J100
J851,J100
J182,J100
J172,J100
A150,J100
J200,J100
J173,J101
B390,J101
J182,J101
A155,J101
A150,J101
J990,J101
A481,J101
J170,J101
J101,J101
A310,J101
J200,J101
J172,J101
B485,J101
J851,J101
B583,J101
J200,J108
J101,J108
G050,J108
I411,J108
J182,J108
A310,J110
J101,J110
J990,J110
B390,J110
A155,J110
J182,J110
J851,J110
B485,J110
J172,J110
J200,J110
B583,J110
A481,J110
J173,J110
A150,J110
J170,J110
J170,J111
A481,J111
B390,J111
J200,J111
J990,J111
J101,J111
J851,J111
J182,J111
B485,J111
A310,J111
A155,J111
J172,J111
A150,J111
J173,J111
B583,J111
I411,J118
J101,J118
J200,J118
J182,J118
G050,J118
B485,J120
B390,J120
A310,J120
J172,J120
A150,J120
J851,J120
B583,J120
J170,J120
A481,J120
J173,J120
J990,J120
J182,J120
A155,J120
J990,J121
J172,J121
B485,J121
A150,J121
J170,J121
A481,J121
A155,J121
J851,J121
B583,J121
B390,J121
J173,J121
J182,J121
A310,J121
A310,J122
J990,J122
B485,J122
A481,J122
J170,J122
B390,J122
J173,J122
J182,J122
J851,J122
J172,J122
A155,J122
A150,J122
B583,J122
J990,J128
A150,J128
J172,J128
J851,J128
B485,J128
A481,J128
B583,J128
J170,J128
A155,J128
J173,J128
A310,J128
B390,J128
J182,J128
A310,J129
B583,J129
J172,J129
J182,J129
A481,J129
A150,J129
A155,J129
J990,J129
J170,J129
J173,J129
B485,J129
J851,J129
B390,J129
A155,J13
B485,J13
B390,J13
A481,J13
J851,J13
B583,J13
J172,J13
A310,J13
J170,J13
J990,J13
J182,J13
J173,J13
A150,J13
B583,J14
J851,J14
A310,J14
J170,J14
A150,J14
B485,J14
J990,J14
J172,J14
A155,J14
J173,J14
J182,J14
A481,J14
B390,J14
J851,J150
J173,J150
A155,J150
J172,J150
B390,J150
J182,J150
J170,J150
A150,J150
A310,J150
J990,J150
B485,J150
B583,J150
A481,J150
A150,J151
B583,J151
J851,J151
J182,J151
J172,J151
J170,J151
A155,J151
A310,J151
A481,J151
J990,J151
B390,J151
J173,J151
B485,J151
A310,J152
B485,J152
A155,J152
A481,J152
J170,J152
J182,J152
A150,J152
J990,J152
J172,J152
B583,J152
J851,J152
J173,J152
B390,J152
A310,J153
J182,J153
B583,J153
J172,J153
B485,J153
J173,J153
J990,J153
J170,J153
A481,J153
A150,J153
J851,J153
A155,J153
B390,J153
J172,J154
A150,J154
A155,J154
A481,J154
J851,J154
B390,J154
J182,J154
J170,J154
A310,J154
J990,J154
B485,J154
J173,J154
B583,J154
A150,J155
B390,J155
J990,J155
J170,J155
B485,J155
J182,J155
J173,J155
A310,J155
A155,J155
J172,J155
J851,J155
A481,J155
B583,J155
A155,J156
J182,J156
J172,J156
A310,J156
J170,J156
B583,J156
J990,J156
A150,J156
J851,J156
J173,J156
B485,J156
B390,J156
A481,J156
J170,J157
A310,J157
A481,J157
B583,J157
J173,J157
A155,J157
B390,J157
B485,J157
J172,J157
J851,J157
J182,J157
A150,J157
J990,J157
A150,J158
B485,J158
B583,J158
B390,J158
A310,J158
J851,J158
J173,J158
A481,J158
J182,J158
J990,J158
J170,J158
J172,J158
A155,J158
J990,J1581
A150,J1581
A310,J1581
A155,J1581
B583,J1581
A481,J1581
J172,J1581
J170,J1581
B390,J1581
J851,J1581
J173,J1581
B485,J1581
J182,J1581
J172,J1588
B602,J1588
J173,J1588
J851,J1588
A155,J1588
A310,J1588
J182,J1588
B485,J1588
B600,J1588
A150,J1588
B601,J1588
B390,J1588
A481,J1588
B583,J1588
J990,J1588
J170,J1588
J990,J159
A150,J159
J172,J159
B390,J159
A310,J159
J170,J159
J173,J159
A481,J159
J182,J159
A155,J159
B485,J159
J851,J159
B583,J159
A310,J160
A481,J160
B390,J160
B602,J160
J182,J160
B485,J160
B583,J160
A155,J160
J170,J160
B601,J160
J990,J160
J172,J160
J173,J160
B600,J160
J851,J160
A150,J160
J170,J168
J851,J168
B390,J168
J990,J168
A150,J168
J173,J168
B485,J168
B583,J168
A155,J168
A481,J168
J182,J168
J172,J168
A310,J168
B583,J170
B390,J170
J173,J170
A155,J170
J990,J170
A481,J170
A310,J170
J851,J170
J182,J170
J170,J170
J172,J170
B485,J170
A150,J170
J172,J171
A155,J171
B390,J171
J170,J171
A310,J171
J851,J171
J990,J171
J173,J171
B068,J171
B485,J171
B583,J171
A150,J171
A481,J171
J182,J171
A481,J172
B395,J172
J172,J172
B440,J172
J851,J172
B583,J172
A150,J172
A155,J172
J170,J172
B485,J172
J990,J172
B399,J172
J173,J172
J182,J172
B394,J172
B390,J172
A310,J172
J182,J173
A155,J173
B390,J173
A150,J173
B583,J173
J173,J173
J990,J173
J851,J173
A310,J173
A481,J173
B485,J173
J172,J173
J170,J173
B390,J178
A310,J178
J170,J178
B583,J178
J182,J178
B485,J178
J990,J178
J172,J178
J173,J178
A481,J178
A155,J178
J851,J178
A150,J178
A155,J180
J182,J180
J172,J180
J170,J180
A310,J180
J173,J180
A481,J180
J990,J180
A150,J180
J851,J180
B390,J180
B583,J180
B485,J180
A150,J181
A310,J181
B485,J181
B390,J181
J990,J181
J172,J181
B583,J181
A155,J181
J851,J181
A481,J181
J182,J181
J170,J181
J173,J181
J182,J182
J990,J182
A155,J188
B390,J188
J851,J188
J990,J188
J182,J188
B583,J188
J172,J188
A150,J188
J173,J188
B485,J188
A310,J188
J170,J188
A481,J188
J182,J189
B583,J189
B485,J189
A150,J189
A155,J189
A310,J189
J172,J189
J851,J189
A481,J189
B390,J189
J990,J189
J170,J189
J173,J189
J200,J200
J200,J201
J200,J202
J200,J203
J200,J204
J200,J205
J200,J206
J200,J207
J200,J208
J200,J209
J182,J210
A155,J210
J200,J210
J182,J218
J200,J218
A155,J218
A155,J219
J182,J219
J200,J219
A155,J22
J200,J22
J182,J22
J010,J320
J010,J321
J010,J322
J010,J323
J010,J324
J010,J328
J010,J329
J36,J36
A155,J370
A155,J371
J380,J380
A155,J380
J384,J380
A155,J381
J384,J381
J384,J382
J384,J383
A155,J384
J384,J384
A155,J385
J384,J385
A155,J386
J384,J386
J384,J387
A155,J387
J390,J390
J390,J391
J390,J392
A155,J398
J380,J398
J380,J399
A155,J399
J200,J40
A155,J40
J411,J40
J411,J410
A155,J410
J200,J410
A155,J411
J411,J411
J200,J411
A155,J418
J411,J418
J200,J418
A155,J42
J411,J42
J200,J42
J411,J430
J411,J431
J411,J432
J411,J438
J411,J439
J411,J440
J200,J440
J411,J441
J200,J441
J170,J442
J411,J442
A155,J442
J990,J442
A481,J442
Q334,J442
J702,J442
J173,J442
J851,J442
J998,J442
J200,J442
B485,J442
J172,J442
B583,J442
B390,J442
J702,J448
B390,J448
J173,J448
J172,J448
B583,J448
B485,J448
J998,J448
J200,J448
J851,J448
J170,J448
J990,J448
Q334,J448
J411,J448
A481,J448
J173,J449
J998,J449
B485,J449
J170,J449
J851,J449
B583,J449
J411,J449
J990,J449
B390,J449
J702,J449
Q334,J449
J172,J449
A481,J449
J46,J450
J46,J451
J46,J452
J200,J452
J46,J458
J46,J459
J200,J459
J200,J46
J46,J46
J172,J47
J173,J47
B583,J47
A481,J47
J998,J47
B485,J47
J990,J47
J170,J47
A150,J47
J46,J47
A310,J47
J702,J47
B390,J47
J851,J47
J411,J47
A155,J47
B390,J60
J173,J60
J172,J60
A155,J60
A150,J60
J170,J60
A310,J60
A481,J60
B485,J60
J702,J60
J990,J60
J851,J60
B583,J60
J998,J60
A481,J61
J851,J61
J170,J61
J173,J61
J998,J61
A150,J61
B583,J61
A155,J61
J702,J61
B390,J61
B485,J61
A310,J61
J990,J61
J172,J61
A310,J620
J702,J620
J173,J620
J172,J620
B390,J620
J990,J620
B583,J620
A150,J620
B485,J620
J170,J620
J851,J620
A155,J620
J998,J620
A481,J620
J170,J628
A150,J628
B485,J628
B390,J628
B583,J628
J172,J628
A481,J628
A310,J628
J851,J628
J998,J628
J990,J628
J173,J628
J702,J628
A155,J628
J998,J630
J990,J630
J173,J630
B485,J630
J170,J630
J851,J630
A310,J630
J172,J630
A481,J630
A150,J630
A155,J630
J702,J630
B390,J630
B583,J630
B485,J631
A155,J631
B390,J631
A310,J631
A481,J631
A150,J631
J170,J631
J851,J631
J702,J631
J172,J631
J990,J631
J998,J631
B583,J631
J173,J631
B583,J632
A150,J632
B485,J632
J998,J632
A481,J632
J170,J632
A310,J632
B390,J632
J851,J632
J172,J632
K770,J632
A155,J632
J702,J632
J173,J632
J990,J632
J998,J633
J173,J633
B485,J633
J702,J633
J990,J633
B390,J633
A310,J633
J170,J633
A481,J633
J851,J633
J172,J633
A155,J633
B583,J633
A150,J633
B390,J634
B583,J634
J170,J634
A310,J634
J990,J634
J172,J634
A150,J634
J173,J634
J998,J634
J702,J634
A481,J634
J851,J634
A155,J634
B485,J634
A310,J635
A150,J635
A481,J635
B485,J635
B390,J635
J702,J635
J172,J635
A155,J635
B583,J635
J851,J635
J173,J635
J998,J635
J990,J635
J170,J635
B485,J638
A155,J638
B583,J638
J990,J638
B390,J638
J998,J638
J172,J638
J173,J638
A310,J638
J170,J638
J702,J638
A150,J638
A481,J638
J851,J638
J851,J64
B485,J64
J173,J64
J172,J64
A310,J64
J702,J64
A150,J64
B390,J64
B583,J64
J990,J64
A155,J64
A481,J64
J170,J64
J998,J64
J990,J65
J172,J65
A155,J65
B390,J65
A310,J65
A150,J65
B485,J65
J702,J65
B583,J65
J173,J65
J998,J65
J851,J65
J170,J65
A481,J65
B390,J660
J998,J660
J702,J660
J990,J660
A481,J660
A310,J660
A155,J660
B485,J660
J851,J660
J170,J660
J172,J660
B583,J660
A150,J660
J173,J660
A310,J661
B583,J661
J990,J661
J998,J661
A150,J661
A155,J661
J170,J661
A481,J661
J172,J661
J702,J661
B390,J661
J851,J661
J173,J661
B485,J661
B583,J662
B485,J662
A310,J662
J172,J662
B390,J662
J851,J662
A155,J662
J173,J662
J170,J662
J702,J662
J990,J662
A150,J662
J998,J662
A481,J662
A150,J668
A155,J668
B485,J668
J998,J668
B583,J668
J702,J668
J173,J668
J172,J668
J990,J668
J170,J668
J851,J668
B390,J668
A310,J668
A481,J668
B485,J670
A481,J670
J172,J670
J998,J670
A150,J670
J173,J670
B583,J670
J851,J670
A155,J670
B390,J670
A310,J670
J990,J670
J702,J670
J170,J670
J173,J671
B390,J671
A155,J671
A481,J671
J702,J671
J851,J671
A150,J671
B485,J671
A310,J671
J170,J671
J990,J671
J998,J671
J172,J671
B583,J671
J173,J672
A310,J672
B390,J672
B583,J672
J998,J672
A155,J672
A481,J672
J702,J672
A150,J672
J170,J672
J851,J672
B485,J672
J172,J672
J990,J672
J998,J673
A310,J673
J851,J673
B390,J673
B485,J673
J990,J673
B583,J673
J173,J673
A150,J673
A155,J673
J172,J673
A481,J673
J170,J673
J702,J673
A150,J674
A481,J674
J702,J674
J170,J674
J173,J674
A155,J674
B390,J674
J990,J674
J851,J674
B485,J674
J998,J674
J172,J674
A310,J674
B583,J674
A481,J675
B485,J675
J990,J675
A150,J675
B583,J675
J702,J675
B390,J675
J173,J675
J851,J675
J172,J675
J998,J675
A310,J675
A155,J675
J170,J675
A481,J676
B390,J676
A150,J676
B583,J676
J998,J676
J702,J676
J173,J676
J851,J676
A155,J676
B485,J676
A310,J676
J172,J676
J990,J676
J170,J676
J172,J677
A481,J677
J998,J677
J173,J677
J851,J677
B485,J677
J990,J677
B583,J677
J170,J677
A155,J677
A150,J677
J702,J677
A310,J677
B390,J677
A481,J678
B583,J678
J990,J678
J998,J678
J851,J678
A150,J678
B390,J678
J702,J678
J173,J678
B485,J678
J170,J678
J172,J678
A310,J678
A155,J678
B601,J679
A155,J679
B583,J679
B600,J679
J170,J679
B602,J679
J172,J679
J851,J679
B485,J679
J998,J679
J702,J679
J173,J679
A481,J679
B390,J679
J182,J679
A150,J679
A310,J679
J990,J679
B485,J680
J172,J680
B583,J680
A150,J680
B390,J680
J990,J680
A155,J680
J173,J680
J702,J680
J851,J680
J998,J680
J182,J680
A310,J680
A481,J680
J170,J680
A310,J681
J990,J681
J173,J681
A481,J681
J182,J681
J172,J681
A155,J681
B583,J681
A150,J681
J851,J681
J702,J681
J998,J681
B390,J681
B485,J681
J170,J681
B390,J682
B583,J682
A150,J682
A310,J682
A481,J682
J702,J682
J851,J682
J990,J682
J170,J682
J172,J682
J173,J682
J182,J682
B485,J682
J998,J682
A155,J682
J702,J683
B390,J683
A155,J683
J172,J683
J173,J683
A150,J683
J998,J683
A481,J683
J182,J683
J990,J683
J170,J683
B583,J683
B485,J683
A310,J683
J851,J683
B583,J684
J998,J684
Q334,J684
A155,J684
J702,J684
J172,J684
A481,J684
J200,J684
B390,J684
J990,J684
J851,J684
J173,J684
J170,J684
B485,J684
A310,J684
A150,J684
J182,J684
J411,J684
B583,J688
A150,J688
A481,J688
J851,J688
A310,J688
J172,J688
J182,J688
J998,J688
B485,J688
Q334,J688
B390,J688
J170,J688
J702,J688
J411,J688
A155,J688
J200,J688
J990,J688
J173,J688
J998,J689
B583,J689
J411,J689
A481,J689
Q334,J689
J182,J689
J200,J689
A310,J689
A150,J689
A155,J689
J702,J689
J173,J689
B390,J689
J172,J689
J170,J689
B485,J689
J990,J689
J851,J689
A150,J690
A155,J690
J182,J690
A310,J690
J990,J690
J702,J690
J173,J690
J851,J690
B485,J690
J170,J690
J172,J690
B390,J690
J998,J690
A481,J690
B583,J690
B485,J691
B583,J691
J170,J691
B390,J691
J182,J691
J173,J691
A310,J691
J990,J691
J172,J691
A155,J691
J702,J691
A150,J691
A481,J691
J998,J691
J851,J691
A310,J698
A481,J698
J182,J698
J172,J698
J990,J698
B485,J698
J173,J698
J170,J698
A150,J698
B583,J698
J998,J698
B390,J698
J702,J698
A155,J698
J851,J698
A150,J700
J702,J700
B390,J700
J182,J700
J173,J700
A310,J700
J990,J700
A155,J700
J172,J700
B485,J700
J998,J700
J170,J700
B583,J700
J851,J700
A481,J700
A150,J701
B583,J701
A310,J701
J170,J701
A155,J701
J998,J701
J851,J701
B390,J701
J702,J701
J172,J701
B485,J701
J173,J701
A481,J701
J182,J701
J990,J701
A155,J702
B583,J702
B485,J702
J172,J702
J182,J702
B390,J702
A310,J702
J702,J702
J170,J702
J990,J702
J851,J702
A150,J702
J998,J702
A481,J702
J173,J702
J182,J703
J998,J703
J170,J703
J702,J703
B485,J703
A481,J703
J173,J703
A150,J703
B390,J703
J172,J703
J851,J703
A155,J703
A310,J703
J990,J703
B583,J703
B485,J704
A481,J704
B583,J704
A155,J704
J173,J704
J990,J704
J998,J704
J702,J704
B390,J704
J172,J704
A310,J704
J851,J704
J170,J704
A150,J704
J182,J704
A155,J708
A310,J708
J990,J708
J998,J708
B485,J708
B390,J708
J172,J708
J851,J708
J702,J708
A150,J708
A481,J708
J170,J708
J173,J708
J182,J708
B583,J708
A481,J709
B390,J709
A150,J709
J170,J709
B583,J709
J173,J709
J702,J709
B485,J709
A310,J709
J990,J709
A155,J709
J182,J709
J851,J709
J998,J709
J172,J709
J80,J80
J81,J81
J182,J81
J182,J82
J998,J840
A310,J840
J702,J840
A155,J840
J990,J840
A150,J840
J182,J840
J998,J841
A155,J841
J990,J841
J182,J841
A310,J841
A150,J841
J702,J841
A150,J848
J990,J848
J182,J848
A155,J848
A310,J848
J998,J848
J702,J848
A150,J849
A310,J849
J182,J849
A155,J849
J990,J849
J998,J849
J702,J849
J851,J850
J182,J850
J850,J850
J182,J851
J851,J851
J850,J851
J850,J852
J182,J852
J851,J852
J36,J853
J860,J860
J91,J869
J90,J869
J860,J869
J91,J90
J90,J90
J90,J91
J91,J91
J91,J920
J90,J920
J90,J929
J91,J929
J930,J930
J930,J931
J930,J938
J930,J939
J90,J940
J91,J940
J91,J941
J90,J941
J91,J942
J90,J942
J91,J948
J90,J948
J90,J949
J91,J949
J380,J950
J951,J951
J951,J952
J951,J953
J954,J954
J954,J955
J930,J956
J954,J956
J930,J958
J954,J958
J930,J959
J954,J959
J80,J960
J80,J961
J80,J969
J981,J981
J411,J982
J36,J982
J411,J983
J80,J988
A481,J988
J998,J988
J930,J988
J101,J988
J850,J988
J91,J988
J173,J988
J702,J988
J200,J988
J390,J988
J860,J988
J981,J988
J380,J988
J46,J988
J990,J988
J170,J988
J851,J988
J36,J988
J182,J988
J384,J988
J81,J988
J951,J988
J90,J988
J050,J988
J172,J988
J173,J989
J951,J989
J46,J989
A481,J989
J36,J989
J90,J989
J384,J989
J981,J989
J998,J989
J851,J989
J80,J989
J81,J989
J170,J989
J050,J989
J91,J989
J172,J989
J411,J989
J702,J989
J390,J989
J860,J989
J200,J989
J990,J989
J930,J989
J101,J989
J380,J989
J182,J989
J850,J989
J990,J990
J851,J990
A481,J990
J173,J990
J170,J990
J172,J990
J170,J991
J173,J991
J851,J991
J998,J991
A481,J991
J172,J991
J702,J991
J990,J991
B450,J998
B442,J998
B410,J998
B400,J998
B440,J998
B378,J998
B460,J998
J998,J998
J702,J998
K113,K110
K113,K111
K113,K112
K113,K113
K113,K114
K113,K115
K113,K116
K113,K1160
K113,K1161
K113,K1169
K113,K117
K113,K1170
K113,K1171
K113,K1172
K113,K1178
K113,K1179
K113,K118
K113,K1180
K113,K1181
K113,K1182
K113,K1183
K113,K1185
K113,K1188
K113,K119
K122,K121
K122,K1210
K122,K1211
K122,K1212
K122,K1213
K122,K1214
K122,K1218
K122,K1219
K122,K122
K223,K223
I850,K226
K290,K226
K250,K226
K223,K226
K226,K226
K250,K227
K290,K227
K223,K227
I850,K227
K226,K227
I850,K228
K226,K228
K223,K228
K250,K228
K290,K228
K226,K229
I850,K229
K223,K229
K230,K230
K930,K230
K671,K250
K650,K250
K672,K250
K678,K250
K250,K250
K226,K250
K290,K250
I850,K250
K226,K251
K672,K251
K671,K251
K678,K251
K650,K251
I850,K251
K250,K251
K290,K251
K226,K252
K672,K252
K678,K252
K250,K252
K671,K252
K650,K252
K290,K252
I850,K252
K226,K253
K250,K253
K290,K253
I850,K253
I850,K254
K226,K254
K290,K254
K250,K254
K250,K255
K226,K255
K290,K255
I850,K255
K678,K256
K226,K256
I850,K256
K250,K256
K650,K256
K290,K256
K672,K256
K671,K256
I850,K257
K671,K257
K678,K257
K226,K257
K290,K257
K672,K257
K250,K257
K650,K257
K226,K259
K250,K259
I850,K259
K290,K259
I850,K260
K250,K260
K290,K260
K226,K260
K678,K260
K650,K260
K672,K260
K671,K260
K650,K261
I850,K261
K678,K261
K672,K261
K226,K261
K250,K261
K290,K261
K671,K261
K678,K262
K226,K262
I850,K262
K672,K262
K290,K262
K250,K262
K671,K262
K650,K262
K290,K263
I850,K263
K250,K263
K226,K263
K650,K264
K250,K264
K678,K264
K290,K264
K226,K264
K672,K264
K671,K264
I850,K264
I850,K265
K226,K265
K290,K265
K671,K265
K678,K265
K672,K265
K250,K265
K650,K265
K250,K266
K650,K266
I850,K266
K678,K266
K226,K266
K671,K266
K672,K266
K290,K266
I850,K267
K678,K267
K672,K267
K290,K267
K650,K267
K226,K267
K671,K267
K250,K267
K226,K269
I850,K269
K250,K269
K290,K269
K290,K270
K226,K270
I850,K270
K250,K270
I850,K271
K650,K271
K671,K271
K226,K271
K250,K271
K678,K271
K672,K271
K290,K271
K226,K272
K672,K272
I850,K272
K678,K272
K290,K272
K250,K272
K671,K272
K650,K272
K226,K273
I850,K273
K250,K273
K290,K273
K290,K274
K650,K274
K672,K274
K250,K274
I850,K274
K678,K274
K671,K274
K226,K274
K226,K275
K290,K275
I850,K275
K250,K275
K678,K276
K650,K276
I850,K276
K250,K276
K671,K276
K290,K276
K226,K276
K672,K276
K671,K277
K672,K277
K650,K277
K290,K277
K226,K277
I850,K277
K678,K277
K250,K277
I850,K279
K226,K279
K290,K279
K250,K279
K250,K280
K226,K280
I850,K280
K290,K280
K671,K281
K672,K281
K290,K281
K226,K281
K650,K281
K250,K281
K678,K281
I850,K281
K226,K282
K671,K282
I850,K282
K290,K282
K250,K282
K672,K282
K650,K282
K678,K282
K226,K283
I850,K283
K290,K283
K250,K283
K290,K284
K250,K284
K226,K284
I850,K284
K226,K285
K290,K285
I850,K285
K250,K285
K290,K286
K226,K286
K671,K286
K672,K286
K678,K286
K650,K286
K250,K286
I850,K286
K672,K287
K650,K287
K671,K287
K250,K287
K226,K287
K290,K287
K678,K287
I850,K287
I850,K289
K226,K289
K250,K289
K290,K289
K226,K290
I850,K290
K290,K290
K250,K290
K311,K311
K315,K315
K316,K316
K113,K317
K410,K317
K400,K317
K311,K317
K421,K317
K250,K317
K411,K317
K352,K317
K290,K317
K451,K317
K250,K318
K400,K318
K352,K318
K113,K318
K451,K318
K421,K318
K311,K318
K290,K318
K411,K318
K410,K318
K421,K319
K400,K319
K311,K319
K410,K319
K250,K319
K352,K319
K451,K319
K411,K319
K113,K319
K650,K350
K672,K350
K678,K350
K352,K350
K671,K350
K672,K351
K671,K351
K650,K351
K352,K351
K678,K351
K650,K352
K671,K352
K352,K352
K672,K352
K678,K352
K352,K353
K678,K353
K672,K353
K650,K353
K671,K353
K671,K358
K672,K358
K650,K358
K678,K358
K352,K358
K678,K359
K650,K359
K671,K359
K352,K359
K672,K359
K352,K36
K678,K37
K352,K37
K352,K380
K352,K381
K352,K382
K352,K383
K352,K388
K352,K389
K451,K400
K400,K400
K450,K400
K450,K401
K400,K401
K451,K401
K451,K402
K400,K402
K450,K402
K450,K403
K400,K403
K451,K403
K400,K404
K451,K404
K450,K404
K451,K409
K450,K409
K400,K409
K451,K410
K410,K410
K450,K410
K451,K411
K411,K411
K450,K411
K410,K411
K451,K412
K450,K412
K411,K412
K410,K412
K410,K413
K451,K413
K450,K413
K451,K414
K450,K414
K411,K414
K410,K414
K450,K419
K451,K419
K411,K419
K410,K419
K420,K420
K421,K420
K451,K420
K450,K420
K450,K421
K451,K421
K421,K421
K420,K421
K420,K429
K451,K429
K450,K429
K421,K429
K451,K430
K450,K430
K420,K430
K421,K430
K420,K431
K450,K431
K421,K431
K451,K431
K420,K439
K451,K439
K450,K439
K421,K439
K450,K440
K451,K440
K440,K440
K451,K441
K440,K441
K450,K441
K451,K449
K450,K449
K440,K449
K410,K450
K451,K450
K440,K450
K421,K450
K400,K450
K450,K450
K411,K450
K420,K450
K411,K451
K440,K451
K410,K451
K420,K451
K450,K451
K400,K451
K421,K451
K451,K451
K440,K458
K411,K458
K400,K458
K410,K458
K421,K458
K420,K458
K451,K458
K450,K458
K411,K460
K440,K460
K400,K460
K421,K460
K451,K460
K450,K460
K420,K460
K410,K460
K420,K461
K400,K461
K411,K461
K450,K461
K421,K461
K440,K461
K410,K461
K451,K461
K411,K469
K451,K469
K410,K469
K420,K469
K450,K469
K421,K469
K400,K469
K440,K469
A010,K500
A073,K500
A09,K500
A010,K501
A073,K501
A09,K501
A073,K508
A09,K508
A010,K508
A010,K509
A09,K509
A073,K509
A073,K510
A09,K510
A010,K510
A073,K511
A010,K511
A09,K511
A09,K512
A010,K512
A073,K512
A09,K513
A010,K513
A073,K513
A010,K514
A09,K514
A073,K514
A073,K515
A09,K515
A010,K515
A073,K518
A010,K518
A09,K518
A073,K519
A09,K519
A010,K519
A010,K520
A09,K520
A073,K520
A073,K521
A09,K521
A010,K521
A09,K522
A073,K522
A010,K522
A010,K5220
A073,K5220
A09,K5220
A073,K5228
A010,K5228
A09,K5228
A073,K5229
A010,K5229
A09,K5229
A010,K523
A073,K523
A09,K523
A09,K528
A073,K528
A010,K528
A010,K529
A073,K529
A09,K529
A09,K550
A010,K550
A073,K550
K550,K550
A010,K551
A09,K551
K550,K551
A073,K551
K290,K552
A010,K558
A073,K558
A09,K558
A09,K559
A073,K559
A010,K559
K913,K560
K560,K560
K913,K561
K560,K561
K913,K562
K560,K562
K913,K563
K560,K563
K560,K564
K913,K564
K913,K565
K560,K565
K560,K566
K913,K566
K913,K567
K560,K567
K290,K570
K290,K571
K290,K572
K290,K573
K290,K574
K290,K575
K290,K578
K290,K579
A010,K580
A09,K580
A073,K580
A010,K589
A073,K589
A09,K589
A09,K598
A010,K598
A073,K598
A09,K599
A010,K599
A073,K599
K610,K610
K610,K611
K610,K612
K610,K613
K610,K614
K290,K625
K560,K635
K678,K635
K672,K635
K913,K635
K650,K635
K671,K635
K673,K635
K673,K638
K671,K638
K650,K638
K678,K638
K560,K638
K672,K638
K913,K638
K678,K639
K671,K639
K560,K639
K672,K639
K913,K639
K673,K639
K650,K639
K678,K650
K672,K650
K673,K650
K650,K650
K671,K650
K673,K6500
K672,K6500
K650,K6500
K671,K6500
K678,K6500
K671,K6501
K650,K6501
K678,K6501
K673,K6501
K672,K6501
K650,K658
K673,K658
K672,K658
K678,K658
K671,K658
K678,K659
K650,K659
K672,K659
K671,K659
K673,K659
K678,K668
K672,K668
K671,K668
K650,K668
K673,K668
K672,K669
K673,K669
K650,K669
K678,K669
K671,K669
K650,K670
K671,K670
K673,K670
K672,K670
K678,K670
K672,K671
K650,K671
K678,K671
K673,K671
K671,K671
K672,K672
K678,K672
K673,K672
K650,K672
K671,K672
K650,K673
K673,K673
B24,K673
K671,K673
K672,K673
K678,K673
B200,K673
B209,K673
K672,K678
K650,K678
K678,K678
K673,K678
K671,K678
I982,K700
I982,K701
K702,K702
I982,K702
K702,K703
I982,K703
K702,K704
I982,K704
I982,K709
K731,K710
K770,K710
I982,K710
K717,K710
K753,K710
K710,K710
K710,K711
K770,K711
K717,K711
K731,K711
K753,K711
I982,K711
K717,K712
I982,K712
K731,K712
K753,K712
K710,K712
K770,K712
K717,K713
K710,K713
K731,K713
I982,K713
K770,K713
K753,K713
K770,K714
K731,K714
K753,K714
I982,K714
K710,K714
K717,K714
K753,K715
K710,K715
K717,K715
K770,K715
K731,K715
I982,K715
K770,K716
K710,K716
I982,K716
K731,K716
K753,K716
K717,K716
K717,K717
I982,K717
K731,K717
K753,K718
I982,K718
K770,K718
K731,K718
K717,K718
K710,K718
K717,K719
K770,K719
K731,K719
I982,K719
K753,K719
K710,K719
K710,K720
R402,K720
K721,K720
K770,K720
K720,K720
K753,K720
R402,K721
K753,K721
K710,K721
K770,K721
K721,K721
K770,K729
K721,K729
R402,K729
K710,K729
K753,K729
K710,K730
K753,K730
K770,K730
K717,K731
K753,K731
K770,K731
K731,K731
K710,K731
K717,K732
K731,K732
K753,K732
K710,K732
K770,K732
K770,K738
K717,K738
K710,K738
K731,K738
K753,K738
K753,K739
K770,K739
K710,K739
K717,K740
I982,K740
K731,K740
K717,K741
K731,K741
I982,K741
K717,K742
I982,K742
K731,K742
I982,K743
K731,K743
K717,K743
I982,K744
K717,K744
K731,K744
I982,K745
K731,K745
K717,K745
I982,K746
K731,K746
K717,K746
K750,K750
K750,K751
K753,K752
K770,K752
K710,K752
K710,K753
K770,K753
K753,K753
K731,K754
K717,K754
K753,K754
K770,K754
K710,K754
K753,K758
K770,K758
K710,K758
K753,K759
K770,K759
K710,K759
K720,K762
K720,K763
K753,K764
K770,K764
K710,K764
K720,K765
K767,K767
K720,K768
K710,K768
K767,K768
K721,K768
K731,K768
K770,K768
K750,K768
K753,K768
K702,K768
K717,K768
K750,K769
K710,K769
K702,K769
K720,K769
K753,K769
K770,K769
K767,K769
K717,K769
K731,K769
K721,K769
D868,K770
B008,K770
K753,K770
K710,K770
K770,K770
B268,K770
K770,K778
K753,K778
D868,K778
K710,K778
K800,K800
K800,K801
K800,K802
K803,K803
K803,K804
K803,K805
K803,K808
K803,K810
K800,K810
K810,K810
K800,K811
K803,K811
K810,K811
K800,K818
K810,K818
K803,K818
K800,K819
K803,K819
K810,K819
K820,K820
K820,K821
K820,K822
K820,K823
K820,K824
K820,K828
K820,K829
K830,K830
K832,K832
K832,K833
K830,K836
K803,K836
K810,K836
K800,K836
K832,K836
K820,K836
K830,K838
K800,K838
K832,K838
K803,K838
K820,K838
K810,K838
K830,K839
K810,K839
K832,K839
K803,K839
K820,K839
K800,K839
K850,K850
K850,K851
K850,K852
K850,K853
K850,K858
K850,K859
K850,K860
K850,K861
K862,K862
K862,K863
K850,K868
K862,K868
K862,K869
K850,K869
K912,K904
K912,K908
K912,K909
K912,K912
K912,K9120
K912,K9128
K912,K9129
K913,K913
K913,K918
K913,K919
K226,K920
K290,K920
K250,K920
I850,K920
T810,K920
I850,K921
K226,K921
K250,K921
K290,K921
T810,K921
K290,K922
K226,K922
I850,K922
K250,K922
T810,K922
K672,K928
K671,K928
K913,K928
K673,K928
K560,K928
K650,K928
K678,K928
K560,K929
K678,K929
K650,K929
K913,K929
K673,K929
K671,K929
K672,K929
B24,K930
B200,K930
K930,K930
K230,K930
B209,K930
B462,K938
B054,K938
L031,L031
L031,L032
L033,L033
H602,L038
L033,L038
L031,L038
L031,L039
H602,L039
L033,L039
L050,L050
L050,L059
L031,L080
H602,L080
L033,L080
L033,L081
L031,L081
H602,L081
L033,L088
L031,L088
H602,L088
H602,L089
L033,L089
L031,L089
L100,L100
L120,L100
L100,L101
L120,L101
L120,L102
L100,L102
L100,L103
L120,L103
L120,L104
L100,L104
L120,L105
L100,L105
L100,L106
L120,L106
L100,L108
L120,L108
L100,L109
L120,L109
L100,L110
L120,L110
L120,L111
L100,L111
L100,L118
L120,L118
L100,L119
L120,L119
L120,L120
L100,L120
L120,L121
L100,L121
L120,L122
L100,L122
L120,L123
L100,L123
L100,L128
L120,L128
L100,L129
L120,L129
L120,L130
L100,L130
L120,L131
L100,L131
L100,L138
L120,L138
L100,L139
L120,L139
B001,L300
B001,L301
B001,L302
B001,L303
B001,L304
B001,L305
B001,L308
B001,L309
L405,L405
L444,L444
L444,L510
L444,L511
L444,L512
L444,L518
L444,L519
L444,L52
L444,L530
L444,L531
L444,L532
L444,L533
L444,L538
L444,L539
L444,L710
L444,L711
L444,L718
L444,L719
L89,L89
L89,L890
L89,L891
L89,L892
L89,L893
L89,L899
L444,L930
L444,L931
L444,L932
L944,L944
L89,L97
L031,L983
L89,L984
L050,L986
L100,L986
L033,L986
L031,L986
L89,L986
L120,L986
H602,L986
L444,L986
L100,L988
L444,L988
L031,L988
L120,L988
L033,L988
L89,L988
B001,L988
H602,L988
L050,L988
L120,L989
L033,L989
L050,L989
L444,L989
L031,L989
L89,L989
B001,L989
H602,L989
L100,L989
B403,L998
E146,L998
B452,L998
B463,L998
B008,L998
M0161,M0000
M0001,M0000
M0160,M0000
M0704,M0000
M0000,M0000
M0500,M0000
L405,M0000
M0530,M0000
M0500,M0001
M0161,M0001
M0001,M0001
L405,M0001
M0530,M0001
M0160,M0001
M0000,M0001
M0704,M0001
M0704,M0002
M0162,M0002
L405,M0002
M0530,M0002
M0500,M0002
M0000,M0002
M0002,M0002
M0160,M0002
M0002,M0003
M0160,M0003
L405,M0003
M0704,M0003
M0530,M0003
M0500,M0003
M0000,M0003
M0162,M0003
M0004,M0004
L405,M0004
M0530,M0004
M0000,M0004
M0160,M0004
M0500,M0004
M0164,M0004
M0704,M0004
M0160,M0005
M0500,M0005
M0530,M0005
M0165,M0005
M0704,M0005
M0005,M0005
L405,M0005
M0000,M0005
L405,M0006
M0500,M0006
M0000,M0006
M0160,M0006
M0166,M0006
M0704,M0006
M0530,M0006
M0006,M0006
M0007,M0007
M0160,M0007
M0000,M0007
L405,M0007
M0167,M0007
M0500,M0007
M0704,M0007
M0530,M0007
M0006,M0008
M0162,M0008
M0165,M0008
M0161,M0008
M0530,M0008
M0704,M0008
M0004,M0008
M0005,M0008
M0500,M0008
M0001,M0008
L405,M0008
M0164,M0008
M0166,M0008
M0002,M0008
M0167,M0008
M0007,M0008
M0000,M0008
M0160,M0008
M0000,M0009
M0165,M0009
L405,M0009
M0005,M0009
M0002,M0009
M0530,M0009
M0162,M0009
M0167,M0009
M0007,M0009
M0166,M0009
M0006,M0009
M0004,M0009
M0164,M0009
M0704,M0009
M0161,M0009
M0160,M0009
M0001,M0009
M0500,M0009
M0004,M001
M0000,M001
M0001,M001
M0167,M001
L405,M001
M0006,M001
M0530,M001
M0500,M001
M0704,M001
M0005,M001
M0165,M001
M0162,M001
M0160,M001
M0166,M001
M0164,M001
M0002,M001
M0007,M001
M0161,M001
M0161,M0010
M0001,M0010
M0007,M0010
M0530,M0010
M0165,M0010
M0005,M0010
M0500,M0010
M0162,M0010
M0164,M0010
M0002,M0010
M0006,M0010
M0704,M0010
L405,M0010
M0166,M0010
M0160,M0010
M0000,M0010
M0004,M0010
M0167,M0010
M0161,M0011
M0530,M0011
M0001,M0011
M0000,M0011
L405,M0011
M0500,M0011
M0704,M0011
M0160,M0011
M0704,M0012
M0160,M0012
M0500,M0012
M0000,M0012
M0162,M0012
M0530,M0012
L405,M0012
M0002,M0012
M0002,M0013
M0530,M0013
M0160,M0013
L405,M0013
M0000,M0013
M0500,M0013
M0704,M0013
M0162,M0013
M0500,M0014
M0530,M0014
M0704,M0014
M0000,M0014
M0160,M0014
M0164,M0014
L405,M0014
M0004,M0014
M0165,M0015
M0704,M0015
M0530,M0015
M0500,M0015
M0160,M0015
M0000,M0015
L405,M0015
M0005,M0015
M0000,M0016
M0704,M0016
M0500,M0016
M0530,M0016
M0166,M0016
M0160,M0016
L405,M0016
M0006,M0016
M0000,M0017
M0007,M0017
M0530,M0017
L405,M0017
M0160,M0017
M0500,M0017
M0704,M0017
M0167,M0017
M0167,M0018
M0704,M0018
M0007,M0018
M0162,M0018
M0500,M0018
M0006,M0018
L405,M0018
M0166,M0018
M0002,M0018
M0000,M0018
M0001,M0018
M0165,M0018
M0161,M0018
M0530,M0018
M0164,M0018
M0005,M0018
M0004,M0018
M0160,M0018
M0001,M0019
M0006,M0019
M0164,M0019
M0160,M0019
M0167,M0019
M0165,M0019
M0530,M0019
M0704,M0019
M0166,M0019
M0161,M0019
M0162,M0019
M0007,M0019
M0002,M0019
M0005,M0019
L405,M0019
M0500,M0019
M0004,M0019
M0000,M0019
M0164,M002
M0500,M002
M0165,M002
L405,M002
M0160,M002
M0002,M002
M0001,M002
M0007,M002
M0704,M002
M0000,M002
M0005,M002
M0166,M002
M0162,M002
M0530,M002
M0004,M002
M0161,M002
M0167,M002
M0006,M002
M0000,M0020
M0002,M0020
M0530,M0020
M0001,M0020
M0167,M0020
M0166,M0020
M0005,M0020
M0160,M0020
L405,M0020
M0162,M0020
M0007,M0020
M0004,M0020
M0164,M0020
M0006,M0020
M0704,M0020
M0161,M0020
M0165,M0020
M0500,M0020
M0500,M0021
M0160,M0021
M0530,M0021
M0000,M0021
M0001,M0021
L405,M0021
M0704,M0021
M0161,M0021
M0162,M0022
L405,M0022
M0000,M0022
M0530,M0022
M0002,M0022
M0500,M0022
M0704,M0022
M0160,M0022
M0000,M0023
M0162,M0023
M0530,M0023
L405,M0023
M0002,M0023
M0500,M0023
M0704,M0023
M0160,M0023
M0164,M0024
M0500,M0024
M0000,M0024
M0160,M0024
M0704,M0024
L405,M0024
M0004,M0024
M0530,M0024
L405,M0025
M0165,M0025
M0160,M0025
M0500,M0025
M0000,M0025
M0530,M0025
M0704,M0025
M0005,M0025
M0160,M0026
M0006,M0026
M0530,M0026
M0704,M0026
M0000,M0026
M0500,M0026
M0166,M0026
L405,M0026
M0007,M0027
M0704,M0027
M0000,M0027
L405,M0027
M0160,M0027
M0500,M0027
M0530,M0027
M0167,M0027
M0165,M0028
M0162,M0028
M0167,M0028
M0005,M0028
M0002,M0028
M0001,M0028
M0000,M0028
M0500,M0028
M0530,M0028
M0164,M0028
M0160,M0028
M0004,M0028
M0704,M0028
M0006,M0028
L405,M0028
M0166,M0028
M0161,M0028
M0007,M0028
M0002,M0029
M0167,M0029
M0704,M0029
M0162,M0029
M0005,M0029
M0007,M0029
M0160,M0029
M0001,M0029
M0004,M0029
M0006,M0029
M0530,M0029
M0164,M0029
M0000,M0029
M0166,M0029
M0161,M0029
M0500,M0029
L405,M0029
M0165,M0029
M0166,M008
M0006,M008
M0530,M008
M0160,M008
M0704,M008
L405,M008
M0500,M008
M0167,M008
M0000,M008
M0007,M008
M0161,M008
M0004,M008
M0165,M008
M0001,M008
M0164,M008
M0162,M008
M0002,M008
M0005,M008
M0000,M0080
M0500,M0080
M0165,M0080
M0161,M0080
M0162,M0080
L405,M0080
M0164,M0080
M0005,M0080
M0007,M0080
M0006,M0080
M0004,M0080
M0704,M0080
M0001,M0080
M0530,M0080
M0002,M0080
M0160,M0080
M0166,M0080
M0167,M0080
M0161,M0081
M0000,M0081
M0001,M0081
M0704,M0081
M0530,M0081
M0500,M0081
L405,M0081
M0160,M0081
L405,M0082
M0000,M0082
M0704,M0082
M0530,M0082
M0500,M0082
M0160,M0082
L405,M0083
M0000,M0083
M0160,M0083
M0530,M0083
M0704,M0083
M0500,M0083
M0530,M0084
M0500,M0084
L405,M0084
M0160,M0084
M0704,M0084
M0000,M0084
M0160,M0085
M0704,M0085
M0530,M0085
M0000,M0085
M0500,M0085
L405,M0085
M0160,M0086
M0530,M0086
M0500,M0086
L405,M0086
M0704,M0086
M0000,M0086
L405,M0087
M0007,M0087
M0530,M0087
M0704,M0087
M0167,M0087
M0500,M0087
M0160,M0087
M0000,M0087
M0001,M0088
M0000,M0088
M0162,M0088
M0006,M0088
M0704,M0088
M0165,M0088
L405,M0088
M0161,M0088
M0530,M0088
M0004,M0088
M0005,M0088
M0002,M0088
M0167,M0088
M0500,M0088
M0160,M0088
M0164,M0088
M0166,M0088
M0007,M0088
M0002,M0089
M0162,M0089
M0005,M0089
M0166,M0089
M0007,M0089
M0164,M0089
M0704,M0089
M0001,M0089
M0000,M0089
M0006,M0089
M0161,M0089
M0530,M0089
M0004,M0089
M0165,M0089
M0160,M0089
L405,M0089
M0167,M0089
M0500,M0089
M0500,M009
M0167,M009
M0007,M009
M0160,M009
M0166,M009
M0530,M009
M0001,M009
M0165,M009
M0005,M009
L405,M009
M0162,M009
M0006,M009
M0004,M009
M0164,M009
M0161,M009
M0000,M009
M0002,M009
M0704,M009
M0006,M0090
M0165,M0090
M0500,M0090
M0005,M0090
M0001,M0090
M0000,M0090
M0530,M0090
M0002,M0090
M0162,M0090
M0164,M0090
M0704,M0090
M0166,M0090
M0160,M0090
L405,M0090
M0167,M0090
M0004,M0090
M0161,M0090
M0007,M0090
M0704,M0091
M0001,M0091
M0000,M0091
M0530,M0091
M0500,M0091
L405,M0091
M0161,M0091
M0160,M0091
M0000,M0092
L405,M0092
M0002,M0092
M0530,M0092
M0162,M0092
M0160,M0092
M0500,M0092
M0704,M0092
L405,M0093
M0500,M0093
M0002,M0093
M0530,M0093
M0000,M0093
M0704,M0093
M0160,M0093
M0162,M0093
L405,M0094
M0004,M0094
M0000,M0094
M0164,M0094
M0530,M0094
M0500,M0094
M0160,M0094
M0704,M0094
M0165,M0095
M0500,M0095
M0704,M0095
M0005,M0095
M0160,M0095
M0000,M0095
M0530,M0095
L405,M0095
M0160,M0096
M0704,M0096
M0530,M0096
L405,M0096
M0006,M0096
M0000,M0096
M0500,M0096
M0166,M0096
M0500,M0097
M0000,M0097
M0007,M0097
M0160,M0097
L405,M0097
M0167,M0097
M0704,M0097
M0530,M0097
M0004,M0098
M0002,M0098
M0162,M0098
M0164,M0098
L405,M0098
M0161,M0098
M0165,M0098
M0166,M0098
M0704,M0098
M0000,M0098
M0001,M0098
M0500,M0098
M0006,M0098
M0530,M0098
M0007,M0098
M0167,M0098
M0005,M0098
M0160,M0098
M0167,M0099
M0530,M0099
M0006,M0099
M0704,M0099
M0005,M0099
M0001,M0099
L405,M0099
M0164,M0099
M0165,M0099
M0004,M0099
M0166,M0099
M0160,M0099
M0000,M0099
M0500,M0099
M0161,M0099
M0002,M0099
M0162,M0099
M0007,M0099
A398,M010
A398,M0100
M0100,M0100
A398,M0101
M0100,M0101
A398,M0102
M0100,M0102
A398,M0103
M0100,M0103
M0100,M0104
A398,M0104
M0100,M0105
A398,M0105
A398,M0106
M0100,M0106
M0100,M0107
A398,M0107
A398,M0108
M0100,M0108
M0100,M0109
A398,M0109
B200,M011
B24,M011
B209,M011
A521,M013
A521,M0130
A521,M0131
A521,M0132
A521,M0133
A521,M0134
A521,M0135
A521,M0136
A521,M0137
A521,M0138
A521,M0139
B068,M014
B068,M0140
B068,M0141
B068,M0142
B068,M0143
B068,M0144
B068,M0145
B068,M0146
B068,M0147
B068,M0148
B068,M0149
B268,M015
B268,M0150
B268,M0151
B268,M0152
B268,M0153
B268,M0154
B268,M0155
B268,M0156
B268,M0157
B268,M0158
B268,M0159
M0160,M0160
M0000,M0160
M0161,M0161
M0001,M0161
M0002,M0162
M0162,M0162
M0002,M0163
M0162,M0163
M0004,M0164
M0164,M0164
M0165,M0165
M0005,M0165
M0166,M0166
M0006,M0166
M0007,M0167
M0167,M0167
M0000,M0168
M0160,M0168
M0000,M0169
M0160,M0169
A09,M018
A09,M0180
A09,M0181
A09,M0182
A09,M0183
A09,M0184
A09,M0185
A09,M0186
A09,M0187
A09,M0188
A09,M0189
M0160,M0200
M0530,M0200
M0161,M0200
M0000,M0200
M0500,M0200
M0704,M0200
M0001,M0200
L405,M0200
M0160,M0201
L405,M0201
M0161,M0201
M0500,M0201
M0000,M0201
M0001,M0201
M0704,M0201
M0530,M0201
L405,M0202
M0500,M0202
M0704,M0202
M0530,M0202
M0000,M0202
M0160,M0202
M0500,M0203
M0530,M0203
M0160,M0203
L405,M0203
M0000,M0203
M0704,M0203
M0160,M0204
M0704,M0204
L405,M0204
M0530,M0204
M0500,M0204
M0000,M0204
M0000,M0205
L405,M0205
M0530,M0205
M0160,M0205
M0500,M0205
M0704,M0205
M0530,M0206
M0160,M0206
M0000,M0206
L405,M0206
M0500,M0206
M0704,M0206
M0704,M0207
M0500,M0207
M0167,M0207
M0000,M0207
M0530,M0207
M0160,M0207
M0007,M0207
L405,M0207
M0167,M0208
M0500,M0208
M0004,M0208
M0000,M0208
M0007,M0208
M0006,M0208
M0001,M0208
M0162,M0208
M0530,M0208
L405,M0208
M0005,M0208
M0164,M0208
M0002,M0208
M0704,M0208
M0165,M0208
M0161,M0208
M0160,M0208
M0166,M0208
M0161,M0209
M0164,M0209
M0160,M0209
M0004,M0209
M0167,M0209
M0006,M0209
M0000,M0209
M0162,M0209
M0005,M0209
M0007,M0209
M0166,M0209
M0530,M0209
L405,M0209
M0001,M0209
M0165,M0209
M0002,M0209
M0500,M0209
M0704,M0209
M0005,M021
M0500,M021
M0165,M021
M0002,M021
M0006,M021
M0166,M021
M0167,M021
M0001,M021
M0007,M021
M0704,M021
L405,M021
M0530,M021
M0160,M021
M0004,M021
M0162,M021
M0000,M021
M0164,M021
M0161,M021
M0161,M0210
M0001,M0210
M0002,M0210
M0164,M0210
M0006,M0210
M0166,M0210
M0165,M0210
M0007,M0210
M0167,M0210
M0004,M0210
M0005,M0210
M0704,M0210
M0500,M0210
M0162,M0210
M0160,M0210
L405,M0210
M0530,M0210
M0000,M0210
M0166,M0211
M0500,M0211
M0167,M0211
L405,M0211
M0161,M0211
M0000,M0211
M0007,M0211
M0704,M0211
M0164,M0211
M0160,M0211
M0001,M0211
M0530,M0211
M0165,M0211
M0002,M0211
M0005,M0211
M0004,M0211
M0162,M0211
M0006,M0211
M0000,M0212
M0160,M0212
M0500,M0212
L405,M0212
M0704,M0212
M0530,M0212
M0530,M0213
M0704,M0213
M0160,M0213
L405,M0213
M0000,M0213
M0500,M0213
M0704,M0214
M0000,M0214
M0160,M0214
M0500,M0214
M0530,M0214
L405,M0214
M0530,M0215
L405,M0215
M0000,M0215
M0704,M0215
M0500,M0215
M0160,M0215
M0000,M0216
M0160,M0216
M0704,M0216
L405,M0216
M0500,M0216
M0530,M0216
M0000,M0217
M0160,M0217
M0500,M0217
M0007,M0217
M0704,M0217
M0167,M0217
M0530,M0217
L405,M0217
M0530,M0218
M0162,M0218
M0007,M0218
M0006,M0218
M0704,M0218
M0164,M0218
M0004,M0218
M0002,M0218
M0161,M0218
L405,M0218
M0000,M0218
M0166,M0218
M0500,M0218
M0167,M0218
M0005,M0218
M0160,M0218
M0001,M0218
M0165,M0218
M0165,M0219
M0007,M0219
M0161,M0219
M0001,M0219
M0005,M0219
M0530,M0219
M0164,M0219
M0704,M0219
M0166,M0219
M0162,M0219
M0167,M0219
M0000,M0219
M0160,M0219
L405,M0219
M0002,M0219
M0004,M0219
M0006,M0219
M0500,M0219
M0166,M022
M0167,M022
M0500,M022
M0162,M022
M0165,M022
M0000,M022
M0704,M022
M0007,M022
M0001,M022
M0164,M022
L405,M022
M0005,M022
M0002,M022
M0160,M022
M0004,M022
M0006,M022
M0161,M022
M0530,M022
M0002,M0220
M0164,M0220
M0004,M0220
M0166,M0220
M0005,M0220
M0165,M0220
M0000,M0220
M0162,M0220
M0006,M0220
M0530,M0220
M0001,M0220
M0007,M0220
M0161,M0220
M0160,M0220
M0500,M0220
M0167,M0220
L405,M0220
M0704,M0220
M0161,M0221
L405,M0221
M0000,M0221
M0530,M0221
M0160,M0221
M0500,M0221
M0001,M0221
M0704,M0221
M0500,M0222
L405,M0222
M0000,M0222
M0530,M0222
M0160,M0222
M0704,M0222
M0500,M0223
M0000,M0223
L405,M0223
M0160,M0223
M0704,M0223
M0530,M0223
M0000,M0224
M0530,M0224
M0500,M0224
M0704,M0224
M0160,M0224
L405,M0224
M0704,M0225
M0000,M0225
M0500,M0225
L405,M0225
M0530,M0225
M0160,M0225
M0160,M0226
L405,M0226
M0530,M0226
M0000,M0226
M0704,M0226
M0500,M0226
M0167,M0227
M0500,M0227
M0007,M0227
M0530,M0227
M0704,M0227
M0160,M0227
L405,M0227
M0000,M0227
L405,M0228
M0704,M0228
M0164,M0228
M0166,M0228
M0162,M0228
M0000,M0228
M0165,M0228
M0005,M0228
M0002,M0228
M0160,M0228
M0004,M0228
M0007,M0228
M0006,M0228
M0500,M0228
M0167,M0228
M0530,M0228
M0001,M0228
M0161,M0228
M0167,M0229
M0004,M0229
M0160,M0229
M0500,M0229
M0166,M0229
M0006,M0229
M0161,M0229
M0530,M0229
M0704,M0229
M0005,M0229
L405,M0229
M0164,M0229
M0165,M0229
M0007,M0229
M0002,M0229
M0162,M0229
M0000,M0229
M0001,M0229
M0005,M023
M0160,M023
M0000,M023
M0164,M023
M0704,M023
M0530,M023
M0167,M023
M0165,M023
M0500,M023
M0001,M023
M0162,M023
M0007,M023
L405,M023
M0004,M023
M0161,M023
M0166,M023
M0006,M023
M0002,M023
L405,M0230
M0001,M0230
M0006,M0230
M0704,M0230
M0164,M0230
M0000,M0230
M0500,M0230
M0004,M0230
M0005,M0230
M0161,M0230
M0160,M0230
M0162,M0230
M0165,M0230
M0002,M0230
M0530,M0230
M0167,M0230
M0166,M0230
M0007,M0230
M0160,M0231
L405,M0231
M0500,M0231
M0001,M0231
M0161,M0231
M0704,M0231
M0000,M0231
M0530,M0231
M0704,M0232
M0160,M0232
M0000,M0232
M0530,M0232
M0500,M0232
L405,M0232
M0500,M0233
L405,M0233
M0704,M0233
M0000,M0233
M0160,M0233
M0530,M0233
M0500,M0234
M0530,M0234
M0160,M0234
M0704,M0234
M0000,M0234
L405,M0234
M0160,M0235
M0500,M0235
L405,M0235
M0704,M0235
M0000,M0235
M0530,M0235
M0160,M0236
M0000,M0236
M0530,M0236
M0704,M0236
L405,M0236
M0500,M0236
M0704,M0237
M0000,M0237
M0167,M0237
M0160,M0237
L405,M0237
M0530,M0237
M0500,M0237
M0007,M0237
M0530,M0238
M0005,M0238
M0500,M0238
M0166,M0238
M0162,M0238
M0001,M0238
M0165,M0238
M0000,M0238
M0007,M0238
L405,M0238
M0002,M0238
M0004,M0238
M0006,M0238
M0704,M0238
M0167,M0238
M0164,M0238
M0161,M0238
M0160,M0238
M0530,M0239
M0165,M0239
M0160,M0239
M0000,M0239
M0161,M0239
L405,M0239
M0005,M0239
M0500,M0239
M0164,M0239
M0007,M0239
M0001,M0239
M0006,M0239
M0166,M0239
M0162,M0239
M0002,M0239
M0167,M0239
M0704,M0239
M0004,M0239
M0001,M028
M0164,M028
M0165,M028
M0167,M028
M0160,M028
M0704,M028
M0000,M028
M0005,M028
M0007,M028
L405,M028
M0162,M028
M0002,M028
M0006,M028
M0530,M028
M0004,M028
M0500,M028
M0166,M028
M0161,M028
M0164,M0280
M0167,M0280
M0000,M0280
M0162,M0280
M0002,M0280
M0001,M0280
M0005,M0280
M0704,M0280
M0160,M0280
M0007,M0280
M0004,M0280
M0165,M0280
M0166,M0280
M0500,M0280
M0006,M0280
M0161,M0280
L405,M0280
M0530,M0280
M0161,M0281
L405,M0281
M0160,M0281
M0704,M0281
M0000,M0281
M0530,M0281
M0500,M0281
M0001,M0281
M0160,M0282
L405,M0282
M0500,M0282
M0000,M0282
M0704,M0282
M0530,M0282
M0160,M0283
M0000,M0283
M0704,M0283
L405,M0283
M0500,M0283
M0530,M0283
M0530,M0284
M0160,M0284
L405,M0284
M0500,M0284
M0704,M0284
M0000,M0284
M0704,M0285
M0530,M0285
M0000,M0285
M0160,M0285
L405,M0285
M0500,M0285
L405,M0286
M0500,M0286
M0000,M0286
M0704,M0286
M0160,M0286
M0530,M0286
M0530,M0287
M0160,M0287
M0167,M0287
M0500,M0287
M0000,M0287
L405,M0287
M0007,M0287
M0704,M0287
M0500,M0288
M0007,M0288
M0001,M0288
M0530,M0288
M0166,M0288
M0165,M0288
M0167,M0288
M0006,M0288
L405,M0288
M0000,M0288
M0161,M0288
M0164,M0288
M0002,M0288
M0160,M0288
M0004,M0288
M0704,M0288
M0005,M0288
M0162,M0288
M0165,M0289
M0530,M0289
M0500,M0289
M0162,M0289
M0001,M0289
M0006,M0289
M0166,M0289
M0160,M0289
L405,M0289
M0002,M0289
M0000,M0289
M0005,M0289
M0167,M0289
M0164,M0289
M0704,M0289
M0004,M0289
M0007,M0289
M0161,M0289
M0006,M029
M0167,M029
M0160,M029
M0162,M029
L405,M029
M0001,M029
M0704,M029
M0005,M029
M0165,M029
M0004,M029
M0164,M029
M0002,M029
M0166,M029
M0161,M029
M0007,M029
M0530,M029
M0000,M029
M0500,M029
M0160,M0290
M0006,M0290
M0005,M0290
M0000,M0290
M0164,M0290
L405,M0290
M0530,M0290
M0007,M0290
M0001,M0290
M0161,M0290
M0162,M0290
M0500,M0290
M0167,M0290
M0165,M0290
M0704,M0290
M0166,M0290
M0002,M0290
M0004,M0290
M0704,M0291
M0000,M0291
M0160,M0291
M0530,M0291
M0001,M0291
L405,M0291
M0500,M0291
M0161,M0291
M0530,M0292
M0500,M0292
M0704,M0292
L405,M0292
M0160,M0292
M0000,M0292
M0000,M0293
M0530,M0293
L405,M0293
M0160,M0293
M0704,M0293
M0500,M0293
M0704,M0294
M0000,M0294
M0500,M0294
M0530,M0294
M0160,M0294
L405,M0294
M0500,M0295
M0160,M0295
M0000,M0295
L405,M0295
M0704,M0295
M0530,M0295
M0704,M0296
M0160,M0296
M0500,M0296
M0530,M0296
L405,M0296
M0000,M0296
M0530,M0297
M0007,M0297
M0000,M0297
M0160,M0297
M0167,M0297
M0500,M0297
L405,M0297
M0704,M0297
M0000,M0298
M0500,M0298
M0006,M0298
M0004,M0298
M0166,M0298
M0001,M0298
M0160,M0298
M0161,M0298
M0704,M0298
M0167,M0298
M0162,M0298
M0530,M0298
M0164,M0298
M0005,M0298
M0002,M0298
M0165,M0298
L405,M0298
M0007,M0298
M0166,M0299
M0160,M0299
M0007,M0299
M0000,M0299
M0161,M0299
M0704,M0299
M0165,M0299
M0004,M0299
M0167,M0299
M0530,M0299
M0164,M0299
M0005,M0299
M0006,M0299
M0162,M0299
M0500,M0299
M0001,M0299
M0002,M0299
L405,M0299
A398,M030
A398,M0300
M0100,M0300
A398,M0301
M0100,M0301
M0100,M0302
A398,M0302
M0100,M0303
A398,M0303
M0100,M0304
A398,M0304
A398,M0305
M0100,M0305
M0100,M0306
A398,M0306
M0100,M0307
A398,M0307
A398,M0308
M0100,M0308
M0100,M0309
A398,M0309
B179,M032
B179,M0320
B179,M0321
B179,M0322
B179,M0323
B179,M0324
B179,M0325
B179,M0326
B179,M0327
B179,M0328
B179,M0329
M0530,M0500
M0500,M0500
M0500,M0501
M0530,M0501
M0500,M0502
M0530,M0502
M0530,M0503
M0500,M0503
M0530,M0504
M0500,M0504
M0530,M0505
M0500,M0505
M0530,M0506
M0500,M0506
M0530,M0507
M0500,M0507
M0530,M0508
M0500,M0508
M0530,M0509
M0500,M0509
M0500,M0520
M0530,M0520
M0500,M0521
M0530,M0521
M0500,M0522
M0530,M0522
M0530,M0523
M0500,M0523
M0530,M0524
M0500,M0524
M0500,M0525
M0530,M0525
M0530,M0526
M0500,M0526
M0530,M0527
M0500,M0527
M0500,M0528
M0530,M0528
M0500,M0529
M0530,M0529
I418,M053
I390,M053
M0530,M053
M0500,M053
I328,M053
I418,M0530
M0161,M0530
M0001,M0530
M0530,M0530
I328,M0530
I390,M0530
M0160,M0530
L405,M0530
M0704,M0530
M0000,M0530
M0500,M0530
I390,M0531
M0161,M0531
M0704,M0531
M0530,M0531
M0160,M0531
I328,M0531
M0001,M0531
M0000,M0531
L405,M0531
M0500,M0531
I418,M0531
L405,M0532
I418,M0532
M0500,M0532
M0530,M0532
I390,M0532
M0704,M0532
M0000,M0532
I328,M0532
M0160,M0532
I328,M0533
I390,M0533
I418,M0533
M0000,M0533
L405,M0533
M0704,M0533
M0530,M0533
M0500,M0533
M0160,M0533
M0000,M0534
I390,M0534
M0530,M0534
I328,M0534
M0160,M0534
M0500,M0534
L405,M0534
I418,M0534
M0704,M0534
I390,M0535
I328,M0535
L405,M0535
M0000,M0535
M0500,M0535
M0530,M0535
M0704,M0535
M0160,M0535
I418,M0535
L405,M0536
M0000,M0536
I328,M0536
M0500,M0536
I418,M0536
M0160,M0536
M0704,M0536
I390,M0536
M0530,M0536
M0500,M0537
I418,M0537
I328,M0537
M0007,M0537
M0530,M0537
L405,M0537
I390,M0537
M0000,M0537
M0167,M0537
M0704,M0537
M0160,M0537
M0001,M0538
I418,M0538
I390,M0538
M0160,M0538
M0005,M0538
M0000,M0538
M0007,M0538
M0166,M0538
M0167,M0538
M0006,M0538
M0165,M0538
M0004,M0538
M0162,M0538
L405,M0538
M0161,M0538
M0002,M0538
M0500,M0538
M0704,M0538
M0530,M0538
I328,M0538
M0164,M0538
I418,M0539
M0161,M0539
M0704,M0539
I390,M0539
M0001,M0539
M0164,M0539
L405,M0539
M0162,M0539
M0004,M0539
M0166,M0539
M0500,M0539
M0160,M0539
M0165,M0539
M0167,M0539
M0007,M0539
M0000,M0539
M0002,M0539
M0530,M0539
M0006,M0539
I328,M0539
M0005,M0539
M0530,M0610
M0500,M0610
M0530,M0611
M0500,M0611
M0530,M0612
M0500,M0612
M0530,M0613
M0500,M0613
M0530,M0614
M0500,M0614
M0530,M0615
M0500,M0615
M0500,M0616
M0530,M0616
M0530,M0617
M0500,M0617
M0500,M0618
M0530,M0618
M0530,M0619
M0500,M0619
M0704,M0630
M0001,M0630
L405,M0630
M0161,M0630
M0500,M0630
M0530,M0630
M0000,M0630
M0160,M0630
M0160,M0631
M0001,M0631
L405,M0631
M0704,M0631
M0161,M0631
M0530,M0631
M0500,M0631
M0000,M0631
M0160,M0632
M0000,M0632
M0704,M0632
M0500,M0632
L405,M0632
M0530,M0632
L405,M0633
M0704,M0633
M0000,M0633
M0160,M0633
M0530,M0633
M0500,M0633
M0160,M0634
M0500,M0634
M0704,M0634
L405,M0634
M0530,M0634
M0000,M0634
M0704,M0635
L405,M0635
M0160,M0635
M0530,M0635
M0000,M0635
M0500,M0635
M0530,M0636
L405,M0636
M0704,M0636
M0000,M0636
M0500,M0636
M0160,M0636
L405,M0637
M0007,M0637
M0167,M0637
M0530,M0637
M0000,M0637
M0704,M0637
M0160,M0637
M0500,M0637
M0704,M0638
M0007,M0638
M0006,M0638
M0160,M0638
M0500,M0638
M0001,M0638
L405,M0638
M0164,M0638
M0000,M0638
M0161,M0638
M0002,M0638
M0005,M0638
M0165,M0638
M0530,M0638
M0162,M0638
M0166,M0638
M0167,M0638
M0004,M0638
M0006,M0639
M0164,M0639
M0000,M0639
M0161,M0639
M0002,M0639
M0165,M0639
M0530,M0639
M0160,M0639
L405,M0639
M0500,M0639
M0007,M0639
M0704,M0639
M0166,M0639
M0005,M0639
M0167,M0639
M0001,M0639
M0162,M0639
M0004,M0639
M0160,M0690
M0001,M0690
M0704,M0690
L405,M0690
M0161,M0690
M0530,M0690
M0500,M0690
M0000,M0690
M0704,M0691
M0160,M0691
M0161,M0691
L405,M0691
M0000,M0691
M0500,M0691
M0530,M0691
M0001,M0691
M0704,M0692
M0000,M0692
M0530,M0692
M0160,M0692
L405,M0692
M0500,M0692
M0704,M0693
M0500,M0693
M0530,M0693
M0160,M0693
M0000,M0693
L405,M0693
M0000,M0694
M0530,M0694
M0704,M0694
M0160,M0694
M0500,M0694
L405,M0694
M0500,M0695
M0530,M0695
M0704,M0695
M0160,M0695
M0000,M0695
L405,M0695
M0530,M0696
L405,M0696
M0000,M0696
M0160,M0696
M0500,M0696
M0704,M0696
L405,M0697
M0704,M0697
M0500,M0697
M0530,M0697
M0007,M0697
M0000,M0697
M0160,M0697
M0167,M0697
M0500,M0698
M0006,M0698
M0000,M0698
M0162,M0698
M0161,M0698
M0001,M0698
M0002,M0698
M0160,M0698
M0007,M0698
L405,M0698
M0530,M0698
M0165,M0698
M0004,M0698
M0166,M0698
M0164,M0698
M0005,M0698
M0704,M0698
M0167,M0698
M0530,M0699
M0165,M0699
M0164,M0699
M0167,M0699
M0161,M0699
M0162,M0699
L405,M0699
M0160,M0699
M0007,M0699
M0006,M0699
M0704,M0699
M0004,M0699
M0001,M0699
M0005,M0699
M0166,M0699
M0002,M0699
M0500,M0699
M0000,M0699
M0006,M070
M0007,M070
M0166,M070
M0161,M070
M0002,M070
M0162,M070
M0005,M070
L405,M070
M0164,M070
M0001,M070
M0165,M070
M0167,M070
M0160,M070
M0000,M070
M0004,M070
M0704,M070
M0002,M0700
M0162,M0700
L405,M0700
M0164,M0700
M0000,M0700
M0004,M0700
M0005,M0700
M0006,M0700
M0007,M0700
M0165,M0700
M0704,M0700
M0167,M0700
M0166,M0700
M0160,M0700
M0161,M0700
M0001,M0700
L405,M0704
M0704,M0704
L405,M0707
M0704,M0707
L405,M0709
M0704,M0709
L405,M071
M0704,M071
L405,M0710
M0704,M0710
L405,M0711
M0704,M0711
M0704,M0712
L405,M0712
L405,M0713
M0704,M0713
M0704,M0714
L405,M0714
M0704,M0715
L405,M0715
L405,M0716
M0704,M0716
M0704,M0717
L405,M0717
L405,M0718
M0704,M0718
M0704,M0719
L405,M0719
L405,M072
M0704,M072
L405,M0720
M0704,M0720
L405,M0728
M0704,M0728
L405,M0729
M0704,M0729
M0704,M073
L405,M073
L405,M0730
M0704,M0730
M0704,M0731
L405,M0731
L405,M0732
M0704,M0732
L405,M0733
M0704,M0733
L405,M0734
M0704,M0734
L405,M0735
M0704,M0735
M0704,M0736
L405,M0736
M0704,M0737
L405,M0737
L405,M0738
M0704,M0738
L405,M0739
M0704,M0739
M0500,M0800
M0530,M0800
M0530,M0801
M0500,M0801
M0530,M0802
M0500,M0802
M0530,M0803
M0500,M0803
M0530,M0804
M0500,M0804
M0500,M0805
M0530,M0805
M0500,M0806
M0530,M0806
M0530,M0807
M0500,M0807
M0530,M0808
M0500,M0808
M0530,M0809
M0500,M0809
M0500,M0820
M0530,M0820
M0500,M0821
M0530,M0821
M0530,M0822
M0500,M0822
M0500,M0823
M0530,M0823
M0500,M0824
M0530,M0824
M0530,M0825
M0500,M0825
M0500,M0826
M0530,M0826
M0530,M0827
M0500,M0827
M0530,M0828
M0500,M0828
M0500,M0829
M0530,M0829
M0500,M083
M0530,M083
M0530,M0830
M0500,M0830
M0500,M0831
M0530,M0831
M0530,M0832
M0500,M0832
M0530,M0833
M0500,M0833
M0500,M0834
M0530,M0834
M0500,M0835
M0530,M0835
M0530,M0836
M0500,M0836
M0530,M0837
M0500,M0837
M0530,M0838
M0500,M0838
M0500,M0839
M0530,M0839
M0500,M084
M0530,M084
M0530,M0840
M0500,M0840
M0530,M0841
M0500,M0841
M0500,M0842
M0530,M0842
M0500,M0843
M0530,M0843
M0500,M0844
M0530,M0844
M0500,M0845
M0530,M0845
M0500,M0846
M0530,M0846
M0530,M0847
M0500,M0847
M0500,M0848
M0530,M0848
M0530,M0849
M0500,M0849
M0530,M088
M0500,M088
M0500,M0880
M0530,M0880
M0500,M0881
M0530,M0881
M0530,M0882
M0500,M0882
M0500,M0883
M0530,M0883
M0530,M0884
M0500,M0884
M0500,M0885
M0530,M0885
M0530,M0886
M0500,M0886
M0500,M0887
M0530,M0887
M0530,M0888
M0500,M0888
M0500,M0889
M0530,M0889
M0530,M089
M0500,M089
M0500,M0890
M0530,M0890
M0530,M0891
M0500,M0891
M0530,M0892
M0500,M0892
M0500,M0893
M0530,M0893
M0530,M0894
M0500,M0894
M0500,M0895
M0530,M0895
M0500,M0896
M0530,M0896
M0500,M0897
M0530,M0897
M0530,M0898
M0500,M0898
M0500,M0899
M0530,M0899
L405,M0900
M0704,M0900
L405,M0901
M0704,M0901
M0704,M0902
L405,M0902
M0704,M0903
L405,M0903
L405,M0904
M0704,M0904
L405,M0905
M0704,M0905
L405,M0906
M0704,M0906
M0704,M0907
L405,M0907
L405,M0908
M0704,M0908
M0704,M0909
L405,M0909
M0530,M0980
M0500,M0980
M0530,M0981
M0500,M0981
M0500,M0982
M0530,M0982
M0500,M0983
M0530,M0983
M0530,M0984
M0500,M0984
M0500,M0985
M0530,M0985
M0500,M0986
M0530,M0986
M0530,M0987
M0500,M0987
M0500,M0988
M0530,M0988
M0500,M0989
M0530,M0989
N003,M1030
N188,M1030
N170,M1030
N178,M1030
N000,M1030
N170,M1031
N178,M1031
N188,M1031
N003,M1031
N000,M1031
N003,M1032
N178,M1032
N000,M1032
N170,M1032
N188,M1032
N178,M1033
N003,M1033
N170,M1033
N188,M1033
N000,M1033
N178,M1034
N188,M1034
N170,M1034
N003,M1034
N000,M1034
N188,M1035
N003,M1035
N000,M1035
N178,M1035
N170,M1035
N170,M1036
N003,M1036
N178,M1036
N000,M1036
N188,M1036
N000,M1037
N170,M1037
N003,M1037
N178,M1037
N188,M1037
N170,M1038
N000,M1038
N003,M1038
N178,M1038
N188,M1038
N003,M1039
N170,M1039
N000,M1039
N188,M1039
N178,M1039
M0000,M1100
M0001,M1100
M0161,M1100
M0500,M1100
M0160,M1100
M0530,M1100
M0704,M1100
L405,M1100
M0530,M1101
M0001,M1101
M0000,M1101
M0161,M1101
M0160,M1101
M0704,M1101
L405,M1101
M0500,M1101
M0500,M1102
M0000,M1102
M0704,M1102
L405,M1102
M0530,M1102
M0160,M1102
L405,M1103
M0704,M1103
M0160,M1103
M0500,M1103
M0000,M1103
M0530,M1103
M0500,M1104
M0704,M1104
L405,M1104
M0530,M1104
M0000,M1104
M0160,M1104
M0704,M1105
M0000,M1105
M0500,M1105
L405,M1105
M0530,M1105
M0160,M1105
L405,M1106
M0000,M1106
M0500,M1106
M0704,M1106
M0160,M1106
M0530,M1106
M0160,M1107
M0530,M1107
M0000,M1107
M0007,M1107
L405,M1107
M0500,M1107
M0704,M1107
M0167,M1107
M0001,M1108
M0162,M1108
M0500,M1108
M0007,M1108
M0165,M1108
M0167,M1108
M0005,M1108
M0161,M1108
M0000,M1108
L405,M1108
M0704,M1108
M0006,M1108
M0002,M1108
M0166,M1108
M0164,M1108
M0530,M1108
M0004,M1108
M0160,M1108
M0001,M1109
M0160,M1109
M0002,M1109
M0167,M1109
M0164,M1109
L405,M1109
M0704,M1109
M0007,M1109
M0161,M1109
M0162,M1109
M0006,M1109
M0165,M1109
M0530,M1109
M0500,M1109
M0000,M1109
M0004,M1109
M0005,M1109
M0166,M1109
M0704,M111
M0165,M111
M0500,M111
M0160,M111
M0005,M111
M0007,M111
M0000,M111
M0002,M111
M0161,M111
M0164,M111
M0166,M111
M0006,M111
M0004,M111
M0001,M111
L405,M111
M0530,M111
M0162,M111
M0167,M111
M0007,M1110
M0165,M1110
M0162,M1110
L405,M1110
M0166,M1110
M0161,M1110
M0500,M1110
M0001,M1110
M0000,M1110
M0704,M1110
M0164,M1110
M0004,M1110
M0530,M1110
M0002,M1110
M0006,M1110
M0167,M1110
M0160,M1110
M0005,M1110
M0500,M1111
M0001,M1111
M0530,M1111
M0000,M1111
L405,M1111
M0161,M1111
M0160,M1111
M0704,M1111
M0500,M1112
M0160,M1112
M0530,M1112
M0000,M1112
M0704,M1112
L405,M1112
M0704,M1113
L405,M1113
M0530,M1113
M0500,M1113
M0000,M1113
M0160,M1113
M0530,M1114
M0500,M1114
M0000,M1114
M0160,M1114
L405,M1114
M0704,M1114
M0160,M1115
M0000,M1115
M0530,M1115
L405,M1115
M0704,M1115
M0500,M1115
M0000,M1116
L405,M1116
M0530,M1116
M0160,M1116
M0500,M1116
M0704,M1116
M0160,M1117
M0000,M1117
M0007,M1117
M0500,M1117
L405,M1117
M0167,M1117
M0704,M1117
M0530,M1117
M0007,M1118
M0500,M1118
M0004,M1118
M0166,M1118
L405,M1118
M0000,M1118
M0162,M1118
M0704,M1118
M0165,M1118
M0167,M1118
M0160,M1118
M0161,M1118
M0530,M1118
M0164,M1118
M0001,M1118
M0005,M1118
M0006,M1118
M0002,M1118
M0002,M1119
M0165,M1119
M0161,M1119
M0162,M1119
M0530,M1119
M0005,M1119
M0001,M1119
M0004,M1119
M0166,M1119
M0704,M1119
M0006,M1119
M0167,M1119
M0500,M1119
M0000,M1119
M0160,M1119
L405,M1119
M0007,M1119
M0164,M1119
M0000,M112
M0005,M112
M0164,M112
M0161,M112
M0160,M112
L405,M112
M0007,M112
M0162,M112
M0166,M112
M0167,M112
M0500,M112
M0002,M112
M0165,M112
M0704,M112
M0001,M112
M0530,M112
M0006,M112
M0004,M112
M0704,M1120
M0006,M1120
M0161,M1120
M0005,M1120
M0001,M1120
M0167,M1120
M0000,M1120
M0004,M1120
M0007,M1120
M0165,M1120
M0530,M1120
L405,M1120
M0002,M1120
M0166,M1120
M0162,M1120
M0164,M1120
M0500,M1120
M0160,M1120
M0001,M1121
M0530,M1121
M0160,M1121
M0500,M1121
M0704,M1121
M0161,M1121
L405,M1121
M0000,M1121
M0704,M1122
L405,M1122
M0160,M1122
M0500,M1122
M0530,M1122
M0000,M1122
M0704,M1123
M0500,M1123
M0000,M1123
L405,M1123
M0530,M1123
M0160,M1123
M0530,M1124
M0000,M1124
M0704,M1124
M0500,M1124
L405,M1124
M0160,M1124
L405,M1125
M0160,M1125
M0530,M1125
M0704,M1125
M0000,M1125
M0500,M1125
M0500,M1126
M0000,M1126
M0160,M1126
M0704,M1126
M0530,M1126
L405,M1126
M0500,M1127
M0167,M1127
M0704,M1127
M0530,M1127
M0000,M1127
M0160,M1127
L405,M1127
M0007,M1127
M0160,M1128
M0005,M1128
M0166,M1128
M0006,M1128
M0167,M1128
M0001,M1128
M0004,M1128
L405,M1128
M0530,M1128
M0161,M1128
M0164,M1128
M0007,M1128
M0000,M1128
M0500,M1128
M0002,M1128
M0162,M1128
M0704,M1128
M0165,M1128
M0704,M1129
M0165,M1129
M0002,M1129
M0001,M1129
M0006,M1129
M0160,M1129
M0500,M1129
M0167,M1129
M0005,M1129
M0166,M1129
M0162,M1129
L405,M1129
M0161,M1129
M0164,M1129
M0007,M1129
M0530,M1129
M0004,M1129
M0000,M1129
M0500,M118
M0166,M118
M0000,M118
M0160,M118
L405,M118
M0004,M118
M0704,M118
M0007,M118
M0006,M118
M0165,M118
M0002,M118
M0005,M118
M0164,M118
M0001,M118
M0161,M118
M0162,M118
M0167,M118
M0530,M118
M0006,M1180
M0000,M1180
M0161,M1180
M0167,M1180
M0166,M1180
M0007,M1180
M0162,M1180
L405,M1180
M0002,M1180
M0530,M1180
M0165,M1180
M0164,M1180
M0001,M1180
M0500,M1180
M0704,M1180
M0005,M1180
M0004,M1180
M0160,M1180
M0001,M1181
L405,M1181
M0530,M1181
M0161,M1181
M0500,M1181
M0160,M1181
M0704,M1181
M0000,M1181
M0500,M1182
M0530,M1182
L405,M1182
M0160,M1182
M0000,M1182
M0704,M1182
M0530,M1183
M0704,M1183
L405,M1183
M0160,M1183
M0500,M1183
M0000,M1183
M0530,M1184
M0000,M1184
M0500,M1184
L405,M1184
M0704,M1184
M0160,M1184
M0000,M1185
M0160,M1185
M0530,M1185
M0704,M1185
M0500,M1185
L405,M1185
M0530,M1186
M0000,M1186
M0704,M1186
M0160,M1186
L405,M1186
M0500,M1186
M0160,M1187
L405,M1187
M0000,M1187
M0500,M1187
M0704,M1187
M0007,M1187
M0530,M1187
M0167,M1187
M0164,M1188
M0160,M1188
M0004,M1188
M0500,M1188
M0166,M1188
M0165,M1188
M0005,M1188
M0161,M1188
M0007,M1188
M0006,M1188
M0001,M1188
L405,M1188
M0530,M1188
M0162,M1188
M0000,M1188
M0704,M1188
M0002,M1188
M0167,M1188
M0004,M1189
M0165,M1189
M0000,M1189
M0005,M1189
M0162,M1189
M0006,M1189
M0166,M1189
M0001,M1189
M0161,M1189
M0167,M1189
M0164,M1189
M0530,M1189
M0002,M1189
M0160,M1189
M0500,M1189
M0007,M1189
M0704,M1189
L405,M1189
L405,M119
M0161,M119
M0007,M119
M0001,M119
M0500,M119
M0000,M119
M0006,M119
M0530,M119
M0002,M119
M0704,M119
M0165,M119
M0005,M119
M0166,M119
M0162,M119
M0164,M119
M0160,M119
M0167,M119
M0004,M119
M0167,M1190
M0704,M1190
M0007,M1190
M0006,M1190
M0005,M1190
M0161,M1190
M0000,M1190
M0165,M1190
M0530,M1190
M0164,M1190
M0166,M1190
M0500,M1190
M0004,M1190
M0162,M1190
M0002,M1190
M0001,M1190
M0160,M1190
L405,M1190
M0704,M1191
M0000,M1191
M0160,M1191
M0161,M1191
M0500,M1191
M0001,M1191
M0530,M1191
L405,M1191
M0704,M1192
M0500,M1192
M0530,M1192
M0000,M1192
L405,M1192
M0160,M1192
M0000,M1193
M0160,M1193
M0500,M1193
M0704,M1193
M0530,M1193
L405,M1193
M0160,M1194
M0704,M1194
M0500,M1194
L405,M1194
M0530,M1194
M0000,M1194
L405,M1195
M0500,M1195
M0530,M1195
M0000,M1195
M0704,M1195
M0160,M1195
M0704,M1196
L405,M1196
M0000,M1196
M0500,M1196
M0530,M1196
M0160,M1196
M0007,M1197
M0160,M1197
L405,M1197
M0500,M1197
M0530,M1197
M0000,M1197
M0167,M1197
M0704,M1197
M0007,M1198
M0164,M1198
M0166,M1198
M0006,M1198
L405,M1198
M0002,M1198
M0000,M1198
M0530,M1198
M0001,M1198
M0161,M1198
M0004,M1198
M0005,M1198
M0165,M1198
M0500,M1198
M0160,M1198
M0704,M1198
M0167,M1198
M0162,M1198
L405,M1199
M0005,M1199
M0165,M1199
M0500,M1199
M0164,M1199
M0160,M1199
M0167,M1199
M0004,M1199
M0007,M1199
M0001,M1199
M0162,M1199
M0000,M1199
M0161,M1199
M0002,M1199
M0704,M1199
M0530,M1199
M0166,M1199
M0006,M1199
M0530,M120
M0500,M120
M0500,M1200
M0530,M1200
M0500,M1201
M0530,M1201
M0500,M1202
M0530,M1202
M0530,M1203
M0500,M1203
M0500,M1204
M0530,M1204
M0530,M1205
M0500,M1205
M0500,M1206
M0530,M1206
M0500,M1207
M0530,M1207
M0530,M1208
M0500,M1208
M0530,M1209
M0500,M1209
M0500,M121
M0530,M121
M0001,M1210
M0704,M1210
L405,M1210
M0160,M1210
M0000,M1210
M0161,M1210
M0500,M1210
M0530,M1210
M0161,M1211
M0530,M1211
M0160,M1211
L405,M1211
M0500,M1211
M0704,M1211
M0000,M1211
M0001,M1211
M0500,M1212
M0704,M1212
M0000,M1212
M0160,M1212
L405,M1212
M0530,M1212
M0500,M1213
M0704,M1213
L405,M1213
M0000,M1213
M0160,M1213
M0530,M1213
M0704,M1214
M0000,M1214
M0500,M1214
L405,M1214
M0160,M1214
M0530,M1214
L405,M1215
M0530,M1215
M0500,M1215
M0000,M1215
M0704,M1215
M0160,M1215
M0704,M1216
M0000,M1216
L405,M1216
M0530,M1216
M0500,M1216
M0160,M1216
M0500,M1217
M0160,M1217
M0007,M1217
M0000,M1217
M0704,M1217
M0167,M1217
M0530,M1217
L405,M1217
M0164,M1218
M0001,M1218
M0162,M1218
M0704,M1218
M0160,M1218
M0166,M1218
M0002,M1218
M0000,M1218
M0004,M1218
M0500,M1218
M0161,M1218
M0007,M1218
M0005,M1218
M0167,M1218
M0165,M1218
M0006,M1218
L405,M1218
M0530,M1218
M0001,M1219
M0002,M1219
M0162,M1219
M0166,M1219
M0160,M1219
M0165,M1219
M0500,M1219
M0167,M1219
M0005,M1219
M0704,M1219
L405,M1219
M0000,M1219
M0006,M1219
M0161,M1219
M0164,M1219
M0004,M1219
M0530,M1219
M0007,M1219
M0704,M122
M0005,M122
L405,M122
M0007,M122
M0002,M122
M0530,M122
M0000,M122
M0164,M122
M0006,M122
M0001,M122
M0162,M122
M0500,M122
M0160,M122
M0161,M122
M0004,M122
M0165,M122
M0167,M122
M0166,M122
M0160,M1220
M0165,M1220
M0162,M1220
M0166,M1220
M0002,M1220
M0167,M1220
M0007,M1220
M0004,M1220
M0500,M1220
L405,M1220
M0164,M1220
M0000,M1220
M0704,M1220
M0005,M1220
M0006,M1220
M0161,M1220
M0530,M1220
M0001,M1220
M0704,M1221
M0160,M1221
M0530,M1221
M0001,M1221
M0500,M1221
L405,M1221
M0000,M1221
M0161,M1221
M0530,M1222
L405,M1222
M0000,M1222
M0500,M1222
M0160,M1222
M0704,M1222
M0704,M1223
M0000,M1223
L405,M1223
M0500,M1223
M0160,M1223
M0530,M1223
M0704,M1224
M0160,M1224
M0500,M1224
M0000,M1224
L405,M1224
M0530,M1224
M0160,M1225
L405,M1225
M0500,M1225
M0000,M1225
M0530,M1225
M0704,M1225
M0160,M1226
M0704,M1226
L405,M1226
M0000,M1226
M0500,M1226
M0530,M1226
M0160,M1227
M0167,M1227
M0007,M1227
L405,M1227
M0000,M1227
M0704,M1227
M0530,M1227
M0500,M1227
M0165,M1228
M0167,M1228
M0005,M1228
M0007,M1228
M0006,M1228
M0164,M1228
M0166,M1228
M0004,M1228
M0162,M1228
M0530,M1228
M0002,M1228
L405,M1228
M0000,M1228
M0704,M1228
M0001,M1228
M0500,M1228
M0161,M1228
M0160,M1228
M0164,M1229
M0166,M1229
M0530,M1229
M0005,M1229
M0006,M1229
M0001,M1229
M0160,M1229
M0002,M1229
L405,M1229
M0165,M1229
M0007,M1229
M0000,M1229
M0004,M1229
M0167,M1229
M0161,M1229
M0162,M1229
M0500,M1229
M0704,M1229
M0164,M123
M0165,M123
M0167,M123
M0161,M123
M0166,M123
M0704,M123
M0001,M123
M0162,M123
M0500,M123
M0006,M123
M0007,M123
M0000,M123
M0004,M123
M0160,M123
L405,M123
M0002,M123
M0005,M123
M0530,M123
M0160,M1230
M0165,M1230
M0167,M1230
M0704,M1230
M0001,M1230
M0000,M1230
M0500,M1230
M0164,M1230
M0161,M1230
M0007,M1230
M0166,M1230
M0530,M1230
M0006,M1230
M0162,M1230
M0004,M1230
M0005,M1230
L405,M1230
M0002,M1230
M0500,M1231
M0001,M1231
M0704,M1231
M0160,M1231
L405,M1231
M0161,M1231
M0530,M1231
M0000,M1231
M0530,M1232
L405,M1232
M0500,M1232
M0704,M1232
M0160,M1232
M0000,M1232
M0160,M1233
M0530,M1233
M0704,M1233
M0500,M1233
M0000,M1233
L405,M1233
L405,M1234
M0500,M1234
M0160,M1234
M0530,M1234
M0704,M1234
M0000,M1234
M0000,M1235
M0500,M1235
M0704,M1235
L405,M1235
M0530,M1235
M0160,M1235
L405,M1236
M0160,M1236
M0000,M1236
M0530,M1236
M0704,M1236
M0500,M1236
L405,M1237
M0500,M1237
M0007,M1237
M0160,M1237
M0704,M1237
M0530,M1237
M0167,M1237
M0000,M1237
M0006,M1238
M0704,M1238
L405,M1238
M0162,M1238
M0167,M1238
M0160,M1238
M0165,M1238
M0166,M1238
M0530,M1238
M0500,M1238
M0000,M1238
M0164,M1238
M0004,M1238
M0007,M1238
M0001,M1238
M0161,M1238
M0005,M1238
M0002,M1238
M0160,M1239
M0161,M1239
M0007,M1239
M0006,M1239
M0164,M1239
M0704,M1239
M0000,M1239
M0500,M1239
M0165,M1239
M0162,M1239
M0005,M1239
M0530,M1239
M0167,M1239
M0002,M1239
M0001,M1239
M0166,M1239
L405,M1239
M0004,M1239
M0002,M124
M0160,M124
M0005,M124
M0165,M124
M0167,M124
M0161,M124
M0162,M124
M0530,M124
M0000,M124
M0001,M124
M0500,M124
M0004,M124
M0006,M124
M0164,M124
M0166,M124
L405,M124
M0704,M124
M0007,M124
M0500,M1240
M0001,M1240
M0007,M1240
M0004,M1240
M0161,M1240
M0167,M1240
M0000,M1240
M0704,M1240
L405,M1240
M0006,M1240
M0164,M1240
M0162,M1240
M0530,M1240
M0166,M1240
M0160,M1240
M0005,M1240
M0002,M1240
M0165,M1240
M0161,M1241
M0000,M1241
M0704,M1241
L405,M1241
M0001,M1241
M0500,M1241
M0530,M1241
M0160,M1241
M0000,M1242
M0530,M1242
L405,M1242
M0500,M1242
M0704,M1242
M0160,M1242
M0500,M1243
M0160,M1243
M0000,M1243
M0530,M1243
L405,M1243
M0704,M1243
M0530,M1244
L405,M1244
M0704,M1244
M0500,M1244
M0160,M1244
M0000,M1244
M0530,M1245
L405,M1245
M0500,M1245
M0000,M1245
M0704,M1245
M0160,M1245
M0530,M1246
L405,M1246
M0000,M1246
M0704,M1246
M0500,M1246
M0160,M1246
M0000,M1247
M0007,M1247
M0167,M1247
M0160,M1247
M0704,M1247
M0530,M1247
M0500,M1247
L405,M1247
M0164,M1248
M0162,M1248
M0004,M1248
L405,M1248
M0005,M1248
M0166,M1248
M0161,M1248
M0704,M1248
M0001,M1248
M0160,M1248
M0000,M1248
M0006,M1248
M0165,M1248
M0007,M1248
M0167,M1248
M0002,M1248
M0500,M1248
M0530,M1248
M0004,M1249
M0007,M1249
M0165,M1249
M0162,M1249
M0161,M1249
M0164,M1249
M0530,M1249
M0704,M1249
M0500,M1249
M0166,M1249
L405,M1249
M0167,M1249
M0002,M1249
M0001,M1249
M0006,M1249
M0160,M1249
M0005,M1249
M0000,M1249
M0006,M125
M0165,M125
M0166,M125
M0007,M125
M0001,M125
M0164,M125
M0002,M125
M0005,M125
M0161,M125
M0000,M125
M0704,M125
M0500,M125
M0530,M125
M0167,M125
L405,M125
M0160,M125
M0162,M125
M0004,M125
M0500,M1250
M0000,M1250
M0704,M1250
M0162,M1250
M0165,M1250
L405,M1250
M0164,M1250
M0004,M1250
M0160,M1250
M0530,M1250
M0002,M1250
M0166,M1250
M0006,M1250
M0161,M1250
M0005,M1250
M0001,M1250
M0007,M1250
M0167,M1250
M0704,M1251
M0530,M1251
M0001,M1251
M0161,M1251
M0500,M1251
L405,M1251
M0000,M1251
M0160,M1251
M0160,M1252
M0000,M1252
M0530,M1252
M0500,M1252
L405,M1252
M0704,M1252
M0160,M1253
M0530,M1253
M0000,M1253
L405,M1253
M0500,M1253
M0704,M1253
L405,M1254
M0000,M1254
M0500,M1254
M0530,M1254
M0160,M1254
M0704,M1254
M0530,M1255
L405,M1255
M0000,M1255
M0500,M1255
M0160,M1255
M0704,M1255
M0704,M1256
L405,M1256
M0500,M1256
M0160,M1256
M0530,M1256
M0000,M1256
M0530,M1257
M0160,M1257
L405,M1257
M0704,M1257
M0000,M1257
M0500,M1257
M0007,M1257
M0167,M1257
M0161,M1258
M0166,M1258
M0007,M1258
M0500,M1258
M0704,M1258
M0002,M1258
M0160,M1258
L405,M1258
M0165,M1258
M0001,M1258
M0004,M1258
M0164,M1258
M0162,M1258
M0167,M1258
M0006,M1258
M0005,M1258
M0530,M1258
M0000,M1258
M0005,M1259
M0166,M1259
M0704,M1259
M0165,M1259
M0160,M1259
M0001,M1259
M0530,M1259
M0006,M1259
M0161,M1259
L405,M1259
M0004,M1259
M0500,M1259
M0162,M1259
M0007,M1259
M0164,M1259
M0002,M1259
M0167,M1259
M0000,M1259
M0007,M128
L405,M128
M0704,M128
M0500,M128
M0004,M128
M0001,M128
M0165,M128
M0161,M128
M0166,M128
M0162,M128
M0000,M128
M0005,M128
M0160,M128
M0530,M128
M0167,M128
M0164,M128
M0002,M128
M0006,M128
M0164,M1280
M0004,M1280
M0500,M1280
M0167,M1280
M0007,M1280
M0000,M1280
M0162,M1280
M0161,M1280
M0002,M1280
M0160,M1280
M0001,M1280
M0165,M1280
M0530,M1280
M0005,M1280
M0704,M1280
L405,M1280
M0006,M1280
M0166,M1280
M0704,M1281
M0001,M1281
M0161,M1281
M0000,M1281
M0160,M1281
M0500,M1281
M0530,M1281
L405,M1281
M0704,M1282
L405,M1282
M0530,M1282
M0000,M1282
M0500,M1282
M0160,M1282
M0000,M1283
M0530,M1283
M0500,M1283
M0704,M1283
M0160,M1283
L405,M1283
M0704,M1284
M0500,M1284
M0160,M1284
M0000,M1284
M0530,M1284
L405,M1284
M0530,M1285
M0704,M1285
L405,M1285
M0000,M1285
M0160,M1285
M0500,M1285
M0500,M1286
L405,M1286
M0530,M1286
M0160,M1286
M0704,M1286
M0000,M1286
M0000,M1287
M0500,M1287
M0160,M1287
M0007,M1287
M0704,M1287
M0167,M1287
L405,M1287
M0530,M1287
L405,M1288
M0164,M1288
M0167,M1288
M0165,M1288
M0166,M1288
M0000,M1288
M0004,M1288
M0007,M1288
M0005,M1288
M0161,M1288
M0704,M1288
M0162,M1288
M0006,M1288
M0500,M1288
M0530,M1288
M0002,M1288
M0160,M1288
M0001,M1288
M0164,M1289
M0005,M1289
M0161,M1289
M0001,M1289
M0007,M1289
L405,M1289
M0160,M1289
M0002,M1289
M0500,M1289
M0000,M1289
M0530,M1289
M0166,M1289
M0162,M1289
M0704,M1289
M0167,M1289
M0004,M1289
M0165,M1289
M0006,M1289
M0162,M130
M0005,M130
M0006,M130
M0002,M130
M0001,M130
M0161,M130
M0160,M130
M0704,M130
M0007,M130
M0164,M130
M0167,M130
M0500,M130
M0004,M130
M0166,M130
M0530,M130
M0165,M130
M0000,M130
L405,M130
M0001,M1300
M0161,M1300
M0500,M1300
M0160,M1300
M0530,M1300
M0704,M1300
L405,M1300
M0000,M1300
M0160,M1301
L405,M1301
M0000,M1301
M0530,M1301
M0500,M1301
M0161,M1301
M0704,M1301
M0001,M1301
M0000,M1302
M0530,M1302
M0001,M1302
L405,M1302
M0160,M1302
M0500,M1302
M0704,M1302
M0161,M1302
M0500,M1303
M0001,M1303
M0530,M1303
M0160,M1303
L405,M1303
M0161,M1303
M0000,M1303
M0704,M1303
M0160,M1304
M0704,M1304
M0530,M1304
L405,M1304
M0001,M1304
M0500,M1304
M0000,M1304
M0161,M1304
M0000,M1305
M0704,M1305
M0160,M1305
M0001,M1305
M0530,M1305
L405,M1305
M0500,M1305
M0161,M1305
M0160,M1306
M0500,M1306
M0001,M1306
M0530,M1306
M0704,M1306
M0161,M1306
M0000,M1306
L405,M1306
M0001,M1307
M0160,M1307
L405,M1307
M0704,M1307
M0161,M1307
M0530,M1307
M0500,M1307
M0000,M1307
M0530,M1308
M0500,M1308
M0704,M1308
M0001,M1308
M0161,M1308
L405,M1308
M0000,M1308
M0160,M1308
L405,M1309
M0704,M1309
M0161,M1309
M0530,M1309
M0500,M1309
M0160,M1309
M0001,M1309
M0000,M1309
M0160,M131
M0161,M131
M0530,M131
M0001,M131
L405,M131
M0500,M131
M0000,M131
M0704,M131
M0500,M1310
M0161,M1310
M0704,M1310
M0160,M1310
M0001,M1310
M0000,M1310
L405,M1310
M0530,M1310
M0000,M1311
L405,M1311
M0704,M1311
M0001,M1311
M0530,M1311
M0161,M1311
M0160,M1311
M0500,M1311
M0160,M1312
L405,M1312
M0000,M1312
M0530,M1312
M0500,M1312
M0704,M1312
M0160,M1313
M0500,M1313
M0000,M1313
M0704,M1313
L405,M1313
M0530,M1313
M0000,M1314
M0500,M1314
M0704,M1314
L405,M1314
M0160,M1314
M0530,M1314
M0000,M1315
M0160,M1315
L405,M1315
M0500,M1315
M0530,M1315
M0704,M1315
M0530,M1316
L405,M1316
M0704,M1316
M0160,M1316
M0500,M1316
M0000,M1316
M0704,M1317
M0007,M1317
M0500,M1317
M0160,M1317
M0167,M1317
M0000,M1317
M0530,M1317
L405,M1317
M0160,M1318
M0000,M1318
M0165,M1318
M0161,M1318
M0001,M1318
M0006,M1318
M0166,M1318
M0007,M1318
M0162,M1318
M0005,M1318
M0167,M1318
M0002,M1318
M0500,M1318
L405,M1318
M0004,M1318
M0530,M1318
M0704,M1318
M0164,M1318
M0704,M1319
M0164,M1319
M0166,M1319
M0162,M1319
M0005,M1319
M0500,M1319
M0007,M1319
M0001,M1319
M0002,M1319
M0167,M1319
M0161,M1319
M0004,M1319
M0006,M1319
M0000,M1319
M0165,M1319
M0530,M1319
L405,M1319
M0160,M1319
M0162,M138
L405,M138
M0500,M138
M0006,M138
M0000,M138
M0002,M138
M0164,M138
M0167,M138
M0530,M138
M0165,M138
M0160,M138
M0704,M138
M0001,M138
M0007,M138
M0166,M138
M0005,M138
M0004,M138
M0161,M138
M0162,M1380
M0000,M1380
M0165,M1380
M0166,M1380
M0164,M1380
M0001,M1380
M0002,M1380
M0005,M1380
M0500,M1380
M0006,M1380
L405,M1380
M0704,M1380
M0160,M1380
M0167,M1380
M0004,M1380
M0530,M1380
M0007,M1380
M0161,M1380
M0000,M1381
M0161,M1381
M0160,M1381
M0530,M1381
M0001,M1381
L405,M1381
M0500,M1381
M0704,M1381
L405,M1382
M0704,M1382
M0000,M1382
M0160,M1382
M0530,M1382
M0500,M1382
M0160,M1383
M0704,M1383
L405,M1383
M0530,M1383
M0500,M1383
M0000,M1383
M0500,M1384
M0704,M1384
M0000,M1384
L405,M1384
M0160,M1384
M0530,M1384
M0704,M1385
M0500,M1385
M0160,M1385
M0530,M1385
L405,M1385
M0000,M1385
M0704,M1386
M0000,M1386
M0530,M1386
M0500,M1386
M0160,M1386
L405,M1386
M0530,M1387
M0000,M1387
M0160,M1387
L405,M1387
M0500,M1387
M0704,M1387
M0007,M1387
M0167,M1387
M0164,M1388
M0166,M1388
M0530,M1388
M0167,M1388
L405,M1388
M0000,M1388
M0001,M1388
M0006,M1388
M0160,M1388
M0165,M1388
M0162,M1388
M0002,M1388
M0161,M1388
M0500,M1388
M0704,M1388
M0005,M1388
M0004,M1388
M0007,M1388
M0006,M1389
M0161,M1389
M0164,M1389
M0500,M1389
M0160,M1389
M0007,M1389
M0000,M1389
M0704,M1389
M0166,M1389
M0005,M1389
M0162,M1389
M0001,M1389
M0167,M1389
M0002,M1389
M0530,M1389
M0004,M1389
M0165,M1389
L405,M1389
M0530,M139
M0002,M139
M0004,M139
M0167,M139
M0162,M139
M0164,M139
M0161,M139
M0005,M139
L405,M139
M0500,M139
M0000,M139
M0160,M139
M0166,M139
M0007,M139
M0165,M139
M0704,M139
M0006,M139
M0001,M139
M0007,M1390
M0500,M1390
L405,M1390
M0005,M1390
M0166,M1390
M0002,M1390
M0000,M1390
M0006,M1390
M0164,M1390
M0167,M1390
M0001,M1390
M0162,M1390
M0004,M1390
M0530,M1390
M0704,M1390
M0161,M1390
M0160,M1390
M0165,M1390
M0500,M1391
M0160,M1391
L405,M1391
M0530,M1391
M0001,M1391
M0704,M1391
M0000,M1391
M0161,M1391
L405,M1392
M0530,M1392
M0160,M1392
M0000,M1392
M0500,M1392
M0704,M1392
M0704,M1393
M0160,M1393
L405,M1393
M0000,M1393
M0530,M1393
M0500,M1393
M0000,M1394
M0500,M1394
M0530,M1394
M0160,M1394
L405,M1394
M0704,M1394
M0160,M1395
M0704,M1395
M0500,M1395
M0000,M1395
M0530,M1395
L405,M1395
M0160,M1396
M0704,M1396
L405,M1396
M0000,M1396
M0530,M1396
M0500,M1396
M0007,M1397
M0167,M1397
M0000,M1397
M0500,M1397
M0530,M1397
M0160,M1397
L405,M1397
M0704,M1397
L405,M1398
M0160,M1398
M0005,M1398
M0530,M1398
M0162,M1398
M0001,M1398
M0704,M1398
M0500,M1398
M0006,M1398
M0165,M1398
M0164,M1398
M0161,M1398
M0000,M1398
M0004,M1398
M0167,M1398
M0007,M1398
M0002,M1398
M0166,M1398
M0161,M1399
M0165,M1399
M0166,M1399
M0160,M1399
M0005,M1399
M0704,M1399
M0001,M1399
L405,M1399
M0162,M1399
M0007,M1399
M0530,M1399
M0167,M1399
M0006,M1399
M0500,M1399
M0000,M1399
M0004,M1399
M0002,M1399
M0164,M1399
D570,M140
E213,M141
E106,M142
E146,M142
E059,M145
E050,M145
A521,M146
E146,M146
E106,M146
D868,M148
M0164,M150
M0004,M150
M0004,M151
M0164,M151
M0000,M152
M0002,M152
M0704,M152
M0165,M152
M0160,M152
M0500,M152
M0164,M152
M0161,M152
M0166,M152
M0007,M152
M0530,M152
L405,M152
M0004,M152
M0006,M152
M0167,M152
M0162,M152
M0005,M152
M0001,M152
M0164,M153
M0165,M153
M0004,M153
M0005,M153
L405,M153
M0530,M153
M0162,M153
M0002,M153
M0704,M153
M0167,M153
M0161,M153
M0007,M153
M0006,M153
M0000,M153
M0001,M153
M0166,M153
M0160,M153
M0500,M153
M0002,M154
M0000,M154
M0006,M154
M0005,M154
M0162,M154
M0164,M154
M0530,M154
M0166,M154
M0165,M154
M0704,M154
M0161,M154
L405,M154
M0007,M154
M0500,M154
M0160,M154
M0004,M154
M0167,M154
M0001,M154
L405,M158
M0530,M158
M0006,M158
M0164,M158
M0500,M158
M0001,M158
M0165,M158
M0005,M158
M0704,M158
M0162,M158
M0007,M158
M0167,M158
M0161,M158
M0004,M158
M0002,M158
M0166,M158
M0000,M158
M0160,M158
M0007,M159
M0002,M159
M0162,M159
M0006,M159
M0530,M159
M0167,M159
M0005,M159
M0704,M159
M0161,M159
M0000,M159
M0160,M159
M0164,M159
L405,M159
M0001,M159
M0004,M159
M0165,M159
M0500,M159
M0166,M159
M0005,M160
M0165,M160
M0005,M161
M0165,M161
M0005,M162
M0160,M162
M0530,M162
M0500,M162
M0000,M162
M0704,M162
L405,M162
M0165,M162
M0165,M163
M0005,M163
M0530,M163
M0704,M163
L405,M163
M0000,M163
M0160,M163
M0500,M163
M0160,M164
L405,M164
M0000,M164
M0500,M164
M0165,M164
M0530,M164
M0005,M164
M0704,M164
M0160,M165
M0165,M165
M0530,M165
M0704,M165
M0000,M165
L405,M165
M0005,M165
M0500,M165
M0704,M166
M0500,M166
M0530,M166
L405,M166
M0005,M166
M0000,M166
M0165,M166
M0160,M166
M0165,M167
M0000,M167
L405,M167
M0530,M167
M0500,M167
M0005,M167
M0160,M167
M0704,M167
M0530,M169
M0000,M169
M0500,M169
M0704,M169
M0005,M169
M0165,M169
L405,M169
M0160,M169
M0166,M170
M0006,M170
M0166,M171
M0006,M171
M0000,M172
M0530,M172
M0006,M172
M0500,M172
M0166,M172
M0160,M172
L405,M172
M0704,M172
M0166,M173
M0704,M173
M0500,M173
L405,M173
M0160,M173
M0530,M173
M0000,M173
M0006,M173
M0000,M174
M0704,M174
L405,M174
M0160,M174
M0500,M174
M0530,M174
M0006,M174
M0166,M174
L405,M175
M0000,M175
M0530,M175
M0500,M175
M0166,M175
M0006,M175
M0704,M175
M0160,M175
M0530,M179
M0000,M179
M0006,M179
L405,M179
M0500,M179
M0166,M179
M0160,M179
M0704,M179
M0164,M180
M0004,M180
M0164,M181
M0004,M181
L405,M182
M0164,M182
M0000,M182
M0704,M182
M0004,M182
M0160,M182
M0530,M182
M0500,M182
M0500,M183
M0164,M183
L405,M183
M0160,M183
M0704,M183
M0004,M183
M0530,M183
M0000,M183
M0000,M184
M0164,M184
L405,M184
M0160,M184
M0004,M184
M0500,M184
M0704,M184
M0530,M184
M0500,M185
M0004,M185
M0704,M185
M0164,M185
M0160,M185
M0530,M185
M0000,M185
L405,M185
M0704,M189
M0500,M189
M0164,M189
M0530,M189
M0160,M189
M0004,M189
L405,M189
M0000,M189
M0002,M190
M0006,M190
M0004,M190
M0530,M190
M0704,M190
M0005,M190
M0161,M190
M0164,M190
M0165,M190
M0001,M190
M0160,M190
M0162,M190
M0500,M190
M0000,M190
M0166,M190
L405,M190
M0161,M1901
L405,M1901
M0006,M1901
M0162,M1901
M0000,M1901
M0166,M1901
M0500,M1901
M0004,M1901
M0002,M1901
M0005,M1901
M0001,M1901
M0160,M1901
M0165,M1901
M0704,M1901
M0530,M1901
M0164,M1901
M0160,M1902
L405,M1902
M0530,M1902
M0002,M1902
M0166,M1902
M0500,M1902
M0006,M1902
M0005,M1902
M0004,M1902
M0165,M1902
M0162,M1902
M0161,M1902
M0001,M1902
M0164,M1902
M0000,M1902
M0704,M1902
M0530,M1903
M0006,M1903
M0500,M1903
M0162,M1903
M0005,M1903
M0000,M1903
M0161,M1903
M0165,M1903
M0160,M1903
M0001,M1903
M0166,M1903
M0002,M1903
M0004,M1903
M0164,M1903
M0704,M1903
L405,M1903
M0166,M1905
M0006,M1905
M0164,M1905
M0530,M1905
M0000,M1905
M0160,M1905
M0165,M1905
M0161,M1905
M0001,M1905
L405,M1905
M0004,M1905
M0005,M1905
M0162,M1905
M0704,M1905
M0002,M1905
M0500,M1905
M0500,M1907
M0004,M1907
L405,M1907
M0161,M1907
M0165,M1907
M0162,M1907
M0000,M1907
M0001,M1907
M0002,M1907
M0530,M1907
M0160,M1907
M0164,M1907
M0704,M1907
M0167,M1907
M0006,M1907
M0166,M1907
M0005,M1907
M0007,M1907
M0166,M1909
M0164,M1909
M0530,M1909
M0004,M1909
M0500,M1909
M0007,M1909
M0006,M1909
M0000,M1909
M0005,M1909
M0161,M1909
M0160,M1909
M0165,M1909
M0162,M1909
M0002,M1909
M0167,M1909
M0704,M1909
L405,M1909
M0001,M1909
M0161,M191
L405,M191
M0530,M191
M0001,M191
M0166,M191
M0704,M191
M0164,M191
M0000,M191
M0500,M191
M0162,M191
M0160,M191
M0004,M191
M0005,M191
M0165,M191
M0002,M191
M0006,M191
M0165,M1911
L405,M1911
M0704,M1911
M0500,M1911
M0162,M1911
M0000,M1911
M0002,M1911
M0006,M1911
M0160,M1911
M0166,M1911
M0161,M1911
M0530,M1911
M0164,M1911
M0004,M1911
M0005,M1911
M0001,M1911
M0160,M1912
M0162,M1912
M0166,M1912
M0002,M1912
M0165,M1912
M0164,M1912
M0006,M1912
M0004,M1912
M0530,M1912
M0000,M1912
L405,M1912
M0500,M1912
M0704,M1912
M0001,M1912
M0161,M1912
M0005,M1912
M0000,M1913
M0166,M1913
M0500,M1913
M0161,M1913
M0006,M1913
M0164,M1913
M0004,M1913
M0165,M1913
M0001,M1913
M0162,M1913
M0002,M1913
M0160,M1913
M0704,M1913
M0005,M1913
L405,M1913
M0530,M1913
M0004,M1915
M0000,M1915
M0704,M1915
M0500,M1915
M0164,M1915
M0160,M1915
M0001,M1915
M0530,M1915
L405,M1915
M0161,M1915
M0006,M1915
M0165,M1915
M0002,M1915
M0166,M1915
M0162,M1915
M0005,M1915
M0164,M1917
M0165,M1917
M0005,M1917
M0004,M1917
M0167,M1917
M0160,M1917
M0007,M1917
M0166,M1917
M0001,M1917
M0161,M1917
L405,M1917
M0162,M1917
M0002,M1917
M0500,M1917
M0704,M1917
M0006,M1917
M0530,M1917
M0000,M1917
M0530,M1919
M0164,M1919
M0004,M1919
M0000,M1919
M0165,M1919
M0002,M1919
L405,M1919
M0001,M1919
M0704,M1919
M0005,M1919
M0162,M1919
M0160,M1919
M0007,M1919
M0167,M1919
M0006,M1919
M0500,M1919
M0161,M1919
M0166,M1919
L405,M192
M0500,M192
M0000,M192
M0165,M192
M0704,M192
M0166,M192
M0002,M192
M0001,M192
M0530,M192
M0160,M192
M0164,M192
M0006,M192
M0162,M192
M0005,M192
M0004,M192
M0161,M192
M0002,M1921
M0162,M1921
M0004,M1921
M0166,M1921
M0500,M1921
M0000,M1921
M0001,M1921
M0160,M1921
M0006,M1921
M0704,M1921
M0530,M1921
M0005,M1921
M0161,M1921
M0165,M1921
L405,M1921
M0164,M1921
M0005,M1922
M0160,M1922
M0166,M1922
M0001,M1922
M0161,M1922
M0002,M1922
M0165,M1922
M0004,M1922
L405,M1922
M0164,M1922
M0500,M1922
M0006,M1922
M0530,M1922
M0162,M1922
M0000,M1922
M0704,M1922
M0165,M1923
M0006,M1923
M0005,M1923
M0000,M1923
M0530,M1923
M0166,M1923
M0161,M1923
L405,M1923
M0004,M1923
M0704,M1923
M0001,M1923
M0164,M1923
M0500,M1923
M0160,M1923
M0002,M1923
M0162,M1923
M0500,M1925
M0000,M1925
M0166,M1925
M0704,M1925
M0005,M1925
L405,M1925
M0002,M1925
M0164,M1925
M0161,M1925
M0162,M1925
M0165,M1925
M0530,M1925
M0160,M1925
M0006,M1925
M0001,M1925
M0004,M1925
M0164,M1927
M0500,M1927
M0000,M1927
M0004,M1927
L405,M1927
M0166,M1927
M0161,M1927
M0162,M1927
M0160,M1927
M0530,M1927
M0006,M1927
M0704,M1927
M0167,M1927
M0165,M1927
M0002,M1927
M0005,M1927
M0007,M1927
M0001,M1927
M0166,M1929
M0006,M1929
M0530,M1929
M0500,M1929
M0160,M1929
M0005,M1929
M0000,M1929
M0164,M1929
L405,M1929
M0001,M1929
M0162,M1929
M0704,M1929
M0165,M1929
M0167,M1929
M0004,M1929
M0007,M1929
M0161,M1929
M0002,M1929
M0704,M198
M0000,M198
M0162,M198
M0002,M198
M0005,M198
M0004,M198
M0160,M198
M0500,M198
M0161,M198
M0006,M198
M0165,M198
M0166,M198
L405,M198
M0530,M198
M0001,M198
M0164,M198
M0006,M1981
M0005,M1981
M0002,M1981
M0164,M1981
L405,M1981
M0004,M1981
M0166,M1981
M0161,M1981
M0000,M1981
M0162,M1981
M0704,M1981
M0001,M1981
M0160,M1981
M0500,M1981
M0530,M1981
M0165,M1981
M0164,M1982
M0500,M1982
M0001,M1982
M0004,M1982
M0000,M1982
M0006,M1982
M0005,M1982
M0161,M1982
L405,M1982
M0165,M1982
M0166,M1982
M0530,M1982
M0160,M1982
M0162,M1982
M0002,M1982
M0704,M1982
M0006,M1983
M0000,M1983
L405,M1983
M0164,M1983
M0161,M1983
M0165,M1983
M0500,M1983
M0162,M1983
M0005,M1983
M0160,M1983
M0530,M1983
M0166,M1983
M0001,M1983
M0704,M1983
M0002,M1983
M0004,M1983
M0704,M1985
M0530,M1985
M0006,M1985
M0164,M1985
M0165,M1985
M0001,M1985
M0162,M1985
L405,M1985
M0004,M1985
M0500,M1985
M0161,M1985
M0000,M1985
M0002,M1985
M0166,M1985
M0160,M1985
M0005,M1985
L405,M1987
M0161,M1987
M0005,M1987
M0160,M1987
M0000,M1987
M0167,M1987
M0004,M1987
M0164,M1987
M0166,M1987
M0002,M1987
M0162,M1987
M0704,M1987
M0001,M1987
M0165,M1987
M0007,M1987
M0530,M1987
M0006,M1987
M0500,M1987
M0006,M1989
M0000,M1989
M0005,M1989
M0500,M1989
M0162,M1989
M0530,M1989
M0704,M1989
M0007,M1989
M0004,M1989
M0001,M1989
M0161,M1989
M0165,M1989
M0160,M1989
M0167,M1989
M0002,M1989
M0166,M1989
L405,M1989
M0164,M1989
M0005,M199
M0004,M199
M0161,M199
L405,M199
M0000,M199
M0530,M199
M0165,M199
M0006,M199
M0162,M199
M0002,M199
M0001,M199
M0160,M199
M0166,M199
M0704,M199
M0164,M199
M0500,M199
M0004,M1991
M0530,M1991
M0006,M1991
L405,M1991
M0162,M1991
M0161,M1991
M0166,M1991
M0704,M1991
M0164,M1991
M0165,M1991
M0005,M1991
M0000,M1991
M0001,M1991
M0002,M1991
M0160,M1991
M0500,M1991
M0004,M1992
M0000,M1992
M0164,M1992
M0001,M1992
M0166,M1992
M0165,M1992
L405,M1992
M0160,M1992
M0704,M1992
M0005,M1992
M0161,M1992
M0500,M1992
M0530,M1992
M0002,M1992
M0162,M1992
M0006,M1992
M0530,M1993
M0164,M1993
M0161,M1993
M0001,M1993
M0500,M1993
M0002,M1993
M0000,M1993
M0165,M1993
M0004,M1993
M0005,M1993
M0704,M1993
M0162,M1993
L405,M1993
M0160,M1993
M0166,M1993
M0006,M1993
M0704,M1994
M0165,M1994
M0162,M1994
M0000,M1994
M0002,M1994
M0160,M1994
M0161,M1994
L405,M1994
M0006,M1994
M0004,M1994
M0001,M1994
M0166,M1994
M0164,M1994
M0005,M1994
M0500,M1994
M0530,M1994
M0160,M1995
M0164,M1995
L405,M1995
M0005,M1995
M0002,M1995
M0162,M1995
M0165,M1995
M0001,M1995
M0000,M1995
M0006,M1995
M0166,M1995
M0004,M1995
M0161,M1995
M0704,M1995
M0500,M1995
M0530,M1995
M0164,M1997
M0006,M1997
M0500,M1997
M0002,M1997
M0166,M1997
M0167,M1997
M0161,M1997
M0162,M1997
M0004,M1997
M0005,M1997
M0530,M1997
M0165,M1997
M0704,M1997
L405,M1997
M0001,M1997
M0007,M1997
M0160,M1997
M0000,M1997
M0006,M1999
M0005,M1999
M0530,M1999
M0500,M1999
M0002,M1999
M0000,M1999
M0001,M1999
M0007,M1999
M0704,M1999
M0004,M1999
M0160,M1999
M0166,M1999
L405,M1999
M0165,M1999
M0162,M1999
M0161,M1999
M0167,M1999
M0164,M1999
M0001,M241
M0162,M241
M0006,M241
M0165,M241
M0005,M241
M0161,M241
M0166,M241
M0164,M241
M0004,M241
M0002,M241
M0165,M2410
M0006,M2410
M0164,M2410
M0001,M2410
M0005,M2410
M0004,M2410
M0166,M2410
M0161,M2410
M0162,M2410
M0002,M2410
M0164,M2411
M0001,M2411
M0161,M2411
M0704,M2411
M0004,M2411
M0530,M2411
M0162,M2411
M0160,M2411
M0000,M2411
M0166,M2411
L405,M2411
M0500,M2411
M0165,M2411
M0002,M2411
M0006,M2411
M0005,M2411
M0162,M2412
M0004,M2412
M0000,M2412
M0165,M2412
M0005,M2412
M0160,M2412
M0002,M2412
M0001,M2412
M0166,M2412
M0704,M2412
M0164,M2412
M0530,M2412
M0500,M2412
L405,M2412
M0006,M2412
M0161,M2412
M0162,M2413
M0166,M2413
M0004,M2413
M0704,M2413
M0165,M2413
M0500,M2413
L405,M2413
M0000,M2413
M0002,M2413
M0005,M2413
M0530,M2413
M0001,M2413
M0160,M2413
M0006,M2413
M0161,M2413
M0164,M2413
M0006,M2414
L405,M2414
M0160,M2414
M0500,M2414
M0001,M2414
M0000,M2414
M0002,M2414
M0704,M2414
M0164,M2414
M0165,M2414
M0005,M2414
M0004,M2414
M0162,M2414
M0166,M2414
M0530,M2414
M0161,M2414
M0000,M2415
M0530,M2415
M0001,M2415
M0004,M2415
M0162,M2415
M0006,M2415
M0164,M2415
M0002,M2415
M0161,M2415
M0005,M2415
M0166,M2415
M0160,M2415
M0165,M2415
M0704,M2415
L405,M2415
M0500,M2415
M0005,M2417
M0166,M2417
M0165,M2417
M0160,M2417
M0500,M2417
M0007,M2417
M0006,M2417
M0002,M2417
M0001,M2417
M0167,M2417
M0000,M2417
M0530,M2417
M0004,M2417
M0161,M2417
M0162,M2417
M0164,M2417
L405,M2417
M0704,M2417
M0001,M2419
M0165,M2419
M0000,M2419
M0167,M2419
M0006,M2419
M0161,M2419
M0007,M2419
M0002,M2419
M0530,M2419
M0166,M2419
M0005,M2419
M0004,M2419
M0704,M2419
M0162,M2419
L405,M2419
M0164,M2419
M0500,M2419
M0160,M2419
M0530,M2490
M0704,M2490
M0500,M2490
L405,M2490
M0704,M2491
M0500,M2491
L405,M2491
M0530,M2491
L405,M2492
M0530,M2492
M0500,M2492
M0704,M2492
M0530,M2493
M0500,M2493
L405,M2493
M0704,M2493
M0704,M2494
M0500,M2494
L405,M2494
M0530,M2494
M0704,M2495
M0530,M2495
M0500,M2495
L405,M2495
L405,M2496
M0704,M2496
M0530,M2496
M0500,M2496
M0500,M2497
L405,M2497
M0704,M2497
M0530,M2497
M0500,M2498
L405,M2498
M0530,M2498
M0704,M2498
L405,M2499
M0704,M2499
M0500,M2499
M0530,M2499
M0704,M250
L405,M250
M0500,M250
M0530,M250
M0001,M2500
M0530,M2500
M0704,M2500
M0500,M2500
M0161,M2500
L405,M2500
M0161,M2501
M0001,M2501
M0167,M2507
M0007,M2507
M0002,M2508
M0704,M2508
M0004,M2508
M0007,M2508
M0500,M2508
M0160,M2508
M0165,M2508
M0164,M2508
M0162,M2508
M0006,M2508
M0161,M2508
M0005,M2508
M0001,M2508
M0000,M2508
M0166,M2508
M0530,M2508
M0167,M2508
L405,M2508
M0165,M2509
M0167,M2509
M0530,M2509
M0166,M2509
M0160,M2509
M0002,M2509
M0001,M2509
M0500,M2509
M0162,M2509
M0164,M2509
M0005,M2509
M0704,M2509
M0006,M2509
M0161,M2509
M0000,M2509
M0004,M2509
L405,M2509
M0007,M2509
M0005,M251
M0004,M251
M0160,M251
M0000,M251
M0162,M251
M0167,M251
M0006,M251
M0165,M251
M0530,M251
M0161,M251
M0704,M251
L405,M251
M0007,M251
M0500,M251
M0001,M251
M0002,M251
M0164,M251
M0166,M251
M0001,M2510
M0164,M2510
M0530,M2510
M0000,M2510
M0002,M2510
M0004,M2510
M0167,M2510
M0166,M2510
L405,M2510
M0007,M2510
M0500,M2510
M0006,M2510
M0161,M2510
M0005,M2510
M0704,M2510
M0162,M2510
M0165,M2510
M0160,M2510
M0001,M2511
M0160,M2511
M0000,M2511
M0530,M2511
M0704,M2511
M0500,M2511
M0161,M2511
L405,M2511
M0704,M2512
L405,M2512
M0500,M2512
M0000,M2512
M0160,M2512
M0530,M2512
M0160,M2513
M0000,M2513
L405,M2513
M0704,M2513
M0500,M2513
M0530,M2513
M0704,M2514
M0500,M2514
M0160,M2514
M0000,M2514
M0530,M2514
L405,M2514
M0704,M2515
M0000,M2515
L405,M2515
M0160,M2515
M0530,M2515
M0500,M2515
M0000,M2516
M0160,M2516
M0704,M2516
M0530,M2516
M0500,M2516
L405,M2516
M0500,M2517
L405,M2517
M0704,M2517
M0000,M2517
M0167,M2517
M0530,M2517
M0007,M2517
M0160,M2517
M0006,M2518
M0161,M2518
M0000,M2518
M0704,M2518
M0002,M2518
M0007,M2518
M0165,M2518
M0160,M2518
M0005,M2518
M0001,M2518
M0166,M2518
M0162,M2518
L405,M2518
M0164,M2518
M0167,M2518
M0530,M2518
M0500,M2518
M0004,M2518
M0001,M2519
M0004,M2519
M0006,M2519
M0162,M2519
M0002,M2519
M0165,M2519
M0164,M2519
L405,M2519
M0704,M2519
M0007,M2519
M0530,M2519
M0161,M2519
M0500,M2519
M0005,M2519
M0160,M2519
M0167,M2519
M0000,M2519
M0166,M2519
M0161,M2540
M0001,M2540
M0500,M2540
M0704,M2540
M0160,M2540
M0000,M2540
L405,M2540
M0530,M2540
M0704,M2541
L405,M2541
M0530,M2541
M0001,M2541
M0161,M2541
M0160,M2541
M0000,M2541
M0500,M2541
M0530,M2542
L405,M2542
M0160,M2542
M0000,M2542
M0704,M2542
M0500,M2542
M0000,M2543
M0530,M2543
M0500,M2543
M0704,M2543
M0160,M2543
L405,M2543
M0704,M2544
M0160,M2544
M0500,M2544
L405,M2544
M0530,M2544
M0000,M2544
L405,M2545
M0530,M2545
M0160,M2545
M0704,M2545
M0000,M2545
M0500,M2545
M0160,M2546
M0000,M2546
M0704,M2546
M0530,M2546
L405,M2546
M0500,M2546
M0000,M2547
M0704,M2547
M0160,M2547
M0500,M2547
M0167,M2547
M0530,M2547
M0007,M2547
L405,M2547
M0165,M2548
L405,M2548
M0166,M2548
M0000,M2548
M0500,M2548
M0001,M2548
M0167,M2548
M0004,M2548
M0162,M2548
M0006,M2548
M0530,M2548
M0002,M2548
M0005,M2548
M0160,M2548
M0164,M2548
M0007,M2548
M0161,M2548
M0704,M2548
M0166,M2549
M0500,M2549
M0000,M2549
M0164,M2549
L405,M2549
M0704,M2549
M0001,M2549
M0007,M2549
M0161,M2549
M0167,M2549
M0162,M2549
M0530,M2549
M0005,M2549
M0160,M2549
M0165,M2549
M0006,M2549
M0002,M2549
M0004,M2549
M0001,M255
M0530,M255
M0500,M255
M0005,M255
M0704,M255
M0167,M255
L405,M255
M0007,M255
M0165,M255
M0004,M255
M0000,M255
M0164,M255
M0161,M255
M0002,M255
M0160,M255
M0162,M255
M0166,M255
M0006,M255
M0164,M2550
M0160,M2550
M0000,M2550
L405,M2550
M0004,M2550
M0162,M2550
M0007,M2550
M0002,M2550
M0001,M2550
M0005,M2550
M0167,M2550
M0500,M2550
M0161,M2550
M0006,M2550
M0166,M2550
M0530,M2550
M0704,M2550
M0165,M2550
M0000,M2551
M0001,M2551
M0500,M2551
M0161,M2551
M0160,M2551
L405,M2551
M0530,M2551
M0704,M2551
M0704,M2552
L405,M2552
M0500,M2552
M0160,M2552
M0000,M2552
M0530,M2552
M0160,M2553
M0500,M2553
L405,M2553
M0000,M2553
M0530,M2553
M0704,M2553
M0500,M2554
M0000,M2554
M0704,M2554
M0160,M2554
M0530,M2554
L405,M2554
M0530,M2555
M0000,M2555
M0160,M2555
M0704,M2555
L405,M2555
M0500,M2555
M0160,M2556
L405,M2556
M0500,M2556
M0704,M2556
M0530,M2556
M0000,M2556
L405,M2557
M0704,M2557
M0500,M2557
M0167,M2557
M0000,M2557
M0007,M2557
M0160,M2557
M0530,M2557
M0004,M2558
M0164,M2558
M0161,M2558
M0007,M2558
M0000,M2558
M0162,M2558
M0500,M2558
M0002,M2558
L405,M2558
M0167,M2558
M0166,M2558
M0530,M2558
M0001,M2558
M0006,M2558
M0704,M2558
M0160,M2558
M0005,M2558
M0165,M2558
M0164,M2559
M0167,M2559
M0006,M2559
M0002,M2559
L405,M2559
M0001,M2559
M0000,M2559
M0161,M2559
M0162,M2559
M0500,M2559
M0004,M2559
M0160,M2559
M0166,M2559
M0704,M2559
M0005,M2559
M0530,M2559
M0165,M2559
M0007,M2559
M0007,M256
M0530,M256
M0164,M256
M0000,M256
M0005,M256
M0001,M256
M0161,M256
M0002,M256
M0004,M256
M0167,M256
L405,M256
M0160,M256
M0006,M256
M0704,M256
M0165,M256
M0500,M256
M0162,M256
M0166,M256
M0002,M2560
M0704,M2560
M0006,M2560
M0000,M2560
M0161,M2560
M0165,M2560
L405,M2560
M0160,M2560
M0162,M2560
M0167,M2560
M0164,M2560
M0001,M2560
M0004,M2560
M0005,M2560
M0500,M2560
M0007,M2560
M0530,M2560
M0166,M2560
M0161,M2561
L405,M2561
M0704,M2561
M0530,M2561
M0160,M2561
M0500,M2561
M0001,M2561
M0000,M2561
L405,M2562
M0704,M2562
M0500,M2562
M0000,M2562
M0160,M2562
M0530,M2562
M0530,M2563
M0500,M2563
L405,M2563
M0160,M2563
M0704,M2563
M0000,M2563
M0500,M2564
M0160,M2564
M0000,M2564
M0704,M2564
M0530,M2564
L405,M2564
M0000,M2565
L405,M2565
M0530,M2565
M0704,M2565
M0500,M2565
M0160,M2565
L405,M2566
M0160,M2566
M0500,M2566
M0530,M2566
M0000,M2566
M0704,M2566
M0704,M2567
M0530,M2567
M0500,M2567
M0167,M2567
M0000,M2567
L405,M2567
M0007,M2567
M0160,M2567
M0166,M2568
M0162,M2568
M0002,M2568
M0001,M2568
L405,M2568
M0704,M2568
M0165,M2568
M0005,M2568
M0530,M2568
M0000,M2568
M0006,M2568
M0167,M2568
M0164,M2568
M0161,M2568
M0004,M2568
M0007,M2568
M0500,M2568
M0160,M2568
M0166,M2569
M0530,M2569
M0000,M2569
M0002,M2569
M0004,M2569
M0167,M2569
M0165,M2569
L405,M2569
M0001,M2569
M0160,M2569
M0161,M2569
M0164,M2569
M0500,M2569
M0704,M2569
M0007,M2569
M0162,M2569
M0006,M2569
M0005,M2569
L405,M2580
M0704,M2580
M0160,M2580
M0001,M2580
M0530,M2580
M0500,M2580
M0161,M2580
M0000,M2580
M0530,M2581
M0704,M2581
M0000,M2581
L405,M2581
M0160,M2581
M0161,M2581
M0500,M2581
M0001,M2581
M0000,M2582
L405,M2582
M0500,M2582
M0530,M2582
M0704,M2582
M0160,M2582
M0530,M2583
M0160,M2583
M0000,M2583
L405,M2583
M0500,M2583
M0704,M2583
L405,M2584
M0160,M2584
M0500,M2584
M0530,M2584
M0704,M2584
M0000,M2584
M0500,M2585
L405,M2585
M0160,M2585
M0000,M2585
M0530,M2585
M0704,M2585
M0160,M2586
M0000,M2586
M0500,M2586
L405,M2586
M0530,M2586
M0704,M2586
M0000,M2587
M0530,M2587
L405,M2587
M0167,M2587
M0160,M2587
M0500,M2587
M0704,M2587
M0007,M2587
M0005,M2588
M0001,M2588
M0004,M2588
M0164,M2588
M0167,M2588
M0002,M2588
M0500,M2588
M0162,M2588
M0160,M2588
M0006,M2588
M0165,M2588
L405,M2588
M0166,M2588
M0161,M2588
M0704,M2588
M0007,M2588
M0000,M2588
M0530,M2588
M0166,M2589
M0500,M2589
M0162,M2589
M0004,M2589
M0001,M2589
M0161,M2589
M0006,M2589
M0164,M2589
M0005,M2589
M0000,M2589
L405,M2589
M0007,M2589
M0167,M2589
M0002,M2589
M0160,M2589
M0530,M2589
M0704,M2589
M0165,M2589
M0530,M259
M0162,M259
M0167,M259
M0006,M259
M0164,M259
M0704,M259
M0165,M259
M0161,M259
M0500,M259
M0002,M259
M0001,M259
M0005,M259
M0000,M259
M0160,M259
L405,M259
M0166,M259
M0007,M259
M0004,M259
M0000,M2590
M0006,M2590
M0165,M2590
M0161,M2590
M0004,M2590
M0164,M2590
M0007,M2590
L405,M2590
M0001,M2590
M0160,M2590
M0162,M2590
M0167,M2590
M0530,M2590
M0166,M2590
M0500,M2590
M0002,M2590
M0005,M2590
M0704,M2590
M0161,M2591
M0500,M2591
M0000,M2591
L405,M2591
M0160,M2591
M0001,M2591
M0530,M2591
M0704,M2591
M0530,M2592
M0704,M2592
L405,M2592
M0000,M2592
M0160,M2592
M0500,M2592
M0160,M2593
M0530,M2593
M0704,M2593
M0000,M2593
M0500,M2593
L405,M2593
M0160,M2594
M0704,M2594
M0000,M2594
M0530,M2594
M0500,M2594
L405,M2594
M0704,M2595
M0500,M2595
L405,M2595
M0530,M2595
M0160,M2595
M0000,M2595
L405,M2596
M0500,M2596
M0160,M2596
M0000,M2596
M0704,M2596
M0530,M2596
M0500,M2597
M0167,M2597
M0704,M2597
L405,M2597
M0007,M2597
M0160,M2597
M0530,M2597
M0000,M2597
M0167,M2598
M0704,M2598
M0160,M2598
M0500,M2598
M0006,M2598
M0001,M2598
L405,M2598
M0166,M2598
M0000,M2598
M0530,M2598
M0165,M2598
M0164,M2598
M0007,M2598
M0004,M2598
M0161,M2598
M0162,M2598
M0005,M2598
M0002,M2598
M0004,M2599
M0162,M2599
M0001,M2599
M0500,M2599
M0160,M2599
M0006,M2599
M0161,M2599
M0530,M2599
M0166,M2599
M0002,M2599
M0005,M2599
M0704,M2599
M0167,M2599
M0165,M2599
M0164,M2599
M0000,M2599
L405,M2599
M0007,M2599
M300,M300
M300,M301
M300,M302
M300,M303
M300,M308
M300,M310
M300,M311
M300,M312
M300,M313
M300,M314
M300,M315
M300,M316
M300,M317
M300,M318
M300,M319
M321,M320
M320,M320
M320,M321
M321,M321
I682,M321
M320,M328
M321,M328
M321,M329
M320,M329
L944,M330
M330,M330
L944,M331
M330,M331
M332,M332
M332,M339
M330,M339
M340,M340
M340,M341
M340,M342
M340,M348
M340,M349
M351,M351
M354,M354
M354,M355
M351,M355
M354,M358
M332,M358
L944,M358
M321,M358
M351,M358
M330,M358
M340,M358
M320,M358
M321,M359
L944,M359
M332,M359
M340,M359
M351,M359
M320,M359
M354,M359
M330,M359
L944,M360
M330,M360
D66,M362
D569,M363
D690,M364
D800,M368
M501,M433
M501,M434
M9020,M4620
M8606,M4620
M8602,M4620
M9027,M4620
M9001,M4620
M8600,M4620
M9007,M4620
M9021,M4620
M9002,M4620
M8601,M4620
M9022,M4620
M8607,M4620
M8600,M4621
M8601,M4621
M8607,M4621
M8602,M4621
M9001,M4621
M9007,M4621
M9022,M4621
M9002,M4621
M9027,M4621
M9021,M4621
M8606,M4621
M9020,M4621
M8601,M4622
M8606,M4622
M9001,M4622
M9027,M4622
M9021,M4622
M9022,M4622
M8602,M4622
M9007,M4622
M9002,M4622
M8607,M4622
M8600,M4622
M9020,M4622
M9021,M4623
M8600,M4623
M9027,M4623
M9020,M4623
M9001,M4623
M8606,M4623
M8602,M4623
M8607,M4623
M8601,M4623
M9022,M4623
M9007,M4623
M9002,M4623
M8600,M4624
M8607,M4624
M9021,M4624
M9020,M4624
M9022,M4624
M9007,M4624
M8601,M4624
M8602,M4624
M9001,M4624
M8606,M4624
M9002,M4624
M9027,M4624
M8607,M4625
M9001,M4625
M8602,M4625
M8606,M4625
M9002,M4625
M8601,M4625
M9022,M4625
M9020,M4625
M9007,M4625
M9027,M4625
M9021,M4625
M8600,M4625
M9022,M4626
M8602,M4626
M9027,M4626
M9002,M4626
M8607,M4626
M9020,M4626
M8606,M4626
M8601,M4626
M9007,M4626
M9021,M4626
M9001,M4626
M8600,M4626
M9001,M4627
M8606,M4627
M9002,M4627
M9020,M4627
M8607,M4627
M9021,M4627
M8600,M4627
M9027,M4627
M8601,M4627
M8602,M4627
M9007,M4627
M9022,M4627
M8601,M4628
M8606,M4628
M9020,M4628
M8602,M4628
M9021,M4628
M9007,M4628
M9022,M4628
M8607,M4628
M9001,M4628
M9002,M4628
M9027,M4628
M8600,M4628
M8606,M4629
M9022,M4629
M8607,M4629
M9020,M4629
M8601,M4629
M9021,M4629
M8602,M4629
M8600,M4629
M9002,M4629
M9027,M4629
M9001,M4629
M9007,M4629
M501,M4640
M501,M4641
M501,M4642
M501,M4643
M501,M4800
M501,M4801
M501,M4802
M501,M4803
S328,M4840
T08,M4840
S720,M4840
M4840,M4840
S325,M4840
S324,M4840
S720,M4841
T08,M4841
S324,M4841
M4840,M4841
S325,M4841
S328,M4841
S325,M4842
S720,M4842
M4840,M4842
S328,M4842
S324,M4842
T08,M4842
S328,M4843
S325,M4843
S324,M4843
M4840,M4843
S720,M4843
T08,M4843
S324,M4844
S720,M4844
M4840,M4844
T08,M4844
S325,M4844
S328,M4844
S720,M4845
S324,M4845
T08,M4845
S325,M4845
S328,M4845
M4840,M4845
S328,M4846
S325,M4846
M4840,M4846
T08,M4846
S720,M4846
S324,M4846
S328,M4847
S325,M4847
S720,M4847
S324,M4847
M4840,M4847
T08,M4847
S325,M4848
M4840,M4848
T08,M4848
S324,M4848
S720,M4848
S328,M4848
T08,M4849
M4840,M4849
S720,M4849
S324,M4849
S325,M4849
S328,M4849
S325,M485
M4840,M485
S328,M485
S324,M485
S720,M485
T08,M485
M4840,M4850
S324,M4850
T08,M4850
S325,M4850
S328,M4850
S720,M4850
S720,M4851
S324,M4851
T08,M4851
S328,M4851
M4840,M4851
S325,M4851
S324,M4852
S325,M4852
S328,M4852
M4840,M4852
T08,M4852
S720,M4852
S328,M4853
S720,M4853
S325,M4853
S324,M4853
T08,M4853
M4840,M4853
S328,M4854
S324,M4854
S720,M4854
M4840,M4854
S325,M4854
T08,M4854
T08,M4855
M4840,M4855
S328,M4855
S324,M4855
S325,M4855
S720,M4855
M4840,M4856
S328,M4856
S325,M4856
S720,M4856
T08,M4856
S324,M4856
S328,M4857
S325,M4857
M4840,M4857
T08,M4857
S324,M4857
S720,M4857
S324,M4858
S325,M4858
S720,M4858
T08,M4858
M4840,M4858
S328,M4858
S720,M4859
S325,M4859
M4840,M4859
S324,M4859
S328,M4859
T08,M4859
M501,M4890
M501,M4891
M501,M4892
M501,M4893
B209,M490
B24,M490
B200,M490
A521,M494
A521,M4940
A521,M4941
A521,M4942
A521,M4943
A521,M4944
A521,M4945
A521,M4946
A521,M4947
A521,M4948
A521,M4949
S328,M4950
M4840,M4950
S325,M4950
S324,M4950
S325,M4951
M4840,M4951
S328,M4951
S324,M4951
S328,M4952
M4840,M4952
S325,M4952
S324,M4952
S328,M4953
M4840,M4953
S325,M4953
S324,M4953
M4840,M4954
S328,M4954
S324,M4954
S325,M4954
M4840,M4955
S325,M4955
S328,M4955
S324,M4955
M4840,M4956
S325,M4956
S328,M4956
S324,M4956
M4840,M4957
S325,M4957
S324,M4957
S328,M4957
S325,M4958
M4840,M4958
S328,M4958
S324,M4958
M4840,M4959
S328,M4959
S325,M4959
S324,M4959
E210,M498
E210,M4980
E210,M4981
E210,M4982
E210,M4983
E210,M4984
E210,M4985
E210,M4986
E210,M4987
E210,M4988
E210,M4989
M501,M500
M501,M501
M501,M502
M501,M503
M501,M508
M501,M509
M501,M518
M501,M519
M501,M530
M501,M5300
M501,M5301
M501,M5302
M501,M5303
M501,M5309
M501,M531
M501,M5380
M501,M5381
M501,M5382
M501,M5383
M501,M5389
M501,M539
M501,M5390
M501,M5391
M501,M5392
M501,M5393
M501,M5399
M501,M540
M501,M5400
M501,M5401
M501,M5402
M501,M5403
M501,M5409
M501,M541
M501,M5410
M501,M5411
M501,M5412
M501,M5419
M501,M542
M6000,M600
M633,M600
M631,M600
M630,M600
M632,M600
M632,M6000
M6000,M6000
M631,M6000
M630,M6000
M633,M6000
M6000,M6001
M630,M6001
M631,M6001
M632,M6001
M633,M6001
M6000,M6002
M632,M6002
M631,M6002
M630,M6002
M633,M6002
M631,M6003
M630,M6003
M6000,M6003
M632,M6003
M633,M6003
M631,M6004
M6000,M6004
M630,M6004
M633,M6004
M632,M6004
M631,M6005
M632,M6005
M6000,M6005
M630,M6005
M633,M6005
M632,M6006
M633,M6006
M631,M6006
M630,M6006
M6000,M6006
M632,M6007
M633,M6007
M631,M6007
M630,M6007
M6000,M6007
M630,M6008
M632,M6008
M6000,M6008
M633,M6008
M631,M6008
M633,M6009
M632,M6009
M6000,M6009
M630,M6009
M631,M6009
M638,M6010
M6220,M6010
M638,M6011
M6220,M6011
M6220,M6012
M638,M6012
M6220,M6013
M638,M6013
M638,M6014
M6220,M6014
M6220,M6015
M638,M6015
M6220,M6016
M638,M6016
M6220,M6017
M638,M6017
M6220,M6018
M638,M6018
M6220,M6019
M638,M6019
M638,M602
M6220,M602
M6220,M6020
M638,M6020
M6220,M6021
M638,M6021
M638,M6022
M6220,M6022
M638,M6023
M6220,M6023
M6220,M6024
M638,M6024
M6220,M6025
M638,M6025
M6220,M6026
M638,M6026
M6220,M6027
M638,M6027
M6220,M6028
M638,M6028
M638,M6029
M6220,M6029
M631,M6100
M6000,M6100
M632,M6100
M633,M6100
M630,M6100
M633,M6101
M6000,M6101
M631,M6101
M632,M6101
M630,M6101
M630,M6102
M633,M6102
M631,M6102
M6000,M6102
M632,M6102
M630,M6103
M631,M6103
M633,M6103
M6000,M6103
M632,M6103
M630,M6104
M631,M6104
M633,M6104
M632,M6104
M6000,M6104
M632,M6105
M633,M6105
M6000,M6105
M630,M6105
M631,M6105
M633,M6106
M6000,M6106
M630,M6106
M631,M6106
M632,M6106
M632,M6107
M630,M6107
M631,M6107
M6000,M6107
M633,M6107
M633,M6108
M632,M6108
M6000,M6108
M630,M6108
M631,M6108
M631,M6109
M632,M6109
M6000,M6109
M630,M6109
M633,M6109
M631,M611
M630,M611
M632,M611
M6000,M611
M633,M611
M631,M6110
M632,M6110
M633,M6110
M6000,M6110
M630,M6110
M630,M6111
M631,M6111
M6000,M6111
M633,M6111
M632,M6111
M630,M6112
M631,M6112
M632,M6112
M6000,M6112
M633,M6112
M631,M6113
M630,M6113
M6000,M6113
M633,M6113
M632,M6113
M630,M6114
M633,M6114
M631,M6114
M6000,M6114
M632,M6114
M631,M6115
M632,M6115
M6000,M6115
M633,M6115
M630,M6115
M633,M6116
M630,M6116
M631,M6116
M632,M6116
M6000,M6116
M631,M6117
M633,M6117
M6000,M6117
M630,M6117
M632,M6117
M632,M6118
M630,M6118
M633,M6118
M631,M6118
M6000,M6118
M633,M6119
M632,M6119
M631,M6119
M6000,M6119
M630,M6119
M631,M612
M6000,M612
M632,M612
M630,M612
M633,M612
M631,M6120
M632,M6120
M633,M6120
M6000,M6120
M630,M6120
M630,M6121
M633,M6121
M631,M6121
M632,M6121
M6000,M6121
M630,M6122
M631,M6122
M633,M6122
M632,M6122
M6000,M6122
M632,M6123
M630,M6123
M633,M6123
M631,M6123
M6000,M6123
M6000,M6124
M633,M6124
M630,M6124
M631,M6124
M632,M6124
M630,M6125
M633,M6125
M631,M6125
M632,M6125
M6000,M6125
M631,M6126
M630,M6126
M633,M6126
M6000,M6126
M632,M6126
M631,M6127
M633,M6127
M632,M6127
M630,M6127
M6000,M6127
M6000,M6128
M630,M6128
M633,M6128
M632,M6128
M631,M6128
M6000,M6129
M633,M6129
M630,M6129
M632,M6129
M631,M6129
M631,M613
M633,M613
M630,M613
M6000,M613
M632,M613
M632,M6130
M630,M6130
M633,M6130
M631,M6130
M6000,M6130
M632,M6131
M630,M6131
M633,M6131
M631,M6131
M6000,M6131
M633,M6132
M631,M6132
M630,M6132
M632,M6132
M6000,M6132
M633,M6133
M632,M6133
M6000,M6133
M630,M6133
M631,M6133
M6000,M6134
M631,M6134
M633,M6134
M632,M6134
M630,M6134
M631,M6135
M630,M6135
M632,M6135
M6000,M6135
M633,M6135
M632,M6136
M631,M6136
M633,M6136
M630,M6136
M6000,M6136
M631,M6137
M6000,M6137
M633,M6137
M630,M6137
M632,M6137
M633,M6138
M630,M6138
M631,M6138
M632,M6138
M6000,M6138
M631,M6139
M633,M6139
M632,M6139
M6000,M6139
M630,M6139
M633,M614
M631,M614
M6000,M614
M632,M614
M630,M614
M630,M6140
M6000,M6140
M632,M6140
M633,M6140
M631,M6140
M6000,M6141
M630,M6141
M632,M6141
M633,M6141
M631,M6141
M632,M6142
M633,M6142
M6000,M6142
M630,M6142
M631,M6142
M630,M6143
M633,M6143
M632,M6143
M631,M6143
M6000,M6143
M631,M6144
M632,M6144
M633,M6144
M630,M6144
M6000,M6144
M630,M6145
M633,M6145
M631,M6145
M632,M6145
M6000,M6145
M630,M6146
M631,M6146
M6000,M6146
M633,M6146
M632,M6146
M631,M6147
M633,M6147
M630,M6147
M632,M6147
M6000,M6147
M631,M6148
M632,M6148
M6000,M6148
M633,M6148
M630,M6148
M6000,M6149
M631,M6149
M632,M6149
M633,M6149
M630,M6149
M631,M615
M633,M615
M6000,M615
M630,M615
M632,M615
M632,M6150
M631,M6150
M633,M6150
M6000,M6150
M630,M6150
M632,M6151
M633,M6151
M631,M6151
M6000,M6151
M630,M6151
M630,M6152
M632,M6152
M633,M6152
M6000,M6152
M631,M6152
M633,M6153
M6000,M6153
M631,M6153
M630,M6153
M632,M6153
M633,M6154
M631,M6154
M632,M6154
M6000,M6154
M630,M6154
M630,M6155
M631,M6155
M6000,M6155
M633,M6155
M632,M6155
M630,M6156
M632,M6156
M6000,M6156
M633,M6156
M631,M6156
M632,M6157
M630,M6157
M633,M6157
M6000,M6157
M631,M6157
M632,M6158
M631,M6158
M633,M6158
M6000,M6158
M630,M6158
M630,M6159
M633,M6159
M632,M6159
M6000,M6159
M631,M6159
M633,M619
M6000,M619
M631,M619
M630,M619
M632,M619
M6000,M6190
M631,M6190
M630,M6190
M633,M6190
M632,M6190
M632,M6191
M6000,M6191
M630,M6191
M633,M6191
M631,M6191
M633,M6192
M630,M6192
M6000,M6192
M631,M6192
M632,M6192
M630,M6193
M633,M6193
M631,M6193
M6000,M6193
M632,M6193
M633,M6194
M630,M6194
M6000,M6194
M632,M6194
M631,M6194
M6000,M6195
M631,M6195
M632,M6195
M630,M6195
M633,M6195
M631,M6196
M6000,M6196
M633,M6196
M630,M6196
M632,M6196
M630,M6197
M6000,M6197
M633,M6197
M631,M6197
M632,M6197
M630,M6198
M632,M6198
M631,M6198
M633,M6198
M6000,M6198
M633,M6199
M631,M6199
M632,M6199
M6000,M6199
M630,M6199
M638,M6200
M6220,M6200
M6220,M6201
M638,M6201
M6220,M6202
M638,M6202
M638,M6203
M6220,M6203
M638,M6204
M6220,M6204
M6220,M6205
M638,M6205
M638,M6206
M6220,M6206
M638,M6207
M6220,M6207
M6220,M6208
M638,M6208
M638,M6209
M6220,M6209
M638,M621
M6220,M621
M638,M6210
M6220,M6210
M6220,M6211
M638,M6211
M638,M6212
M6220,M6212
M638,M6213
M6220,M6213
M638,M6214
M6220,M6214
M638,M6215
M6220,M6215
M638,M6216
M6220,M6216
M638,M6217
M6220,M6217
M638,M6218
M6220,M6218
M638,M6219
M6220,M6219
M638,M622
M6220,M622
M6220,M6220
M638,M6220
M6220,M6221
M638,M6221
M6220,M6222
M638,M6222
M638,M6223
M6220,M6223
M638,M6224
M6220,M6224
M6220,M6225
M638,M6225
M638,M6226
M6220,M6226
M638,M6227
M6220,M6227
M638,M6228
M6220,M6228
M638,M6229
M6220,M6229
M638,M6240
M6220,M6240
M638,M6241
M6220,M6241
M6220,M6242
M638,M6242
M638,M6243
M6220,M6243
M638,M6244
M6220,M6244
M6220,M6245
M638,M6245
M638,M6246
M6220,M6246
M638,M6247
M6220,M6247
M6220,M6248
M638,M6248
M6220,M6249
M638,M6249
M6220,M625
M638,M625
M630,M6250
M631,M6250
M638,M6250
M632,M6250
M633,M6250
M6000,M6250
M6220,M6250
M6000,M6251
M631,M6251
M633,M6251
M632,M6251
M6220,M6251
M630,M6251
M638,M6251
M632,M6252
M638,M6252
M633,M6252
M6220,M6252
M631,M6252
M630,M6252
M6000,M6252
M630,M6253
M633,M6253
M638,M6253
M6000,M6253
M631,M6253
M632,M6253
M6220,M6253
M6000,M6254
M631,M6254
M630,M6254
M632,M6254
M6220,M6254
M638,M6254
M633,M6254
M633,M6255
M6000,M6255
M631,M6255
M630,M6255
M638,M6255
M6220,M6255
M632,M6255
M632,M6256
M6000,M6256
M633,M6256
M6220,M6256
M638,M6256
M630,M6256
M631,M6256
M630,M6257
M631,M6257
M638,M6257
M6220,M6257
M632,M6257
M6000,M6257
M633,M6257
M6220,M6258
M632,M6258
M633,M6258
M631,M6258
M6000,M6258
M630,M6258
M638,M6258
M6000,M6259
M630,M6259
M6220,M6259
M638,M6259
M632,M6259
M633,M6259
M631,M6259
M6220,M626
M638,M626
M6220,M6260
M638,M6260
M638,M6261
M6220,M6261
M638,M6262
M6220,M6262
M638,M6263
M6220,M6263
M638,M6264
M6220,M6264
M638,M6265
M6220,M6265
M6220,M6266
M638,M6266
M638,M6267
M6220,M6267
M6220,M6268
M638,M6268
M638,M6269
M6220,M6269
M6220,M628
M638,M628
M638,M6280
M6220,M6280
M6220,M6281
M638,M6281
M638,M6282
M6220,M6282
M638,M6283
M6220,M6283
M6220,M6284
M638,M6284
M638,M6285
M6220,M6285
M6220,M6286
M638,M6286
M6220,M6287
M638,M6287
M6220,M6288
M638,M6288
M638,M6289
M6220,M6289
M6220,M629
M638,M629
M6220,M6290
M638,M6290
M6220,M6291
M638,M6291
M6220,M6292
M638,M6292
M638,M6293
M6220,M6293
M638,M6294
M6220,M6294
M6220,M6295
M638,M6295
M6220,M6296
M638,M6296
M6220,M6297
M638,M6297
M638,M6298
M6220,M6298
M6220,M6299
M638,M6299
M630,M630
M633,M630
M632,M630
M6000,M630
M631,M630
M631,M6300
M630,M6300
M6000,M6300
M633,M6300
M632,M6300
M632,M6301
M633,M6301
M631,M6301
M630,M6301
M6000,M6301
M633,M6302
M630,M6302
M632,M6302
M6000,M6302
M631,M6302
M6000,M6303
M633,M6303
M632,M6303
M630,M6303
M631,M6303
M630,M6304
M6000,M6304
M631,M6304
M633,M6304
M632,M6304
M630,M6305
M6000,M6305
M631,M6305
M633,M6305
M632,M6305
M633,M6306
M631,M6306
M6000,M6306
M630,M6306
M632,M6306
M632,M6307
M630,M6307
M631,M6307
M633,M6307
M6000,M6307
M633,M6308
M632,M6308
M631,M6308
M6000,M6308
M630,M6308
M630,M6309
M633,M6309
M631,M6309
M6000,M6309
M632,M6309
M6000,M631
M630,M631
M631,M631
M632,M631
M633,M631
M633,M6310
M631,M6310
M632,M6310
M6000,M6310
M630,M6310
M630,M6311
M632,M6311
M631,M6311
M6000,M6311
M633,M6311
M6000,M6312
M631,M6312
M633,M6312
M632,M6312
M630,M6312
M631,M6313
M632,M6313
M633,M6313
M630,M6313
M6000,M6313
M631,M6314
M6000,M6314
M630,M6314
M633,M6314
M632,M6314
M6000,M6315
M630,M6315
M632,M6315
M631,M6315
M633,M6315
M632,M6316
M633,M6316
M630,M6316
M631,M6316
M6000,M6316
M6000,M6317
M631,M6317
M633,M6317
M630,M6317
M632,M6317
M630,M6318
M632,M6318
M633,M6318
M6000,M6318
M631,M6318
M6000,M6319
M630,M6319
M633,M6319
M632,M6319
M631,M6319
M633,M632
M6000,M632
M631,M632
M632,M632
M630,M632
M6000,M6320
M631,M6320
M633,M6320
M632,M6320
M630,M6320
M632,M6321
M630,M6321
M631,M6321
M633,M6321
M6000,M6321
M6000,M6322
M631,M6322
M630,M6322
M633,M6322
M632,M6322
M6000,M6323
M631,M6323
M632,M6323
M630,M6323
M633,M6323
M633,M6324
M630,M6324
M631,M6324
M632,M6324
M6000,M6324
M633,M6325
M631,M6325
M6000,M6325
M630,M6325
M632,M6325
M633,M6326
M632,M6326
M630,M6326
M631,M6326
M6000,M6326
M632,M6327
M6000,M6327
M631,M6327
M633,M6327
M630,M6327
M6000,M6328
M633,M6328
M631,M6328
M630,M6328
M632,M6328
M631,M6329
M633,M6329
M6000,M6329
M632,M6329
M630,M6329
M6000,M633
M632,M633
M630,M633
M631,M633
M633,M633
D868,M633
M630,M6330
M632,M6330
M631,M6330
M6000,M6330
M633,M6330
D868,M6330
M632,M6331
M6000,M6331
M631,M6331
M630,M6331
M633,M6331
D868,M6331
M631,M6332
M630,M6332
M632,M6332
D868,M6332
M633,M6332
M6000,M6332
M632,M6333
M633,M6333
D868,M6333
M6000,M6333
M631,M6333
M630,M6333
M631,M6334
M633,M6334
D868,M6334
M6000,M6334
M630,M6334
M632,M6334
D868,M6335
M6000,M6335
M632,M6335
M633,M6335
M631,M6335
M630,M6335
M632,M6336
M6000,M6336
D868,M6336
M631,M6336
M630,M6336
M633,M6336
M632,M6337
M631,M6337
M633,M6337
M6000,M6337
D868,M6337
M630,M6337
M633,M6338
M631,M6338
M630,M6338
M632,M6338
M6000,M6338
D868,M6338
M633,M6339
M6000,M6339
M632,M6339
M631,M6339
D868,M6339
M630,M6339
G736,M638
M638,M638
M6220,M638
M638,M6380
G736,M6380
M6220,M6380
G736,M6381
M638,M6381
M6220,M6381
M6220,M6382
G736,M6382
M638,M6382
G736,M6383
M6220,M6383
M638,M6383
M6220,M6384
G736,M6384
M638,M6384
M6220,M6385
G736,M6385
M638,M6385
M6220,M6386
M638,M6386
G736,M6386
M6220,M6387
M638,M6387
G736,M6387
M638,M6388
G736,M6388
M6220,M6388
M638,M6389
M6220,M6389
G736,M6389
M638,M721
M6220,M721
M638,M7210
M6220,M7210
M6220,M7214
M638,M7214
M6220,M7219
M638,M7219
M6220,M722
M638,M722
M6220,M7220
M638,M7220
M6220,M7227
M638,M7227
M6220,M7229
M638,M7229
M6220,M723
M638,M723
M6220,M7230
M638,M7230
M354,M7230
M6220,M7231
M638,M7231
M354,M7231
M354,M7232
M6220,M7232
M638,M7232
M638,M7233
M354,M7233
M6220,M7233
M354,M7234
M6220,M7234
M638,M7234
M6220,M7235
M638,M7235
M354,M7235
M638,M7236
M354,M7236
M6220,M7236
M6220,M7237
M638,M7237
M354,M7237
M6220,M7238
M638,M7238
M354,M7238
M638,M7239
M6220,M7239
M354,M7239
M638,M724
M6220,M724
M638,M7240
M6220,M7240
M638,M7241
M6220,M7241
M638,M7242
M6220,M7242
M638,M7243
M6220,M7243
M6220,M7244
M638,M7244
M638,M7245
M6220,M7245
M638,M7246
M6220,M7246
M638,M7247
M6220,M7247
M6220,M7248
M638,M7248
M638,M7249
M6220,M7249
M638,M725
M6220,M725
M354,M7250
M638,M7250
M6220,M7250
M6220,M7251
M638,M7251
M354,M7251
M354,M7252
M6220,M7252
M638,M7252
M6220,M7253
M638,M7253
M354,M7253
M6220,M7254
M638,M7254
M354,M7254
M6220,M7255
M354,M7255
M638,M7255
M638,M7256
M6220,M7256
M354,M7256
M6220,M7257
M638,M7257
M354,M7257
M6220,M7258
M354,M7258
M638,M7258
M638,M7259
M6220,M7259
M354,M7259
M633,M726
H602,M726
M630,M726
M6000,M726
L033,M726
M354,M726
M631,M726
M632,M726
M638,M726
L031,M726
M6220,M726
M638,M7260
M630,M7260
M631,M7260
L031,M7260
M6000,M7260
M6220,M7260
M633,M7260
M632,M7260
L033,M7260
M354,M7260
H602,M7260
L031,M7261
M6220,M7261
L033,M7261
H602,M7261
M6000,M7261
M632,M7261
M631,M7261
M633,M7261
M638,M7261
M630,M7261
M354,M7261
L033,M7262
M632,M7262
M633,M7262
L031,M7262
M630,M7262
M6000,M7262
M354,M7262
M631,M7262
M638,M7262
H602,M7262
M6220,M7262
H602,M7263
M6220,M7263
L033,M7263
M6000,M7263
M633,M7263
M638,M7263
M631,M7263
M354,M7263
M630,M7263
M632,M7263
L031,M7263
M631,M7264
M630,M7264
M354,M7264
M6000,M7264
L031,M7264
M632,M7264
M638,M7264
M6220,M7264
M633,M7264
H602,M7264
L033,M7264
M630,M7265
L031,M7265
M6220,M7265
M354,M7265
M633,M7265
H602,M7265
L033,M7265
M638,M7265
M6000,M7265
M632,M7265
M631,M7265
H602,M7266
M632,M7266
M354,M7266
M6220,M7266
M630,M7266
M631,M7266
M633,M7266
M638,M7266
M6000,M7266
L033,M7266
L031,M7266
M633,M7267
M630,M7267
M638,M7267
H602,M7267
L031,M7267
M354,M7267
M632,M7267
M6000,M7267
L033,M7267
M6220,M7267
M631,M7267
M632,M7268
M6220,M7268
M630,M7268
L033,M7268
M631,M7268
M6000,M7268
M633,M7268
L031,M7268
M638,M7268
H602,M7268
M354,M7268
M6220,M7269
M6000,M7269
M638,M7269
M633,M7269
M354,M7269
M631,M7269
M632,M7269
H602,M7269
L031,M7269
L033,M7269
M630,M7269
M638,M728
M6220,M728
M6220,M7280
M638,M7280
M638,M7281
M6220,M7281
M6220,M7282
M638,M7282
M6220,M7283
M638,M7283
M638,M7284
M6220,M7284
M6220,M7285
M638,M7285
M638,M7286
M6220,M7286
M638,M7287
M6220,M7287
M638,M7288
M6220,M7288
M6220,M7289
M638,M7289
M4840,M8000
M4840,M8001
M4840,M8002
M4840,M8003
M4840,M8004
M4840,M8005
M4840,M8006
M4840,M8007
M4840,M8008
M4840,M8009
M4840,M801
M4840,M8010
M4840,M8011
M4840,M8012
M4840,M8013
M4840,M8014
M4840,M8015
M4840,M8016
M4840,M8017
M4840,M8018
M4840,M8019
M4840,M802
M4840,M8020
M4840,M8021
M4840,M8022
M4840,M8023
M4840,M8024
M4840,M8025
M4840,M8026
M4840,M8027
M4840,M8028
M4840,M8029
M4840,M803
M4840,M8030
M4840,M8031
M4840,M8032
M4840,M8033
M4840,M8034
M4840,M8035
M4840,M8036
M4840,M8037
M4840,M8038
M4840,M8039
M4840,M804
M4840,M8040
M4840,M8041
M4840,M8042
M4840,M8043
M4840,M8044
M4840,M8045
M4840,M8046
M4840,M8047
M4840,M8048
M4840,M8049
M4840,M805
M4840,M8050
M4840,M8051
M4840,M8052
M4840,M8053
M4840,M8054
M4840,M8055
M4840,M8056
M4840,M8057
M4840,M8058
M4840,M8059
M4840,M808
M4840,M8080
M4840,M8081
M4840,M8082
M4840,M8083
M4840,M8084
M4840,M8085
M4840,M8086
M4840,M8087
M4840,M8088
M4840,M8089
M4840,M809
M4840,M8090
M4840,M8091
M4840,M8092
M4840,M8093
M4840,M8094
M4840,M8095
M4840,M8096
M4840,M8097
M4840,M8098
M4840,M8099
M8400,M8400
M8400,M8401
M8400,M8402
M8400,M8403
M8400,M8404
M8400,M8405
M8400,M8406
M8400,M8407
M8400,M8408
M8400,M8409
M8400,M841
M8400,M8410
M8400,M8411
M8400,M8412
M8400,M8413
M8400,M8414
M8400,M8415
M8400,M8416
M8400,M8417
M8400,M8418
M8400,M8419
M8400,M842
M8400,M8420
M8400,M8421
M8400,M8422
M8400,M8423
M8400,M8424
M8400,M8425
M8400,M8426
M8400,M8427
M8400,M8428
M8400,M8429
S720,M8430
S324,M8430
T08,M8430
S328,M8430
S325,M8430
M4840,M8430
S324,M8431
S720,M8431
S328,M8431
M4840,M8431
S325,M8431
T08,M8431
S720,M8432
T08,M8432
S324,M8432
S328,M8432
M4840,M8432
S325,M8432
T08,M8433
S720,M8433
S328,M8433
S324,M8433
S325,M8433
M4840,M8433
S328,M8434
S720,M8434
M4840,M8434
S324,M8434
T08,M8434
S325,M8434
T08,M8435
S325,M8435
M4840,M8435
S324,M8435
S720,M8435
S328,M8435
T08,M8436
M4840,M8436
S720,M8436
S328,M8436
S324,M8436
S325,M8436
S325,M8437
S324,M8437
M4840,M8437
S328,M8437
S720,M8437
T08,M8437
S720,M8438
S324,M8438
S328,M8438
S325,M8438
M4840,M8438
T08,M8438
S720,M8439
T08,M8439
S325,M8439
S324,M8439
S328,M8439
M4840,M8439
S328,M844
M4840,M844
S720,M844
S325,M844
S324,M844
T08,M844
S324,M8440
M4840,M8440
T08,M8440
S328,M8440
S720,M8440
S325,M8440
S324,M8441
S325,M8441
S328,M8441
M4840,M8441
S720,M8441
T08,M8441
S720,M8442
S324,M8442
M4840,M8442
S328,M8442
S325,M8442
T08,M8442
S720,M8443
S324,M8443
M4840,M8443
S325,M8443
T08,M8443
S328,M8443
S324,M8444
S328,M8444
M4840,M8444
S325,M8444
S720,M8444
T08,M8444
S328,M8445
M4840,M8445
S720,M8445
S324,M8445
T08,M8445
S325,M8445
S720,M8446
S325,M8446
M4840,M8446
T08,M8446
S328,M8446
S324,M8446
T08,M8447
M4840,M8447
S325,M8447
S324,M8447
S328,M8447
S720,M8447
T08,M8448
S720,M8448
S328,M8448
M4840,M8448
S324,M8448
S325,M8448
S720,M8449
M4840,M8449
S325,M8449
S324,M8449
T08,M8449
S328,M8449
M9021,M8600
M8601,M8600
M9020,M8600
M9001,M8600
M8600,M8600
M8600,M8601
M9020,M8601
M9021,M8601
M8601,M8601
M9001,M8601
M9020,M8602
M8600,M8602
M8602,M8602
M8602,M8603
M8600,M8603
M9020,M8603
M8602,M8604
M9020,M8604
M8600,M8604
M8602,M8605
M8600,M8605
M9020,M8605
M8606,M8606
M8600,M8606
M9020,M8606
M9007,M8607
M8600,M8607
M9027,M8607
M9020,M8607
M8607,M8607
M9021,M8608
M9007,M8608
M8607,M8608
M9020,M8608
M9002,M8608
M9027,M8608
M9022,M8608
M9001,M8608
M8601,M8608
M8602,M8608
M8606,M8608
M8600,M8608
M9021,M8609
M9022,M8609
M8602,M8609
M8600,M8609
M9020,M8609
M8601,M8609
M9002,M8609
M8607,M8609
M8606,M8609
M9001,M8609
M9027,M8609
M9007,M8609
M8600,M861
M8606,M861
M9001,M861
M9022,M861
M9020,M861
M9027,M861
M9002,M861
M9007,M861
M8602,M861
M9021,M861
M8607,M861
M8601,M861
M9027,M8610
M8602,M8610
M9020,M8610
M8600,M8610
M8607,M8610
M8606,M8610
M9021,M8610
M9022,M8610
M9007,M8610
M8601,M8610
M9001,M8610
M9002,M8610
M9001,M8611
M8600,M8611
M8601,M8611
M9021,M8611
M9020,M8611
M9020,M8612
M8600,M8612
M8602,M8612
M9020,M8613
M8602,M8613
M8600,M8613
M8600,M8614
M9020,M8614
M8602,M8614
M9020,M8615
M8600,M8615
M8602,M8615
M8606,M8616
M8600,M8616
M9020,M8616
M8607,M8617
M8600,M8617
M9020,M8617
M9007,M8617
M9027,M8617
M8607,M8618
M8602,M8618
M9021,M8618
M9002,M8618
M9027,M8618
M9001,M8618
M9022,M8618
M9020,M8618
M8601,M8618
M8606,M8618
M8600,M8618
M9007,M8618
M8602,M8619
M9021,M8619
M9002,M8619
M8606,M8619
M9022,M8619
M9020,M8619
M9027,M8619
M8607,M8619
M9001,M8619
M8600,M8619
M9007,M8619
M8601,M8619
M8607,M862
M9020,M862
M9027,M862
M9007,M862
M9022,M862
M9001,M862
M8606,M862
M8601,M862
M8600,M862
M8602,M862
M9002,M862
M9021,M862
M8601,M8620
M8607,M8620
M9001,M8620
M9022,M8620
M9020,M8620
M9002,M8620
M9027,M8620
M9007,M8620
M8600,M8620
M9021,M8620
M8602,M8620
M8606,M8620
M8600,M8621
M9021,M8621
M9020,M8621
M8601,M8621
M9001,M8621
M9020,M8622
M8600,M8622
M8602,M8622
M8602,M8623
M8600,M8623
M9020,M8623
M9020,M8624
M8600,M8624
M8602,M8624
M8600,M8625
M9020,M8625
M8602,M8625
M8606,M8626
M8600,M8626
M9020,M8626
M8607,M8627
M9027,M8627
M8600,M8627
M9020,M8627
M9007,M8627
M8607,M8628
M9021,M8628
M9007,M8628
M9020,M8628
M9027,M8628
M8602,M8628
M8601,M8628
M8600,M8628
M9022,M8628
M9001,M8628
M8606,M8628
M9002,M8628
M8602,M8629
M9020,M8629
M8600,M8629
M8607,M8629
M9021,M8629
M9002,M8629
M8606,M8629
M9022,M8629
M9027,M8629
M8601,M8629
M9001,M8629
M9007,M8629
M9001,M863
M8601,M863
M9021,M863
M9002,M863
M9007,M863
M9022,M863
M9027,M863
M8606,M863
M9020,M863
M8600,M863
M8607,M863
M8602,M863
M8606,M8630
M8600,M8630
M9022,M8630
M9002,M8630
M9020,M8630
M8601,M8630
M9021,M8630
M9027,M8630
M9007,M8630
M8602,M8630
M9001,M8630
M8607,M8630
M9020,M8631
M8600,M8631
M9021,M8631
M8601,M8631
M9001,M8631
M8600,M8632
M9020,M8632
M9020,M8633
M8600,M8633
M9020,M8634
M8600,M8634
M8600,M8635
M9020,M8635
M9020,M8636
M8600,M8636
M9020,M8637
M8600,M8637
M9020,M8638
M8606,M8638
M8600,M8638
M8606,M8639
M9027,M8639
M9021,M8639
M8602,M8639
M9022,M8639
M8600,M8639
M9001,M8639
M8601,M8639
M9020,M8639
M8607,M8639
M9007,M8639
M9002,M8639
M9027,M864
M8607,M864
M9002,M864
M9001,M864
M9020,M864
M8602,M864
M8601,M864
M9007,M864
M8600,M864
M9022,M864
M8606,M864
M9021,M864
M9027,M8640
M8601,M8640
M9007,M8640
M8607,M8640
M9022,M8640
M9001,M8640
M8602,M8640
M9020,M8640
M8600,M8640
M9021,M8640
M9002,M8640
M8606,M8640
M9021,M8641
M8600,M8641
M9020,M8641
M9001,M8641
M8601,M8641
M9020,M8642
M8600,M8642
M8600,M8643
M9020,M8643
M8600,M8644
M9020,M8644
M8600,M8645
M9020,M8645
M9020,M8646
M8600,M8646
M9020,M8647
M8600,M8647
M9027,M8647
M9007,M8647
M8607,M8647
M8607,M8648
M9021,M8648
M9001,M8648
M8606,M8648
M8600,M8648
M9007,M8648
M8601,M8648
M8602,M8648
M9022,M8648
M9027,M8648
M9020,M8648
M9002,M8648
M8600,M8649
M8606,M8649
M9020,M8649
M9007,M8649
M9022,M8649
M8602,M8649
M8607,M8649
M9027,M8649
M9002,M8649
M8601,M8649
M9021,M8649
M9001,M8649
M9021,M865
M8600,M865
M9002,M865
M8602,M865
M9022,M865
M9027,M865
M8601,M865
M8607,M865
M9001,M865
M8606,M865
M9007,M865
M9020,M865
M9002,M8650
M9027,M8650
M9007,M8650
M8600,M8650
M8601,M8650
M8606,M8650
M8607,M8650
M9021,M8650
M9020,M8650
M9001,M8650
M9022,M8650
M8602,M8650
M8601,M8651
M9001,M8651
M8600,M8651
M9021,M8651
M9020,M8651
M8600,M8652
M9020,M8652
M9020,M8653
M8600,M8653
M9020,M8654
M8600,M8654
M8600,M8655
M9020,M8655
M9020,M8656
M8600,M8656
M9027,M8657
M9007,M8657
M9020,M8657
M8600,M8657
M8607,M8657
M8600,M8658
M8607,M8658
M9027,M8658
M9001,M8658
M8602,M8658
M9020,M8658
M9002,M8658
M9021,M8658
M9007,M8658
M9022,M8658
M8601,M8658
M8606,M8658
M8607,M8659
M8601,M8659
M9021,M8659
M9020,M8659
M8600,M8659
M9002,M8659
M9001,M8659
M9022,M8659
M9007,M8659
M8606,M8659
M9027,M8659
M8602,M8659
M9001,M866
M9007,M866
M9027,M866
M9022,M866
M8602,M866
M8606,M866
M8600,M866
M9020,M866
M8601,M866
M8607,M866
M9002,M866
M9021,M866
M9020,M8660
M8606,M8660
M9002,M8660
M8602,M8660
M8607,M8660
M9022,M8660
M9021,M8660
M8600,M8660
M9007,M8660
M9001,M8660
M9027,M8660
M8601,M8660
M8601,M8661
M9001,M8661
M9020,M8661
M8600,M8661
M9021,M8661
M8600,M8662
M9020,M8662
M8600,M8663
M9020,M8663
M8600,M8664
M9020,M8664
M9020,M8665
M8600,M8665
M9020,M8666
M8600,M8666
M8607,M8667
M9007,M8667
M8600,M8667
M9027,M8667
M9020,M8667
M8602,M8668
M9002,M8668
M8607,M8668
M8601,M8668
M9027,M8668
M9007,M8668
M9022,M8668
M8600,M8668
M8606,M8668
M9021,M8668
M9001,M8668
M9020,M8668
M8607,M8669
M8606,M8669
M9007,M8669
M9027,M8669
M9001,M8669
M8602,M8669
M9021,M8669
M8601,M8669
M8600,M8669
M9020,M8669
M9002,M8669
M9022,M8669
M9027,M868
M8602,M868
M9020,M868
M9022,M868
M8606,M868
M8600,M868
M9001,M868
M8601,M868
M9002,M868
M8607,M868
M9021,M868
M9007,M868
M8601,M8680
M9020,M8680
M9022,M8680
M8602,M8680
M9027,M8680
M8606,M8680
M9021,M8680
M8607,M8680
M9007,M8680
M9002,M8680
M8600,M8680
M9001,M8680
M8600,M8681
M9020,M8681
M8601,M8681
M9001,M8681
M9021,M8681
M8600,M8682
M9020,M8682
M9020,M8683
M8600,M8683
M9020,M8684
M8600,M8684
M9020,M8685
M8600,M8685
M9020,M8686
M8600,M8686
M9020,M8687
M9027,M8687
M8607,M8687
M8600,M8687
M9007,M8687
M9027,M8688
M9001,M8688
M9002,M8688
M8600,M8688
M9020,M8688
M8601,M8688
M9021,M8688
M8607,M8688
M9022,M8688
M8606,M8688
M8602,M8688
M9007,M8688
M8600,M8689
M9001,M8689
M8606,M8689
M8607,M8689
M9020,M8689
M8601,M8689
M9022,M8689
M9021,M8689
M9007,M8689
M8602,M8689
M9027,M8689
M9002,M8689
M9022,M869
M8600,M869
M9021,M869
M9027,M869
M9001,M869
M9002,M869
M9007,M869
M8602,M869
M8607,M869
M8606,M869
M8601,M869
M9020,M869
M9007,M8690
M8607,M8690
M9002,M8690
M8606,M8690
M8602,M8690
M9021,M8690
M9001,M8690
M9020,M8690
M8601,M8690
M8600,M8690
M9022,M8690
M9027,M8690
M9020,M8691
M9021,M8691
M8600,M8691
M9001,M8691
M8601,M8691
M9020,M8692
M8600,M8692
M9020,M8693
M8600,M8693
M8600,M8694
M9020,M8694
M8600,M8695
M9020,M8695
M9020,M8696
M8600,M8696
M8600,M8697
M8607,M8697
M9027,M8697
M9020,M8697
M9007,M8697
M8606,M8698
M9027,M8698
M9002,M8698
M9001,M8698
M9022,M8698
M8607,M8698
M9021,M8698
M8600,M8698
M9007,M8698
M8602,M8698
M8601,M8698
M9020,M8698
M8602,M8699
M9007,M8699
M9021,M8699
M9022,M8699
M9001,M8699
M9027,M8699
M9002,M8699
M8606,M8699
M8607,M8699
M9020,M8699
M8600,M8699
M8601,M8699
M8601,M8710
M8600,M8710
M9001,M8710
M9021,M8710
M9020,M8710
M8601,M8711
M9001,M8711
M9020,M8711
M8600,M8711
M9021,M8711
M8600,M8712
M9020,M8712
M8600,M8713
M9020,M8713
M8600,M8714
M9020,M8714
M8600,M8715
M9020,M8715
M9020,M8716
M8600,M8716
M8607,M8717
M9007,M8717
M9027,M8717
M9020,M8717
M8600,M8717
M9022,M8718
M9001,M8718
M9027,M8718
M9020,M8718
M9021,M8718
M8600,M8718
M8601,M8718
M8606,M8718
M9007,M8718
M9002,M8718
M8607,M8718
M8602,M8718
M9021,M8719
M9020,M8719
M9002,M8719
M8606,M8719
M8601,M8719
M9027,M8719
M8600,M8719
M9001,M8719
M8602,M8719
M9022,M8719
M9007,M8719
M8607,M8719
M9007,M872
M8601,M872
M9002,M872
M9001,M872
M9020,M872
M8600,M872
M8602,M872
M8607,M872
M8606,M872
M9027,M872
M9021,M872
M9022,M872
M9027,M8720
M8600,M8720
M9021,M8720
M8602,M8720
M9022,M8720
M9020,M8720
M8606,M8720
M8601,M8720
M9001,M8720
M9007,M8720
M9002,M8720
M8607,M8720
M9020,M8721
M9021,M8721
M8601,M8721
M9001,M8721
M8600,M8721
M8600,M8722
M9020,M8722
M9020,M8723
M8600,M8723
M9020,M8724
M8600,M8724
M9020,M8725
M8600,M8725
M9020,M8726
M8600,M8726
M9027,M8727
M8607,M8727
M8600,M8727
M9007,M8727
M9020,M8727
M9020,M8728
M9007,M8728
M8606,M8728
M9001,M8728
M8601,M8728
M9021,M8728
M9027,M8728
M8600,M8728
M8607,M8728
M9002,M8728
M8602,M8728
M9022,M8728
M8606,M8729
M9027,M8729
M9020,M8729
M9021,M8729
M8600,M8729
M9007,M8729
M9001,M8729
M8602,M8729
M9002,M8729
M9022,M8729
M8607,M8729
M8601,M8729
M9021,M873
M8606,M873
M9001,M873
M8601,M873
M9020,M873
M8607,M873
M8600,M873
M9007,M873
M9022,M873
M9027,M873
M9002,M873
M8602,M873
M9002,M8730
M9022,M8730
M9020,M8730
M8600,M8730
M8607,M8730
M9027,M8730
M9021,M8730
M9001,M8730
M9007,M8730
M8602,M8730
M8606,M8730
M8601,M8730
M8601,M8731
M9021,M8731
M9020,M8731
M8600,M8731
M9001,M8731
M8600,M8732
M9020,M8732
M9020,M8733
M8600,M8733
M8600,M8734
M9020,M8734
M9020,M8735
M8600,M8735
M9020,M8736
M8600,M8736
M9020,M8737
M9027,M8737
M8600,M8737
M8607,M8737
M9007,M8737
M8606,M8738
M9020,M8738
M9001,M8738
M9007,M8738
M8600,M8738
M9022,M8738
M9027,M8738
M8601,M8738
M8602,M8738
M9021,M8738
M8607,M8738
M9002,M8738
M8600,M8739
M9002,M8739
M9001,M8739
M9027,M8739
M9021,M8739
M8606,M8739
M9022,M8739
M8607,M8739
M8601,M8739
M9020,M8739
M9007,M8739
M8602,M8739
M8602,M878
M9007,M878
M9027,M878
M9022,M878
M8600,M878
M9020,M878
M9021,M878
M9001,M878
M8607,M878
M8601,M878
M8606,M878
M9002,M878
M9002,M8780
M8606,M8780
M9021,M8780
M8602,M8780
M9001,M8780
M8600,M8780
M9027,M8780
M8601,M8780
M9007,M8780
M9022,M8780
M8607,M8780
M9020,M8780
M9001,M8781
M9020,M8781
M8601,M8781
M9021,M8781
M8600,M8781
M8600,M8782
M9020,M8782
M8600,M8783
M9020,M8783
M8600,M8784
M9020,M8784
M9020,M8785
M8600,M8785
M9020,M8786
M8600,M8786
M8600,M8787
M8607,M8787
M9007,M8787
M9027,M8787
M9020,M8787
M9007,M8788
M8607,M8788
M8600,M8788
M8602,M8788
M9027,M8788
M9002,M8788
M9022,M8788
M9021,M8788
M9020,M8788
M8606,M8788
M9001,M8788
M8601,M8788
M8601,M8789
M9027,M8789
M8600,M8789
M9020,M8789
M9001,M8789
M9007,M8789
M9002,M8789
M8602,M8789
M9021,M8789
M8607,M8789
M8606,M8789
M9022,M8789
M9027,M879
M9022,M879
M8600,M879
M9020,M879
M9001,M879
M8606,M879
M9007,M879
M9021,M879
M8607,M879
M8602,M879
M8601,M879
M9002,M879
M8601,M8790
M9020,M8790
M9001,M8790
M9027,M8790
M8607,M8790
M9002,M8790
M8606,M8790
M9007,M8790
M8602,M8790
M8600,M8790
M9021,M8790
M9022,M8790
M9021,M8791
M8601,M8791
M8600,M8791
M9001,M8791
M9020,M8791
M9020,M8792
M8600,M8792
M9020,M8793
M8600,M8793
M9020,M8794
M8600,M8794
M9020,M8795
M8600,M8795
M9020,M8796
M8600,M8796
M8607,M8797
M9007,M8797
M9020,M8797
M9027,M8797
M8600,M8797
M9027,M8798
M9002,M8798
M9022,M8798
M9007,M8798
M8600,M8798
M9001,M8798
M8607,M8798
M9020,M8798
M8606,M8798
M9021,M8798
M8602,M8798
M8601,M8798
M9007,M8799
M9020,M8799
M9002,M8799
M9022,M8799
M8607,M8799
M8600,M8799
M8601,M8799
M8602,M8799
M9027,M8799
M9001,M8799
M8606,M8799
M9021,M8799
G120,M8908
G120,M8909
B209,M900
B24,M900
B200,M900
M9001,M9000
M9020,M9000
M8600,M9000
M9021,M9000
M9021,M9001
M9001,M9001
M8600,M9001
M9020,M9001
M9002,M9002
M9020,M9002
M8600,M9002
M9022,M9002
M9002,M9003
M8600,M9003
M9022,M9003
M9020,M9003
M8600,M9004
M9020,M9004
M9002,M9004
M9022,M9004
M9020,M9005
M8600,M9005
M9022,M9005
M9002,M9005
M9002,M9006
M9022,M9006
M8600,M9006
M9020,M9006
M8600,M9007
M9007,M9007
M9027,M9007
M9020,M9007
M9001,M9008
M9027,M9008
M9022,M9008
M9002,M9008
M9021,M9008
M9020,M9008
M8600,M9008
M9007,M9008
M9022,M9009
M9007,M9009
M9021,M9009
M9020,M9009
M9002,M9009
M8600,M9009
M9001,M9009
M9027,M9009
A521,M902
B453,M902
M8600,M9020
B453,M9020
M9021,M9020
M9020,M9020
A521,M9020
M9001,M9020
M9020,M9021
M9021,M9021
A521,M9021
B453,M9021
M8600,M9021
M9001,M9021
B453,M9022
M9022,M9022
A521,M9022
M9002,M9022
M8600,M9022
M9020,M9022
B453,M9023
M8600,M9023
M9020,M9023
M9002,M9023
A521,M9023
M9022,M9023
A521,M9024
M9002,M9024
B453,M9024
M9022,M9024
M9020,M9024
M8600,M9024
B453,M9025
M8600,M9025
M9022,M9025
A521,M9025
M9002,M9025
M9020,M9025
B453,M9026
M8600,M9026
A521,M9026
M9020,M9026
M9022,M9026
M9002,M9026
B453,M9027
M9027,M9027
M9020,M9027
M9007,M9027
M8600,M9027
A521,M9027
M9022,M9028
A521,M9028
M9020,M9028
M9002,M9028
B453,M9028
M9027,M9028
M9001,M9028
M9021,M9028
M9007,M9028
M8600,M9028
M9001,M9029
M8600,M9029
B453,M9029
M9002,M9029
M9027,M9029
M9021,M9029
M9022,M9029
M9020,M9029
A521,M9029
M9007,M9029
M4840,M9070
M4840,M9071
M4840,M9072
M4840,M9073
M4840,M9074
M4840,M9075
M8400,M9075
M4840,M9076
M4840,M9077
M4840,M9078
M4840,M9079
E146,M908
E146,M9080
E146,M9081
E146,M9082
E146,M9083
E146,M9084
E146,M9085
E146,M9086
E146,M9087
E146,M9088
E146,M9089
M8400,M960
T857,M966
T840,M966
M969,M966
T857,M968
M969,M968
T840,M968
T857,M969
T840,M969
M969,M969
N10,N000
N178,N000
N000,N000
N170,N000
N003,N000
N188,N000
N188,N001
N10,N001
N003,N001
N000,N001
N178,N001
N170,N001
N10,N002
N188,N002
N178,N002
N170,N002
N000,N002
N003,N002
N188,N003
N170,N003
N003,N003
N10,N003
N178,N003
N000,N003
N170,N004
N003,N004
N10,N004
N000,N004
N188,N004
N178,N004
N178,N005
N003,N005
N170,N005
N188,N005
N000,N005
N10,N005
N178,N006
N170,N006
N003,N006
N10,N006
N188,N006
N000,N006
N178,N007
N000,N007
N10,N007
N003,N007
N170,N007
N188,N007
N003,N008
N178,N008
N170,N008
N000,N008
N10,N008
N188,N008
N170,N009
N000,N009
N003,N009
N178,N009
N10,N009
N188,N009
N000,N010
N178,N010
N003,N010
N188,N010
N10,N010
N170,N010
N000,N011
N178,N011
N10,N011
N170,N011
N003,N011
N188,N011
N003,N012
N188,N012
N10,N012
N170,N012
N178,N012
N000,N012
N188,N013
N170,N013
N000,N013
N10,N013
N003,N013
N178,N013
N178,N014
N170,N014
N188,N014
N003,N014
N000,N014
N10,N014
N003,N015
N170,N015
N000,N015
N178,N015
N188,N015
N10,N015
N000,N016
N10,N016
N188,N016
N178,N016
N003,N016
N170,N016
N003,N017
N178,N017
N170,N017
N000,N017
N10,N017
N188,N017
N178,N018
N10,N018
N170,N018
N000,N018
N188,N018
N003,N018
N003,N019
N178,N019
N170,N019
N10,N019
N000,N019
N188,N019
N178,N020
N350,N020
N200,N020
N188,N020
N170,N020
N10,N020
N324,N020
N338,N020
N321,N020
N340,N020
N000,N020
N003,N020
N312,N020
N020,N020
N304,N020
R31,N020
N170,N021
N304,N021
N020,N021
N338,N021
N188,N021
N003,N021
N324,N021
N10,N021
N340,N021
N178,N021
N312,N021
N321,N021
N350,N021
N200,N021
R31,N021
N000,N021
N10,N022
N200,N022
N350,N022
N170,N022
N340,N022
N321,N022
R31,N022
N020,N022
N338,N022
N188,N022
N304,N022
N312,N022
N178,N022
N324,N022
N003,N022
N000,N022
N338,N023
N304,N023
N178,N023
N200,N023
N003,N023
N340,N023
N020,N023
N321,N023
N312,N023
N324,N023
N10,N023
N170,N023
N188,N023
N000,N023
N350,N023
R31,N023
N003,N024
N020,N024
N200,N024
N000,N024
N312,N024
N170,N024
N304,N024
N178,N024
N324,N024
N188,N024
N338,N024
N350,N024
N10,N024
N321,N024
N340,N024
R31,N024
N200,N025
N304,N025
N10,N025
N312,N025
N340,N025
N350,N025
R31,N025
N338,N025
N324,N025
N020,N025
N188,N025
N000,N025
N003,N025
N178,N025
N170,N025
N321,N025
N340,N026
N170,N026
N324,N026
N020,N026
N304,N026
N350,N026
N003,N026
N338,N026
N312,N026
N321,N026
R31,N026
N000,N026
N188,N026
N10,N026
N178,N026
N200,N026
N304,N027
N312,N027
N10,N027
N321,N027
N003,N027
N178,N027
N338,N027
N000,N027
N188,N027
N200,N027
N020,N027
N324,N027
N350,N027
N340,N027
R31,N027
N170,N027
N178,N028
N10,N028
N312,N028
N000,N028
N188,N028
N200,N028
R31,N028
N350,N028
N003,N028
N340,N028
N338,N028
N324,N028
N321,N028
N304,N028
N020,N028
N170,N028
N000,N029
N020,N029
N340,N029
N324,N029
N178,N029
N170,N029
N200,N029
N003,N029
N10,N029
N350,N029
N321,N029
N304,N029
N338,N029
N312,N029
N188,N029
R31,N029
N000,N030
N003,N030
N178,N030
N10,N030
N188,N030
N170,N030
N170,N031
N000,N031
N188,N031
N003,N031
N178,N031
N10,N031
N003,N032
N10,N032
N178,N032
N170,N032
N188,N032
N000,N032
N170,N033
N000,N033
N10,N033
N178,N033
N188,N033
N003,N033
N170,N034
N003,N034
N188,N034
N000,N034
N10,N034
N178,N034
N000,N035
N178,N035
N003,N035
N170,N035
N188,N035
N10,N035
N188,N036
N003,N036
N170,N036
N10,N036
N178,N036
N000,N036
N003,N037
N000,N037
N178,N037
N10,N037
N170,N037
N188,N037
N000,N038
N178,N038
N003,N038
N170,N038
N10,N038
N188,N038
N188,N039
N003,N039
N170,N039
N10,N039
N000,N039
N178,N039
N10,N040
N170,N040
N003,N040
N178,N040
N000,N040
N188,N040
N10,N041
N003,N041
N000,N041
N178,N041
N170,N041
N188,N041
N10,N042
N003,N042
N000,N042
N188,N042
N170,N042
N178,N042
N188,N043
N178,N043
N003,N043
N170,N043
N10,N043
N000,N043
N178,N044
N188,N044
N003,N044
N170,N044
N10,N044
N000,N044
N178,N045
N003,N045
N170,N045
N188,N045
N10,N045
N000,N045
N170,N046
N000,N046
N188,N046
N178,N046
N003,N046
N10,N046
N003,N047
N178,N047
N188,N047
N170,N047
N000,N047
N10,N047
N000,N048
N10,N048
N003,N048
N178,N048
N170,N048
N188,N048
N178,N049
N170,N049
N188,N049
N000,N049
N003,N049
N10,N049
N10,N050
N000,N050
N170,N050
N178,N050
N003,N050
N188,N050
N170,N051
N178,N051
N003,N051
N188,N051
N10,N051
N000,N051
N003,N052
N188,N052
N10,N052
N178,N052
N170,N052
N000,N052
N170,N053
N188,N053
N10,N053
N003,N053
N000,N053
N178,N053
N188,N054
N178,N054
N170,N054
N003,N054
N000,N054
N10,N054
N170,N055
N188,N055
N003,N055
N000,N055
N10,N055
N178,N055
N188,N056
N178,N056
N170,N056
N10,N056
N000,N056
N003,N056
N178,N057
N003,N057
N170,N057
N000,N057
N10,N057
N188,N057
N10,N058
N178,N058
N170,N058
N003,N058
N188,N058
N000,N058
N188,N059
N170,N059
N10,N059
N003,N059
N000,N059
N178,N059
N10,N060
N10,N061
N10,N062
N10,N063
N10,N064
N10,N065
N10,N066
N10,N067
N10,N068
N10,N069
N178,N070
N188,N070
N170,N070
N000,N070
N10,N070
N003,N070
N003,N071
N000,N071
N10,N071
N178,N071
N188,N071
N170,N071
N188,N072
N170,N072
N003,N072
N178,N072
N000,N072
N10,N072
N003,N073
N170,N073
N188,N073
N178,N073
N10,N073
N000,N073
N10,N074
N188,N074
N003,N074
N178,N074
N170,N074
N000,N074
N188,N075
N178,N075
N10,N075
N000,N075
N170,N075
N003,N075
N003,N076
N188,N076
N178,N076
N000,N076
N10,N076
N170,N076
N10,N077
N000,N077
N170,N077
N188,N077
N003,N077
N178,N077
N003,N078
N178,N078
N188,N078
N000,N078
N10,N078
N170,N078
N170,N079
N003,N079
N10,N079
N000,N079
N188,N079
N178,N079
A542,N080
B268,N080
N10,N080
B789,N080
N10,N081
N10,N082
D690,N082
D570,N082
N10,N083
N10,N084
N10,N085
N10,N088
N10,N10
N003,N10
N000,N10
N003,N110
N000,N110
N10,N110
N003,N111
N188,N111
N10,N111
N178,N111
N170,N111
N000,N111
N188,N118
N003,N118
N000,N118
N178,N118
N170,N118
N10,N118
N003,N119
N170,N119
N178,N119
N000,N119
N10,N119
N188,N119
N10,N12
N170,N12
N188,N12
N003,N12
N000,N12
N178,N12
N178,N130
N188,N130
N000,N130
N003,N130
N170,N130
N10,N130
N188,N131
N10,N131
N178,N131
N000,N131
N170,N131
N003,N131
N178,N132
N10,N132
N003,N132
N188,N132
N170,N132
N000,N132
N178,N133
N003,N133
N188,N133
N000,N133
N10,N133
N170,N133
N139,N134
N338,N134
R33,N134
N10,N134
N200,N134
N304,N134
N134,N134
N304,N135
R33,N135
N10,N135
N139,N135
N338,N135
N200,N135
N134,N135
N10,N136
N000,N136
N10,N137
R33,N138
N200,N138
N10,N138
N304,N138
N338,N138
N134,N138
N139,N138
R33,N139
N134,N139
N10,N139
N200,N139
N139,N139
N304,N139
N338,N139
N170,N140
N10,N140
N003,N140
N000,N140
N188,N140
N178,N140
N178,N141
N10,N141
N003,N141
N170,N141
N188,N141
N000,N141
N178,N142
N10,N142
N188,N142
N003,N142
N000,N142
N170,N142
N178,N143
N188,N143
N170,N143
N10,N143
N003,N143
N000,N143
N170,N144
N003,N144
N000,N144
N10,N144
N188,N144
N178,N144
N10,N150
N003,N150
N188,N150
N170,N150
N178,N150
N000,N150
N188,N151
N170,N151
N003,N151
N178,N151
N10,N151
N000,N151
N170,N158
N10,N158
N188,N158
N178,N158
N003,N158
N000,N158
N178,N159
N188,N159
N10,N159
N000,N159
N003,N159
N170,N159
N10,N160
N10,N161
D868,N162
N10,N162
D869,N162
N10,N163
N10,N164
T862,N165
N10,N165
T860,N165
N10,N168
N188,N170
N178,N170
N170,N170
N003,N170
N000,N170
N178,N171
N003,N171
N188,N171
N170,N171
N000,N171
N000,N172
N170,N172
N003,N172
N188,N172
N178,N172
N003,N178
N000,N178
N178,N178
N170,N178
N188,N178
N188,N179
N170,N179
N178,N179
N000,N179
N003,N179
N003,N180
N188,N180
N178,N180
N000,N180
N170,N180
N170,N181
N188,N181
N003,N181
N178,N181
N000,N181
N000,N182
N178,N182
N170,N182
N003,N182
N188,N182
N003,N183
N000,N183
N188,N183
N170,N183
N178,N183
N170,N184
N003,N184
N188,N184
N000,N184
N178,N184
N188,N185
N178,N185
N003,N185
N000,N185
N170,N185
N170,N188
N003,N188
N178,N188
N188,N188
N000,N188
N000,N189
N178,N189
N170,N189
N003,N189
N188,N189
N170,N19
N000,N19
N188,N19
N003,N19
N178,N19
N10,N200
R31,N200
N139,N200
N020,N200
N200,N200
R31,N201
N139,N201
N10,N201
N020,N201
N200,N201
N020,N202
N139,N202
N10,N202
N200,N202
R31,N202
N200,N209
R31,N209
N139,N209
N10,N209
N020,N209
N10,N210
N139,N210
R31,N210
N020,N210
N200,N210
R31,N211
N200,N211
N10,N211
N020,N211
N139,N211
R31,N218
N200,N218
N10,N218
N139,N218
N020,N218
N10,N219
N020,N219
N139,N219
N200,N219
R31,N219
N10,N220
N10,N228
N10,N23
N170,N250
N178,N250
N003,N250
N000,N250
N188,N250
N003,N251
N188,N251
N000,N251
N170,N251
N178,N251
N178,N258
N003,N258
N000,N258
N170,N258
N188,N258
N170,N259
N188,N259
N178,N259
N003,N259
N000,N259
N003,N26
N000,N26
N188,N26
N170,N26
N178,N26
N000,N270
N170,N270
N003,N270
N188,N270
N178,N270
N188,N271
N170,N271
N000,N271
N003,N271
N178,N271
N178,N279
N000,N279
N170,N279
N188,N279
N003,N279
N170,N281
N178,N281
N000,N281
N188,N281
N003,N281
N200,N288
N304,N288
N139,N288
N134,N288
R31,N288
N000,N288
N178,N288
N188,N288
N020,N288
N338,N288
N170,N288
N003,N288
N003,N289
N338,N289
N304,N289
N000,N289
N200,N289
R31,N289
N188,N289
N020,N289
N178,N289
N170,N289
N139,N289
N134,N289
A542,N291
N338,N300
N330,N300
N134,N300
N304,N300
N000,N300
N139,N300
N10,N300
N003,N300
N330,N301
N338,N301
N134,N301
N10,N301
N139,N301
N304,N301
N139,N302
N338,N302
N134,N302
N10,N302
N304,N302
N330,N302
N338,N303
N10,N303
N134,N303
N330,N303
N304,N303
N139,N303
N139,N304
N304,N304
N330,N304
N134,N304
N338,N304
N10,N304
N304,N308
N139,N308
N134,N308
N338,N308
N10,N308
N330,N308
N338,N309
N10,N309
N304,N309
N134,N309
N330,N309
N139,N309
N320,N310
N139,N310
N312,N310
R33,N310
N320,N311
N312,N311
N139,N311
R33,N311
N139,N312
N312,N312
R33,N312
N320,N312
R33,N318
N320,N318
N312,N318
N139,N318
N312,N319
N320,N319
R33,N319
N139,N319
N320,N320
R33,N320
N139,N320
N321,N321
N321,N322
N020,N324
N324,N324
R31,N324
N304,N328
N134,N328
R33,N328
N320,N328
N139,N328
N312,N328
R31,N328
N330,N328
N020,N328
N338,N328
N321,N328
N324,N328
A181,N328
N320,N329
N330,N329
N304,N329
A181,N329
N338,N329
N321,N329
N134,N329
N312,N329
N139,N329
R33,N329
N324,N329
N10,N330
N338,N330
N304,N330
N330,N330
N304,N338
N338,N338
N330,N338
N10,N338
N340,N340
N139,N340
N10,N340
N139,N341
N10,N341
N340,N341
N340,N342
N139,N342
N10,N342
N139,N343
N10,N343
N340,N343
N350,N350
N139,N350
N340,N351
N139,N351
N350,N358
N340,N358
N139,N358
N340,N359
N350,N359
N139,N359
N139,N360
N139,N361
N139,N362
N139,N363
N338,N368
N350,N368
N330,N368
N020,N368
A181,N368
N000,N368
N003,N368
N200,N368
N304,N368
N321,N368
N139,N368
N340,N368
N312,N368
R31,N368
N134,N368
N324,N368
N350,N369
N020,N369
N304,N369
N134,N369
N003,N369
N321,N369
N338,N369
N200,N369
N324,N369
N340,N369
R31,N369
A181,N369
N139,N369
N330,N369
N312,N369
N000,N369
N10,N370
B374,N370
N10,N378
N10,N390
N003,N390
N000,N390
N10,N391
N10,N392
N10,N393
N394,N393
R32,N393
N10,N394
N394,N394
R32,N394
N000,N398
N188,N398
N340,N398
N020,N398
N350,N398
N324,N398
N134,N398
N321,N398
N200,N398
N312,N398
R31,N398
N10,N398
N170,N398
N338,N398
N178,N398
N304,N398
N139,N398
N003,N398
R31,N399
N139,N399
N338,N399
N000,N399
N350,N399
N312,N399
N304,N399
N321,N399
N178,N399
N170,N399
N324,N399
N003,N399
N020,N399
N134,N399
N200,N399
N340,N399
N188,N399
N10,N399
N410,N40
N320,N40
R33,N40
N139,N40
N410,N410
N320,N410
R33,N410
N139,N410
N320,N411
N139,N411
R33,N411
N410,N411
N139,N412
N320,N412
R33,N412
N410,N412
N320,N413
N410,N413
N139,N413
R33,N413
R33,N418
N139,N418
N320,N418
N410,N418
R33,N419
N410,N419
N139,N419
N320,N419
N410,N420
N139,N420
R33,N420
N320,N420
N410,N421
N139,N421
N320,N421
R33,N421
N320,N422
N410,N422
R33,N422
N139,N422
N410,N428
N320,N428
N139,N428
R33,N428
N139,N429
R33,N429
N320,N429
N410,N429
N431,N430
N431,N431
N431,N432
N431,N433
N450,N450
N450,N459
N340,N481
N340,N482
N340,N483
N340,N485
N340,N486
N340,N488
N340,N489
N340,N491
N340,N492
N340,N498
N340,N499
N410,N508
N450,N508
N450,N509
N410,N509
A181,N510
B388,N510
A181,N511
A181,N512
A181,N518
N63,N600
N63,N601
N63,N602
N63,N603
N63,N604
N63,N608
N63,N609
N63,N61
N63,N62
N63,N63
N63,N640
N63,N641
N63,N642
N63,N643
N63,N644
N63,N645
N63,N648
N63,N649
N700,N700
N700,N701
N700,N702
N700,N709
N700,N710
N700,N711
N700,N719
N700,N72
N700,N730
N700,N731
N700,N732
N700,N733
N700,N734
N700,N735
N700,N736
N700,N738
N700,N739
B200,N740
B209,N740
B24,N740
N740,N740
A181,N740
B200,N741
N740,N741
B24,N741
B209,N741
A181,N741
A542,N743
B268,N748
A181,N770
A181,N771
N822,N822
N822,N823
N822,N824
N837,N836
N837,N837
N837,N838
N837,N839
N980,N980
N982,N982
N982,N983
N982,N988
N982,N989
N990,N990
N350,N991
N982,N992
N982,N993
N990,N995
N990,N998
N990,N999
O030,O030
O030,O031
O030,O032
O030,O033
O030,O034
O030,O035
O030,O036
O030,O037
O030,O038
O030,O039
O030,O040
O030,O041
O030,O042
O030,O043
O030,O044
O030,O045
O030,O046
O030,O047
O030,O048
O030,O049
O030,O050
O030,O051
O030,O052
O030,O053
O030,O054
O030,O055
O030,O056
O030,O057
O030,O058
O030,O059
O030,O060
O030,O061
O030,O062
O030,O063
O030,O064
O030,O065
O030,O066
O030,O067
O030,O068
O030,O069
O030,O070
O030,O071
O030,O072
O030,O073
O030,O074
O030,O075
O030,O076
O030,O077
O030,O078
O030,O079
O080,O080
O081,O081
O080,O082
O081,O082
O081,O083
O080,O083
O080,O084
O081,O084
O081,O085
O080,O085
O080,O086
O081,O086
O081,O087
O080,O087
O080,O088
O081,O088
O081,O089
O080,O089
O11,O100
O11,O101
O11,O102
O11,O103
O11,O104
O11,O109
O11,O11
O11,O120
O11,O122
O11,O13
O11,O140
O11,O141
O11,O142
O11,O149
O11,O150
O11,O151
O11,O152
O11,O159
O11,O16
O030,O200
O080,O200
O081,O200
O200,O200
O030,O208
O081,O208
O080,O208
O200,O208
O081,O209
O080,O209
O200,O209
O030,O209
O222,O222
O222,O223
O225,O225
O873,O225
O225,O228
O873,O228
O222,O228
O873,O229
O225,O229
O222,O229
O230,O230
O230,O231
O230,O232
O230,O233
O230,O234
O230,O235
O230,O239
O240,O240
O240,O241
O240,O242
O240,O243
O240,O244
O240,O2440
O240,O2441
O240,O2449
O240,O249
O980,O266
O266,O266
O081,O268
O873,O268
O11,O268
O080,O268
O723,O268
O753,O268
A34,O268
O901,O268
O293,O268
O880,O268
O240,O268
O710,O268
O266,O268
O222,O268
O200,O268
O030,O268
O230,O268
O980,O268
O450,O268
O290,O268
O710,O269
O11,O269
A34,O269
O230,O269
O980,O269
O080,O269
O723,O269
O873,O269
O880,O269
O293,O269
O753,O269
O450,O269
O240,O269
O222,O269
O081,O269
O200,O269
O030,O269
O266,O269
O901,O269
O290,O269
O290,O290
O980,O291
O266,O291
O266,O292
O980,O292
O293,O293
O293,O294
O293,O295
O293,O296
O293,O298
O293,O299
O080,O440
O200,O440
O030,O440
O081,O440
O081,O441
O080,O441
O200,O441
O030,O441
O450,O450
O030,O458
O081,O458
O080,O458
O080,O459
O081,O459
O030,O459
O450,O460
O450,O468
O450,O469
O450,O670
O450,O678
O450,O679
O710,O710
O710,O711
O710,O718
O710,O719
O723,O720
O723,O721
O723,O722
O723,O723
O290,O740
O290,O741
O980,O742
O266,O742
O980,O743
O266,O743
O293,O744
O293,O745
O293,O746
O293,O747
O293,O748
O293,O749
O266,O751
O980,O751
A34,O753
O230,O753
O753,O753
A34,O754
O230,O754
O753,O754
O11,O758
O240,O758
O753,O758
O723,O758
O200,O758
O290,O758
O225,O758
O222,O758
O230,O758
O710,O758
O880,O758
O901,O758
O293,O758
O081,O758
A34,O758
O080,O758
O030,O758
O450,O758
O266,O758
O873,O758
O980,O758
O266,O759
O222,O759
O980,O759
O030,O759
O753,O759
O240,O759
O225,O759
O723,O759
O290,O759
O710,O759
O901,O759
O080,O759
A34,O759
O081,O759
O293,O759
O873,O759
O880,O759
O230,O759
O450,O759
O200,O759
O11,O759
O753,O85
O230,O860
O230,O861
O230,O863
O230,O868
O222,O870
O222,O871
O873,O873
O873,O878
O225,O878
O222,O878
O222,O879
O873,O879
O225,O879
O880,O880
O225,O880
O880,O881
O225,O881
O880,O882
O225,O882
O225,O883
O880,O883
O225,O888
O880,O888
O290,O890
O266,O891
O980,O891
O980,O892
O266,O892
O293,O893
O293,O894
O293,O895
O293,O896
O293,O898
O293,O899
O901,O900
O901,O901
O901,O902
O903,O903
O980,O904
O266,O904
O710,O908
O266,O908
O723,O908
O753,O908
O903,O908
O222,O908
A34,O908
O873,O908
O980,O908
O11,O908
O240,O908
O880,O908
O450,O908
O901,O908
O293,O908
O290,O908
O293,O909
O240,O909
A34,O909
O266,O909
O901,O909
O723,O909
O710,O909
O873,O909
O980,O909
O903,O909
O753,O909
O290,O909
O880,O909
O11,O909
O450,O909
O222,O909
O266,O980
B24,O980
B200,O980
O980,O980
B209,O980
B204,O987
B203,O987
B221,O987
A178,O987
A181,O987
B451,O987
C837,O987
B485,O987
B200,O987
B208,O987
B018,O987
B219,O987
B021,O987
B375,O987
A073,O987
A190,O987
B218,O987
B212,O987
B487,O987
B008,O987
A170,O987
B232,O987
B384,O987
B004,O987
O980,O987
B012,O987
B206,O987
B450,O987
C463,O987
B394,O987
B390,O987
A155,O987
B201,O987
B388,O987
B209,O987
B010,O987
B202,O987
C820,O987
B227,O987
B378,O987
B377,O987
B457,O987
B020,O987
B24,O987
B220,O987
B452,O987
B371,O987
N740,O987
B205,O987
A310,O987
B213,O987
B211,O987
B027,O987
B011,O987
C810,O987
B395,O987
B001,O987
A187,O987
B380,O987
B374,O987
K930,O987
B210,O987
A182,O987
B207,O987
B003,O987
B20,O987
B217,O987
B453,O987
A150,O987
F000,O987
B022,O987
K673,O987
B007,O987
B387,O987
B399,O987
O266,O994
O980,O994
P210,P210
P210,P211
P210,P219
P210,P220
P210,P221
J80,P228
P210,P228
P210,P229
J80,P229
P210,P230
P210,P231
P210,P232
P210,P233
P210,P234
P210,P235
P210,P236
P210,P238
P210,P239
P210,P240
P210,P241
P210,P242
P210,P243
P210,P248
P210,P249
P210,P250
P210,P251
P210,P252
P210,P253
P210,P258
P210,P260
P210,P261
P210,P268
P210,P269
P210,P270
P210,P271
P210,P278
P210,P279
P210,P280
J981,P280
P210,P281
J981,P281
P210,P282
P210,P283
P210,P284
P210,P285
P210,P288
P210,P289
P210,P290
P210,P291
P210,P294
P210,P298
P210,P299
P350,P350
P350,P351
P350,P352
P353,P353
P350,P358
P350,P359
P350,P370
P350,P371
P350,P372
P350,P373
P350,P374
P350,P378
P350,P379
P53,P53
T810,P540
T810,P541
T810,P542
T810,P543
P550,P550
P550,P551
P550,P558
P550,P559
P550,P560
P353,P578
P353,P579
P353,P580
P353,P581
P353,P582
P353,P583
P353,P584
P353,P585
P353,P588
P353,P589
P353,P590
P353,P591
P353,P592
P353,P593
P353,P598
P353,P599
P53,P60
P53,P610
P53,P611
P53,P612
P53,P613
P53,P614
P53,P615
P53,P616
P550,P618
P53,P618
P53,P619
P550,P619
G702,P700
P702,P700
G702,P701
P702,P701
P702,P702
G702,P702
G702,P703
P702,P703
P702,P704
G702,P704
P702,P708
G702,P708
G702,P709
P702,P709
G702,P710
P702,P710
G702,P711
P702,P711
G702,P712
P702,P712
P702,P713
G702,P713
G702,P714
P702,P714
G702,P718
P702,P718
P702,P719
G702,P719
G702,P720
P702,P720
G702,P721
P702,P721
P702,P722
G702,P722
G702,P728
P702,P728
G702,P729
P702,P729
G702,P740
P702,P740
G702,P741
P702,P741
G702,P742
P702,P742
P702,P743
G702,P743
P702,P744
G702,P744
G702,P745
P702,P745
G702,P748
P702,P748
G702,P749
P702,P749
E841,P75
P762,P760
P762,P761
P762,P762
P762,P768
P762,P769
P762,P77
P762,P780
P762,P781
P762,P782
P762,P783
P762,P788
P762,P789
P90,P90
P90,P913
P90,P915
P90,P918
P90,P919
G702,P940
P702,P940
G702,P941
P702,P941
G702,P942
P702,P942
G702,P948
P702,P948
P702,P949
G702,P949
P350,P968
P210,P968
P53,P968
P90,P968
P353,P968
G702,P968
P702,P968
P762,P968
P550,P968
P210,P969
P702,P969
P353,P969
P550,P969
G702,P969
P90,P969
P53,P969
P350,P969
P762,P969
G940,Q030
G911,Q030
G940,Q031
G911,Q031
G911,Q038
G940,Q038
G940,Q039
G911,Q039
G940,Q048
G911,Q048
G911,Q049
G940,Q049
Q050,Q049
G940,Q050
G911,Q050
Q050,Q050
G940,Q051
G911,Q051
Q050,Q051
Q050,Q052
G911,Q052
G940,Q052
G911,Q053
G940,Q053
Q050,Q053
G940,Q054
Q050,Q054
G911,Q054
Q050,Q055
Q050,Q056
Q050,Q057
Q050,Q058
Q050,Q059
Q050,Q060
Q050,Q061
Q050,Q062
Q050,Q063
Q050,Q064
Q050,Q068
G911,Q068
G940,Q068
G800,Q068
G800,Q069
Q050,Q069
G911,Q069
G940,Q069
Q050,Q070
G800,Q078
G911,Q078
G940,Q078
Q050,Q078
G800,Q079
Q050,Q079
G940,Q079
G911,Q079
H950,Q178
H950,Q179
Q200,Q200
I231,Q200
Q200,Q201
I231,Q201
I231,Q202
Q200,Q202
I231,Q203
Q200,Q203
I231,Q204
Q200,Q204
I231,Q205
Q200,Q205
Q200,Q206
I231,Q206
I231,Q208
Q200,Q208
I231,Q209
Q200,Q209
I231,Q210
Q200,Q210
Q200,Q211
I231,Q211
I231,Q212
Q200,Q212
I231,Q213
Q200,Q213
Q200,Q214
I231,Q214
I231,Q218
Q200,Q218
Q200,Q219
I231,Q219
Q220,Q220
Q220,Q221
Q220,Q222
Q220,Q223
Q229,Q224
Q224,Q224
Q229,Q225
Q224,Q225
Q242,Q226
Q224,Q226
Q246,Q226
Q220,Q226
Q229,Q226
Q220,Q228
Q229,Q228
Q242,Q228
Q246,Q228
Q224,Q228
Q246,Q229
Q224,Q229
Q242,Q229
Q229,Q229
Q224,Q230
Q224,Q231
Q224,Q232
Q229,Q233
Q224,Q233
Q224,Q234
Q246,Q238
Q242,Q238
Q224,Q238
Q242,Q239
Q224,Q239
Q246,Q239
Q242,Q242
Q242,Q243
Q242,Q244
Q246,Q246
Q200,Q248
Q242,Q248
I231,Q248
Q220,Q248
Q246,Q248
Q229,Q248
Q224,Q248
Q224,Q249
Q200,Q249
Q220,Q249
Q242,Q249
Q246,Q249
I231,Q249
Q229,Q249
Q252,Q251
Q251,Q251
Q252,Q252
Q252,Q253
Q252,Q254
Q252,Q258
Q220,Q258
Q224,Q258
Q200,Q258
Q229,Q258
Q246,Q258
Q251,Q258
Q242,Q258
Q220,Q259
Q200,Q259
Q242,Q259
Q251,Q259
Q246,Q259
Q252,Q259
Q229,Q259
Q224,Q259
Q252,Q288
Q251,Q288
I231,Q288
Q224,Q288
Q242,Q288
Q246,Q288
Q229,Q288
Q220,Q288
Q200,Q288
Q252,Q289
Q224,Q289
Q200,Q289
Q246,Q289
Q220,Q289
I231,Q289
Q251,Q289
Q242,Q289
Q229,Q289
Q330,Q330
Q330,Q331
Q330,Q332
Q330,Q333
Q334,Q334
Q330,Q334
Q330,Q335
Q330,Q336
Q330,Q338
Q330,Q339
Q330,Q348
Q330,Q349
K311,Q399
K311,Q400
K315,Q403
K316,Q403
K311,Q403
K311,Q404
K315,Q404
K316,Q404
K316,Q408
K311,Q408
K315,Q408
K316,Q409
K315,Q409
K311,Q409
K315,Q410
K311,Q410
K315,Q4100
K311,Q4100
K315,Q4108
K311,Q4108
K311,Q4109
K315,Q4109
K315,Q411
K315,Q418
K311,Q418
K311,Q419
K315,Q419
K311,Q438
K315,Q438
K316,Q438
K316,Q439
K311,Q439
K315,Q439
N700,Q528
N700,Q529
N350,Q540
N340,Q540
N340,Q541
N350,Q541
N350,Q542
N340,Q542
N340,Q543
N350,Q543
N350,Q544
N340,Q544
N350,Q548
N340,Q548
N340,Q549
N350,Q549
N340,Q550
N340,Q551
N340,Q552
N340,Q553
N340,Q554
N340,Q555
N340,Q556
N340,Q558
N340,Q559
N170,Q600
N139,Q600
R33,Q600
N188,Q600
N188,Q601
R33,Q601
N139,Q601
N170,Q601
N170,Q602
N139,Q602
N188,Q602
R33,Q602
N188,Q603
N139,Q603
N170,Q603
R33,Q603
N170,Q604
N188,Q604
N139,Q604
R33,Q604
N170,Q605
N139,Q605
N188,Q605
R33,Q605
N188,Q606
R33,Q606
N170,Q606
N139,Q606
N188,Q610
N170,Q610
N139,Q610
R33,Q610
R33,Q611
N170,Q611
N188,Q611
N139,Q611
R33,Q612
N170,Q612
N139,Q612
N188,Q612
N139,Q613
R33,Q613
N188,Q613
N170,Q613
N170,Q614
R33,Q614
N188,Q614
N139,Q614
N188,Q615
R33,Q615
N139,Q615
N170,Q615
N139,Q618
N188,Q618
N170,Q618
R33,Q618
N170,Q619
N188,Q619
N139,Q619
R33,Q619
N139,Q620
R33,Q620
N188,Q620
N170,Q620
R33,Q621
N188,Q621
N170,Q621
N139,Q621
N188,Q622
N139,Q622
N170,Q622
R33,Q622
N188,Q623
R33,Q623
N170,Q623
N139,Q623
N134,Q624
N139,Q624
R33,Q624
N139,Q625
N134,Q625
R33,Q625
N139,Q626
N134,Q626
R33,Q626
R33,Q627
N134,Q627
N139,Q627
N139,Q628
R33,Q628
N134,Q628
N188,Q630
N139,Q630
N170,Q630
R33,Q630
N170,Q631
N188,Q631
R33,Q631
N139,Q631
R33,Q632
N139,Q632
N170,Q632
N188,Q632
N139,Q633
N188,Q633
R33,Q633
N170,Q633
N170,Q638
N188,Q638
R33,Q638
N139,Q638
N340,Q639
N188,Q639
R33,Q639
N170,Q639
N139,Q639
N340,Q640
N139,Q641
R33,Q641
R33,Q642
N350,Q642
N139,Q642
N340,Q642
N350,Q643
N139,Q643
N340,Q643
R33,Q643
R33,Q644
N340,Q644
N139,Q644
N350,Q644
N350,Q645
R33,Q645
N139,Q645
N340,Q645
N139,Q646
R33,Q646
N350,Q646
N340,Q646
N340,Q647
R33,Q647
N350,Q647
N139,Q647
R33,Q648
N139,Q648
N170,Q648
N188,Q648
N170,Q649
N188,Q649
N139,Q649
R33,Q649
Q050,Q871
Q050,Q872
Q050,Q875
Q050,Q878
Q224,Q897
Q246,Q897
Q229,Q897
Q200,Q897
Q242,Q897
Q252,Q897
Q251,Q897
Q050,Q897
I231,Q897
Q220,Q897
Q220,Q898
Q251,Q898
Q050,Q898
Q224,Q898
Q229,Q898
Q246,Q898
Q242,Q898
I231,Q898
Q200,Q898
Q252,Q898
R042,R042
R042,R048
R042,R049
R042,R093
R042,R098
R18,R18
R18,R190
N350,R309
N312,R309
N340,R309
N321,R309
N139,R309
N324,R309
N324,R31
N139,R31
N350,R31
R31,R31
N321,R31
N340,R31
N312,R31
R32,R32
R33,R33
R33,R391
R33,R392
R33,R398
I64,R400
R402,R400
I600,R400
G464,R400
E035,R400
R402,R401
I64,R401
G464,R401
E035,R401
I600,R401
I64,R402
I600,R402
G464,R402
E035,R402
R402,R402
R402,R409
I600,R409
G464,R409
E035,R409
I64,R409
F04,R410
R402,R411
F04,R411
E035,R411
R402,R412
E035,R412
F04,R412
E035,R413
R402,R413
F04,R413
F04,R418
R402,R418
E035,R418
R402,R42
R470,R470
R470,R471
R470,R478
R470,R490
R470,R491
R470,R492
R470,R498
R560,R560
R560,R568
R570,R570
R651,R570
R570,R571
R651,R571
K671,R572
A972,R572
B007,R572
A241,R572
R570,R572
R651,R572
K672,R572
R572,R572
B377,R572
K650,R572
A392,R572
R650,R572
R651,R578
R570,R578
R570,R579
R651,R579
R58,R58
F500,R632
F500,R633
F500,R634
R650,R650
R651,R650
R570,R651
R572,R651
R651,R651
R650,R651
A972,R651
R651,R652
R650,R652
R651,R653
R570,R653
A972,R653
R650,R653
R572,R653
R650,R659
R651,R659
C880,R770
C880,R771
C880,R772
C880,R778
C880,R779
R820,R820
R820,R821
R820,R827
R820,R828
R820,R829
S088,S001
S088,S002
S088,S003
S088,S004
S088,S005
S088,S0050
S088,S0051
S088,S0052
S088,S0059
S088,S007
S088,S008
S088,S009
S088,S010
S088,S011
S088,S012
S088,S013
S088,S014
S088,S0140
S088,S0141
S088,S0147
S088,S015
S088,S0150
S088,S0151
S088,S0157
S024,S017
S023,S017
S020,S017
S0600,S017
S070,S017
S020,S018
S070,S018
S0600,S018
S023,S018
S024,S018
S024,S019
S023,S019
S020,S019
S0600,S019
S070,S019
S020,S020
S024,S020
S0600,S020
I64,S020
I600,S020
R402,S020
S023,S020
G464,S020
I600,S0200
S020,S0200
S0600,S0200
G464,S0200
I64,S0200
R402,S0200
S023,S0200
S024,S0200
S024,S0201
S020,S0201
I64,S0201
S023,S0201
G464,S0201
I600,S0201
S0600,S0201
R402,S0201
I600,S021
S020,S021
I64,S021
G464,S021
R402,S021
S0600,S021
S023,S021
S024,S021
S023,S0210
I600,S0210
I64,S0210
G464,S0210
S020,S0210
S0600,S0210
S024,S0210
R402,S0210
S0600,S0211
R402,S0211
I64,S0211
G464,S0211
S023,S0211
S024,S0211
S020,S0211
I600,S0211
S023,S023
S023,S0230
S023,S0231
S024,S024
S024,S0240
S024,S02400
S024,S02401
S024,S02402
S024,S02407
S024,S0241
S024,S02410
S024,S02411
S024,S02412
S024,S02417
S024,S026
S024,S0260
S024,S02600
S024,S02601
S024,S02602
S024,S02603
S024,S02604
S024,S02605
S024,S02606
S024,S02607
S024,S02609
S024,S0261
S024,S02610
S024,S02611
S024,S02612
S024,S02613
S024,S02614
S024,S02615
S024,S02616
S024,S02617
S024,S02619
S020,S027
S023,S027
I600,S027
G464,S027
I64,S027
S0600,S027
S024,S027
R402,S027
S0600,S0270
S020,S0270
R402,S0270
G464,S0270
I64,S0270
S024,S0270
S023,S0270
I600,S0270
R402,S0271
I64,S0271
S023,S0271
G464,S0271
I600,S0271
S024,S0271
S0600,S0271
S020,S0271
G464,S028
S024,S028
S020,S028
S023,S028
I600,S028
I64,S028
R402,S028
S0600,S028
S023,S0280
R402,S0280
S020,S0280
I600,S0280
S0600,S0280
I64,S0280
G464,S0280
S024,S0280
S020,S0281
G464,S0281
I600,S0281
I64,S0281
S023,S0281
S024,S0281
R402,S0281
S0600,S0281
I64,S029
S024,S029
G464,S029
S023,S029
I600,S029
I64,S0290
S023,S0290
I600,S0290
G464,S0290
S024,S0290
I600,S0291
G464,S0291
I64,S0291
S024,S0291
S023,S0291
S024,S030
S052,S050
S052,S051
S052,S052
S052,S053
S052,S054
S052,S055
S052,S056
S052,S057
S052,S058
S052,S059
S0600,S060
I64,S0600
R402,S0600
S020,S0600
S023,S0600
S0600,S0600
S024,S0600
G464,S0600
I600,S0600
I600,S0601
S020,S0601
S023,S0601
S0600,S0601
I64,S0601
R402,S0601
G464,S0601
S024,S0601
R402,S061
I600,S061
S023,S061
G464,S061
S020,S061
S024,S061
I64,S061
S0600,S061
S0600,S0610
I600,S0610
G464,S0610
I64,S0610
S020,S0610
S023,S0610
S024,S0610
R402,S0610
S024,S0611
I64,S0611
I600,S0611
G464,S0611
S0600,S0611
S020,S0611
S023,S0611
R402,S0611
R402,S062
G464,S062
I600,S062
I64,S062
S024,S062
S023,S062
S020,S062
S0600,S062
I64,S0620
I600,S0620
R402,S0620
G464,S0620
S0600,S0620
S024,S0620
S020,S0620
S023,S0620
R402,S0621
S0600,S0621
I64,S0621
I600,S0621
G464,S0621
S020,S0621
S023,S0621
S024,S0621
S023,S063
S024,S063
S0600,S063
I600,S063
S020,S063
I64,S063
R402,S063
G464,S063
G464,S0630
S020,S0630
I600,S0630
I64,S0630
S0600,S0630
S024,S0630
S023,S0630
R402,S0630
S020,S0631
S023,S0631
S024,S0631
I64,S0631
G464,S0631
S0600,S0631
R402,S0631
I600,S0631
S024,S064
R402,S064
S023,S064
S020,S064
I600,S064
I64,S064
G464,S064
S0600,S064
R402,S0640
S0600,S0640
S024,S0640
S020,S0640
G464,S0640
I64,S0640
I600,S0640
S023,S0640
S020,S0641
R402,S0641
I600,S0641
S024,S0641
S023,S0641
I64,S0641
S0600,S0641
G464,S0641
S0600,S065
S023,S065
I64,S065
G464,S065
I600,S065
S024,S065
R402,S065
S020,S065
S023,S0650
S020,S0650
G464,S0650
S024,S0650
S0600,S0650
I64,S0650
I600,S0650
R402,S0650
I64,S0651
I600,S0651
S020,S0651
G464,S0651
S024,S0651
R402,S0651
S023,S0651
S0600,S0651
S023,S066
S020,S066
S024,S066
G464,S066
S0600,S066
I600,S066
R402,S066
I64,S066
I600,S0660
R402,S0660
S024,S0660
S020,S0660
I64,S0660
G464,S0660
S0600,S0660
S023,S0660
S020,S0661
S024,S0661
I64,S0661
G464,S0661
S0600,S0661
S023,S0661
I600,S0661
R402,S0661
S023,S067
I600,S067
S024,S067
S020,S067
I64,S067
S0600,S067
G464,S067
R402,S067
S020,S0670
I64,S0670
S023,S0670
R402,S0670
S0600,S0670
G464,S0670
I600,S0670
S024,S0670
G464,S0671
S024,S0671
S020,S0671
S023,S0671
S0600,S0671
R402,S0671
I64,S0671
I600,S0671
S020,S068
G464,S068
R402,S068
I64,S068
I600,S068
S023,S068
S024,S068
S0600,S068
I64,S0680
S0600,S0680
R402,S0680
G464,S0680
I600,S0680
S023,S0680
S020,S0680
S024,S0680
I64,S0681
S024,S0681
I600,S0681
S023,S0681
S0600,S0681
G464,S0681
R402,S0681
S020,S0681
I600,S069
G464,S069
I64,S069
S024,S069
S0600,S069
S023,S069
S020,S069
R402,S069
S0600,S0690
S024,S0690
R402,S0690
I600,S0690
I64,S0690
G464,S0690
S023,S0690
S020,S0690
R402,S0691
I64,S0691
S023,S0691
S0600,S0691
G464,S0691
S024,S0691
I600,S0691
S020,S0691
T048,S070
S0600,S070
S024,S070
S070,S070
S023,S070
S020,S070
S070,S071
S023,S071
S0600,S071
T048,S071
S020,S071
S024,S071
S023,S078
S070,S078
S0600,S078
S024,S078
T048,S078
S020,S078
S020,S079
T048,S079
S023,S079
S0600,S079
S070,S079
S024,S079
S020,S088
S0600,S088
S024,S088
S023,S088
S070,S088
S088,S088
S023,S089
S070,S089
S024,S089
S020,S089
S0600,S089
S090,S090
S088,S090
S088,S091
S088,S092
S088,S097
S070,S097
S024,S097
S0600,S097
S020,S097
S023,S097
S088,S098
S070,S098
S020,S098
S0600,S098
S024,S098
S023,S098
S088,S099
S020,S099
S024,S099
S0600,S099
S023,S099
S110,S110
S110,S117
S110,S118
S110,S119
S120,S120
S140,S120
S130,S120
T08,S120
S130,S1200
T08,S1200
S120,S1200
S140,S1200
S130,S1201
S120,S1201
S140,S1201
T08,S1201
S140,S121
S120,S121
T08,S121
S130,S121
S140,S1210
S120,S1210
S130,S1210
T08,S1210
S130,S1211
S140,S1211
S120,S1211
T08,S1211
S130,S122
S120,S122
T08,S122
S140,S122
S140,S1220
T08,S1220
S120,S1220
S130,S1220
T08,S12200
S130,S12200
S120,S12200
S140,S12200
S120,S12201
S130,S12201
T08,S12201
S140,S12201
T08,S12202
S120,S12202
S140,S12202
S130,S12202
S130,S12203
T08,S12203
S120,S12203
S140,S12203
T08,S12204
S140,S12204
S120,S12204
S130,S12204
S120,S12208
S130,S12208
S140,S12208
T08,S12208
T08,S1221
S130,S1221
S120,S1221
S140,S1221
S120,S12210
S130,S12210
T08,S12210
S140,S12210
S130,S12211
S140,S12211
S120,S12211
T08,S12211
S130,S12212
S140,S12212
S120,S12212
T08,S12212
S140,S12213
S120,S12213
S130,S12213
T08,S12213
S120,S12214
S130,S12214
S140,S12214
T08,S12214
S130,S12218
S120,S12218
T08,S12218
S140,S12218
S120,S127
T08,S127
S140,S127
S130,S127
S140,S1270
T08,S1270
S120,S1270
S130,S1270
S130,S1271
S140,S1271
S120,S1271
T08,S1271
S128,S128
S128,S1280
S128,S1281
S120,S129
S130,S129
S140,S129
T08,S129
S120,S1290
S130,S1290
T08,S1290
S140,S1290
S120,S1291
S140,S1291
T08,S1291
S130,S1291
S140,S130
S130,S130
S120,S130
T08,S130
S140,S131
S130,S131
T08,S131
S120,S131
S130,S1310
S140,S1310
T08,S1310
S120,S1310
S130,S1311
S140,S1311
S120,S1311
T08,S1311
S120,S1312
S140,S1312
T08,S1312
S130,S1312
S140,S1313
S130,S1313
S120,S1313
T08,S1313
T08,S1314
S130,S1314
S140,S1314
S120,S1314
S130,S1315
S140,S1315
T08,S1315
S120,S1315
T08,S1316
S140,S1316
S130,S1316
S120,S1316
S130,S1318
S120,S1318
S140,S1318
T08,S1318
S130,S1319
S140,S1319
T08,S1319
S120,S1319
S120,S132
T08,S132
S130,S132
S140,S132
S140,S133
T08,S133
S130,S133
S120,S133
S120,S134
S130,S134
T08,S134
S120,S136
S130,S136
T08,S136
S120,S140
S130,S140
T08,S140
S140,S140
T08,S141
S140,S141
S120,S141
S130,S141
S142,S142
S142,S143
S150,S150
S150,S151
S090,S151
S090,S152
S150,S152
S088,S152
S090,S153
S090,S157
S150,S157
S090,S158
S150,S158
S090,S159
S150,S159
T048,S170
S070,S170
S0600,S170
S023,S170
S024,S170
S020,S170
S020,S178
S023,S178
S070,S178
T048,S178
S0600,S178
S024,S178
S023,S179
S020,S179
S0600,S179
S070,S179
S024,S179
T048,S179
S070,S197
S070,S198
S070,S199
S260,S211
S273,S211
S270,S211
T797,S211
S275,S211
S274,S211
S270,S212
S260,S212
S275,S212
S273,S212
S274,S212
T797,S212
S270,S217
T797,S217
S274,S217
S273,S217
S260,S217
S275,S217
S270,S218
S273,S218
S260,S218
S274,S218
T797,S218
S275,S218
S273,S219
S275,S219
S274,S219
S270,S219
T797,S219
S260,S219
S220,S220
T08,S2200
S220,S2200
S220,S22000
T08,S22000
S220,S22001
T08,S22001
T08,S22002
S220,S22002
T08,S22003
S220,S22003
S220,S22004
T08,S22004
T08,S22005
S220,S22005
T08,S22009
S220,S22009
S220,S2201
T08,S2201
T08,S22010
S220,S22010
T08,S22011
S220,S22011
T08,S22012
S220,S22012
T08,S22013
S220,S22013
S220,S22014
T08,S22014
S220,S22015
T08,S22015
T08,S22019
S220,S22019
S220,S221
T08,S221
T08,S2210
S220,S2210
T08,S22100
S220,S22100
T08,S22101
S220,S22101
S220,S22102
T08,S22102
T08,S22108
S220,S22108
S220,S22109
T08,S22109
T08,S2211
S220,S2211
S220,S22110
T08,S22110
T08,S22111
S220,S22111
S220,S22112
T08,S22112
T08,S22118
S220,S22118
T08,S22119
S220,S22119
S2250,S222
S128,S222
S2250,S2220
S128,S2220
S128,S2221
S2250,S2221
S2250,S223
S2250,S2230
S224,S2231
S2250,S2231
S224,S224
S2250,S224
S224,S2240
S2250,S2240
S2250,S2241
S224,S2241
S2250,S225
S224,S225
S128,S225
S224,S2250
S2250,S2250
S2250,S2251
S224,S2251
T08,S230
S220,S230
S220,S231
T08,S231
S220,S235
T08,S235
S240,S240
T08,S240
S220,S240
S220,S241
T08,S241
S240,S241
S142,S242
S250,S250
S250,S251
S250,S252
S250,S253
S250,S254
S250,S257
S260,S260
S260,S2600
S260,S2601
S260,S268
S260,S2680
S260,S2681
S260,S269
S260,S2690
S260,S2691
T797,S270
S270,S270
S270,S2700
T797,S2700
T797,S2701
S270,S2701
S270,S271
T797,S271
T797,S2710
S270,S2710
S270,S2711
T797,S2711
S270,S272
T797,S272
S270,S2720
T797,S2720
T797,S2721
S270,S2721
S273,S273
S270,S273
T797,S273
S273,S2730
T797,S2730
S270,S2730
S270,S2731
T797,S2731
S273,S2731
S274,S274
T797,S274
T797,S2740
S274,S2740
S274,S2741
T797,S2741
S275,S275
S274,S275
T797,S275
T797,S2750
S275,S2750
S274,S2750
T797,S2751
S275,S2751
S274,S2751
S275,S276
T797,S276
S275,S2760
T797,S2760
T797,S2761
S275,S2761
S275,S277
T797,S277
T797,S2770
S275,S2770
T797,S2771
S275,S2771
S274,S278
S270,S278
S275,S278
S260,S278
T797,S278
S273,S278
S270,S2780
S275,S2780
T797,S2780
S273,S2780
S274,S2780
S260,S2780
T797,S2781
S260,S2781
S273,S2781
S275,S2781
S274,S2781
S270,S2781
T797,S279
S260,S279
S274,S279
S273,S279
S275,S279
S270,S279
S275,S2790
S274,S2790
S273,S2790
S260,S2790
S270,S2790
T797,S2790
S270,S2791
S274,S2791
S275,S2791
S273,S2791
T797,S2791
S260,S2791
S270,S280
S275,S280
S274,S280
T797,S280
S260,S280
S273,S280
S274,S281
S275,S281
S260,S281
T797,S281
S270,S281
S273,S281
T08,S290
S220,S290
T08,S297
S220,S297
S240,S297
T060,S297
T060,S298
T08,S298
S220,S298
S240,S298
S240,S299
T08,S299
S220,S299
T060,S299
S368,S317
S370,S317
S372,S317
S3610,S317
S371,S317
S361,S317
S360,S317
S376,S317
S376,S318
S368,S318
S361,S318
S370,S318
S371,S318
S3610,S318
S360,S318
S372,S318
S320,S320
S328,S3200
S320,S3200
T08,S3200
S320,S32000
S328,S32000
T08,S32000
T08,S32001
S320,S32001
S328,S32001
T08,S32002
S328,S32002
S320,S32002
S328,S32003
S320,S32003
T08,S32003
S328,S32004
S320,S32004
T08,S32004
S320,S32005
S328,S32005
T08,S32005
T08,S32009
S320,S32009
S328,S32009
S320,S3201
T08,S3201
S328,S3201
S328,S32010
S320,S32010
T08,S32010
S320,S32011
S328,S32011
T08,S32011
S320,S32012
T08,S32012
S328,S32012
S320,S32013
T08,S32013
S328,S32013
S328,S32014
T08,S32014
S320,S32014
S328,S32015
S320,S32015
T08,S32015
S320,S32019
T08,S32019
S328,S32019
T08,S321
S321,S321
T08,S3210
S321,S3210
T08,S3211
S321,S3211
T08,S322
S321,S322
T08,S3220
S321,S3220
T08,S3221
S321,S3221
S328,S323
S328,S3230
S328,S3231
S324,S324
S328,S324
S328,S3240
S328,S3241
S328,S325
S325,S325
S328,S3250
S325,S3250
S325,S3251
S328,S3251
S320,S32600
S325,S32600
S324,S32600
T08,S32600
S328,S32600
T08,S32601
S328,S32601
S320,S32601
S325,S32601
S324,S32601
T08,S32602
S325,S32602
S324,S32602
S328,S32602
S320,S32602
S324,S32608
T08,S32608
S320,S32608
S325,S32608
S328,S32608
S320,S32609
S328,S32609
T08,S32609
S324,S32609
S325,S32609
S324,S32610
T08,S32610
S328,S32610
S325,S32610
S320,S32610
S328,S32611
S324,S32611
S325,S32611
T08,S32611
S320,S32611
S320,S32612
S324,S32612
T08,S32612
S325,S32612
S328,S32612
S320,S32618
S324,S32618
S325,S32618
S328,S32618
T08,S32618
S325,S32619
T08,S32619
S320,S32619
S328,S32619
S324,S32619
S325,S327
S328,S327
S328,S3270
S325,S3270
S325,S3271
S328,S3271
S325,S328
S328,S328
S324,S328
T08,S328
S320,S328
T08,S3280
S320,S3280
S328,S3280
S325,S3280
S324,S3280
S325,S3281
T08,S3281
S328,S3281
S320,S3281
S324,S3281
S320,S330
S328,S330
T08,S330
T08,S331
S320,S331
S328,S331
T08,S332
S321,S332
S324,S333
T08,S333
S328,S333
S325,S333
S321,S333
S324,S334
T08,S334
S328,S334
S325,S334
S328,S335
S324,S335
S321,S335
S325,S335
T08,S335
S328,S336
T08,S336
S321,S336
S324,S336
S325,S336
S328,S337
S324,S337
S325,S337
S321,S337
T08,S337
S320,S340
S340,S340
T08,S340
S328,S340
S321,S341
T08,S341
S320,S341
S343,S341
S328,S341
S340,S341
S142,S342
T08,S342
S321,S342
S343,S342
S321,S343
T08,S343
S343,S343
S142,S344
S350,S350
S350,S351
S350,S352
S350,S353
S350,S354
S355,S355
S355,S357
S350,S357
S355,S358
S350,S358
S350,S359
S355,S359
S360,S360
S360,S3600
S360,S3601
S361,S361
S361,S3610
S3610,S3610
S361,S3611
S3610,S3611
S360,S368
S370,S368
S371,S368
S3610,S368
S368,S368
S361,S368
S376,S368
S372,S368
S372,S3680
S376,S3680
S370,S3680
S371,S3680
S3610,S3680
S361,S3680
S360,S3680
S368,S3680
S371,S3681
S361,S3681
S370,S3681
S360,S3681
S372,S3681
S368,S3681
S3610,S3681
S376,S3681
S371,S369
S361,S369
S372,S369
S368,S369
S360,S369
S370,S369
S376,S369
S3610,S369
S371,S3690
S370,S3690
S361,S3690
S360,S3690
S372,S3690
S376,S3690
S368,S3690
S3610,S3690
S376,S3691
S360,S3691
S371,S3691
S3610,S3691
S368,S3691
S361,S3691
S372,S3691
S370,S3691
S370,S370
S370,S3700
S370,S3701
S371,S371
S371,S3710
S371,S3711
S372,S372
S372,S3720
S372,S3721
S372,S373
S372,S3730
S372,S3731
S376,S374
S372,S374
S371,S374
S371,S3740
S376,S3740
S372,S3740
S371,S3741
S376,S3741
S372,S3741
S372,S375
S376,S375
S371,S375
S376,S3750
S372,S3750
S371,S3750
S371,S3751
S372,S3751
S376,S3751
S376,S376
S376,S3760
S376,S3761
S371,S377
S376,S377
S376,S3770
S371,S3770
S371,S3771
S376,S3771
S371,S378
S372,S378
S376,S378
S371,S3780
S372,S3780
S368,S3780
S376,S3780
S376,S3781
S371,S3781
S368,S3781
S372,S3781
S371,S379
S372,S379
S376,S379
S376,S3790
S372,S3790
S371,S3790
S371,S3791
S376,S3791
S372,S3791
T048,S380
T048,S381
S376,S396
S371,S396
S372,S396
S376,S397
S371,S397
S372,S397
S368,S397
S340,S398
T08,S398
T060,S398
S320,S398
S328,S398
S240,S398
S321,S398
S343,S398
S320,S399
S340,S399
S343,S399
S240,S399
S328,S399
T060,S399
S321,S399
T08,S399
S480,S410
T056,S410
T056,S411
S480,S411
T056,S417
S480,S417
T056,S418
S480,S418
S422,S422
S422,S4220
S422,S42200
S422,S42201
S422,S42202
S422,S42203
S422,S42204
S422,S42205
S422,S42208
S422,S42209
S422,S4221
S422,S42210
S422,S42211
S422,S42212
S422,S42213
S422,S42214
S422,S42215
S422,S42218
S422,S42219
S422,S429
S422,S4290
S422,S4291
S422,S430
S422,S4300
S422,S4301
S422,S4302
S422,S4308
S422,S4309
S422,S431
S422,S433
S422,S434
S422,S435
S422,S460
S422,S461
S422,S462
S422,S463
S422,S467
S422,S468
S422,S469
T056,S480
S480,S480
S480,S481
T056,S481
S480,S489
T056,S489
S422,S497
T056,S497
S480,S497
S480,S498
S422,S498
T056,S498
S422,S499
T056,S499
S480,S499
T056,S510
S480,S510
S480,S511
T056,S511
S480,S517
T056,S517
T056,S518
S480,S518
S480,S519
T056,S519
T048,S570
T048,S578
T048,S579
S480,S580
T056,S580
S480,S581
T056,S581
S480,S582
T056,S582
S480,S589
T056,S589
S480,S597
T056,S597
T056,S598
S480,S598
T056,S599
S480,S599
T056,S610
S480,S610
S480,S611
T056,S611
T056,S617
S480,S617
S480,S618
T056,S618
T056,S619
S480,S619
T048,S670
T048,S678
S480,S680
T056,S680
S480,S681
T056,S681
T056,S682
S480,S682
S480,S683
T056,S683
T056,S684
S480,S684
T056,S688
S480,S688
S480,S689
T056,S689
S780,S710
T056,S710
S780,S711
T056,S711
S780,S717
T056,S717
T056,S718
S780,S718
S720,S720
S720,S7200
S720,S72000
S720,S72001
S720,S72002
S720,S72003
S720,S72004
S720,S72005
S720,S72006
S720,S72007
S720,S72008
S720,S72009
S720,S7201
S720,S72010
S720,S72011
S720,S72012
S720,S72013
S720,S72014
S720,S72015
S720,S72016
S720,S72017
S720,S72018
S720,S72019
S720,S721
S720,S7210
S720,S72100
S720,S72101
S720,S72108
S720,S72109
S720,S7211
S720,S72110
S720,S72111
S720,S72118
S720,S72119
S720,S722
S720,S7220
S720,S7221
S720,S723
S720,S7230
S720,S72300
S720,S72301
S720,S72302
S720,S72307
S720,S72309
S720,S7231
S720,S72310
S720,S72311
S720,S72312
S720,S72317
S720,S72319
S720,S724
S720,S7240
S720,S72400
S720,S72401
S720,S72402
S720,S72403
S720,S72404
S720,S72405
S720,S72406
S720,S72407
S720,S72408
S720,S72409
S720,S7241
S720,S72410
S720,S72411
S720,S72412
S720,S72413
S720,S72414
S720,S72415
S720,S72416
S720,S72417
S720,S72418
S720,S72419
S720,S727
S720,S7270
S720,S7271
S720,S728
S720,S7280
S720,S7281
S720,S729
S720,S7290
S720,S7291
S324,S760
S720,S760
S325,S760
S328,S760
S720,S761
S325,S761
S324,S761
S328,S761
S325,S762
S324,S762
S720,S762
S328,S762
S325,S763
S328,S763
S720,S763
S324,S763
S720,S764
S328,S764
S325,S764
S324,S764
S328,S767
S325,S767
S720,S767
S324,S767
T048,S770
T048,S771
T048,S772
S780,S780
T056,S780
T056,S781
S780,S781
S780,S789
T056,S789
S720,S797
S324,S797
S325,S797
S328,S797
S324,S798
S720,S798
S328,S798
S325,S798
S325,S799
S328,S799
S324,S799
S720,S799
S780,S810
T056,S810
T056,S819
S780,S819
S780,S817
T056,S817
S780,S818
T056,S818
T048,S870
T048,S878
T048,S879
S780,S880
T056,S880
S780,S881
T056,S881
S780,S889
T056,S889
S780,S910
T056,S910
T056,S911
S780,S911
S780,S912
T056,S912
T056,S913
S780,S913
S780,S917
T056,S917
T056,S919
S780,S919
T048,S970
T048,S971
T048,S978
S780,S980
T056,S980
S780,S981
T056,S981
T056,S982
S780,S982
T056,S983
S780,S983
T056,S984
S780,S984
T08,T010
T08,T011
T056,T012
T056,T013
T056,T016
S120,T018
S024,T018
S720,T018
S361,T018
S371,T018
S088,T018
S320,T018
S110,T018
S372,T018
S224,T018
S023,T018
S220,T018
S324,T018
S0600,T018
S260,T018
S052,T018
S130,T018
S368,T018
T08,T018
S270,T018
S370,T018
S273,T018
S274,T018
S360,T018
S376,T018
S275,T018
S128,T018
S2250,T018
S328,T018
S3610,T018
S325,T018
S020,T018
S321,T018
S321,T019
S376,T019
S325,T019
S370,T019
S361,T019
S275,T019
S120,T019
S0600,T019
T08,T019
S088,T019
S328,T019
S220,T019
S224,T019
S020,T019
S260,T019
S270,T019
S720,T019
S320,T019
S372,T019
S360,T019
S128,T019
S024,T019
S324,T019
S368,T019
S023,T019
S273,T019
S2250,T019
S3610,T019
S274,T019
S110,T019
S130,T019
S371,T019
S052,T019
S024,T020
S020,T020
R402,T020
I64,T020
S0600,T020
I600,T020
S023,T020
G464,T020
R402,T0200
S0600,T0200
S024,T0200
S023,T0200
I600,T0200
S020,T0200
G464,T0200
I64,T0200
S0600,T0201
S020,T0201
I600,T0201
S024,T0201
R402,T0201
I64,T0201
G464,T0201
S023,T0201
S325,T0210
S328,T0210
S324,T0210
S324,T0211
S325,T0211
S328,T0211
S720,T0230
S720,T0231
S224,T0240
S224,T0241
S224,T025
S224,T0250
S720,T0250
S224,T0251
S720,T0251
S720,T026
S224,T026
S720,T0260
S224,T0260
S720,T0261
S224,T0261
S224,T027
S224,T0270
S224,T0271
S224,T028
S023,T0280
S328,T0280
S224,T0280
S020,T0280
S220,T0280
T08,T0280
S720,T0280
S2250,T0280
S321,T0280
S120,T0280
S324,T0280
S320,T0280
S128,T0280
S024,T0280
S325,T0280
S324,T0281
S320,T0281
S224,T0281
S321,T0281
S328,T0281
S023,T0281
S020,T0281
S128,T0281
S120,T0281
S024,T0281
T08,T0281
S2250,T0281
S720,T0281
S220,T0281
S325,T0281
S328,T029
S321,T029
S128,T029
S020,T029
S023,T029
S220,T029
S224,T029
T08,T029
S320,T029
S324,T029
S720,T029
S2250,T029
S120,T029
S024,T029
S325,T029
S320,T0290
S324,T0290
S328,T0290
S128,T0290
S325,T0290
S220,T0290
S020,T0290
S224,T0290
S2250,T0290
S120,T0290
S720,T0290
S023,T0290
S024,T0290
S321,T0290
T08,T0290
S220,T0291
T08,T0291
S2250,T0291
S020,T0291
S128,T0291
S321,T0291
S224,T0291
S024,T0291
S328,T0291
S023,T0291
S720,T0291
S320,T0291
S120,T0291
S324,T0291
S325,T0291
T08,T030
S120,T030
T060,T030
T08,T031
T060,T031
S240,T034
S240,T038
S340,T038
T060,T038
S328,T038
S120,T038
T08,T038
S320,T038
S321,T038
S343,T038
S220,T038
S140,T038
T08,T039
S321,T039
S140,T039
S328,T039
S240,T039
S340,T039
S320,T039
S343,T039
T060,T039
S120,T039
S220,T039
S070,T040
T048,T040
T048,T041
T048,T042
T044,T042
T044,T043
T048,T043
T044,T044
T048,T044
S224,T044
S720,T044
T056,T044
S2250,T044
S220,T044
S780,T044
S368,T047
T048,T047
S320,T047
S324,T047
S274,T047
S3610,T047
S361,T047
S250,T047
S325,T047
S372,T047
S224,T047
S260,T047
S720,T047
S370,T047
S360,T047
S376,T047
S220,T047
T056,T047
S270,T047
S355,T047
S321,T047
S350,T047
S2250,T047
S328,T047
S780,T047
S371,T047
T08,T047
S273,T047
S275,T047
S224,T048
S274,T048
S376,T048
S270,T048
S372,T048
S371,T048
S024,T048
S480,T048
S350,T048
S110,T048
S275,T048
S2250,T048
S250,T048
S320,T048
T056,T048
S0600,T048
S321,T048
S328,T048
S370,T048
S324,T048
S3610,T048
S070,T048
S090,T048
S128,T048
S052,T048
S720,T048
S273,T048
S020,T048
T048,T048
S368,T048
S360,T048
S260,T048
S361,T048
S325,T048
T044,T048
S120,T048
S150,T048
S355,T048
S130,T048
T08,T048
S780,T048
S023,T048
S2250,T049
S130,T049
S120,T049
S320,T049
S3610,T049
S024,T049
T044,T049
S020,T049
S070,T049
S370,T049
S090,T049
S274,T049
S260,T049
S110,T049
S270,T049
S128,T049
S275,T049
S376,T049
S720,T049
S325,T049
S324,T049
S250,T049
S052,T049
S480,T049
S321,T049
S023,T049
S355,T049
S150,T049
S360,T049
S273,T049
T056,T049
T048,T049
S328,T049
S0600,T049
S350,T049
S372,T049
S361,T049
S780,T049
T08,T049
S224,T049
S371,T049
S368,T049
S480,T050
T056,T050
S480,T051
T056,T051
S480,T052
T056,T052
T056,T053
S780,T053
S780,T054
T056,T054
S780,T055
T056,T055
T056,T056
S780,T056
S480,T056
S371,T058
S360,T058
S372,T058
T056,T058
S370,T058
S3610,T058
S376,T058
S361,T058
S368,T058
S480,T058
S3610,T059
S320,T059
S368,T059
S376,T059
S120,T059
S360,T059
T08,T059
S372,T059
S321,T059
S328,T059
S220,T059
S361,T059
S371,T059
S370,T059
S220,T060
S120,T060
S140,T060
S328,T060
S240,T060
S321,T060
T08,T060
S320,T060
T060,T060
T060,T061
T08,T061
S320,T061
S328,T061
S321,T061
S120,T061
S220,T061
S140,T061
S240,T061
S140,T062
S220,T062
S120,T062
S371,T065
S368,T065
S370,T065
S376,T065
S372,T065
S360,T065
S361,T065
S3610,T065
S3610,T068
S343,T068
T795,T068
S240,T068
S360,T068
T056,T068
S320,T068
T797,T068
S340,T068
S274,T068
S355,T068
S260,T068
S780,T068
S142,T068
S275,T068
S350,T068
S270,T068
S273,T068
S023,T068
S720,T068
S024,T068
S328,T068
S020,T068
S371,T068
S480,T068
S325,T068
S2250,T068
S372,T068
S0600,T068
T044,T068
S052,T068
S224,T068
S321,T068
T048,T068
S324,T068
S150,T068
T791,T068
T060,T068
S130,T068
S070,T068
S088,T068
S220,T068
T790,T068
S250,T068
S140,T068
S361,T068
S370,T068
S120,T068
S128,T068
S110,T068
S090,T068
S376,T068
T08,T068
S368,T068
T790,T07
S371,T07
S024,T07
S372,T07
S110,T07
S140,T07
S220,T07
S142,T07
S321,T07
T08,T07
S320,T07
S273,T07
S270,T07
T056,T07
S260,T07
S3610,T07
S720,T07
S224,T07
T048,T07
S360,T07
S130,T07
S052,T07
S0600,T07
T044,T07
T791,T07
S376,T07
S120,T07
S023,T07
S128,T07
S350,T07
S343,T07
T797,T07
S361,T07
S324,T07
S150,T07
S370,T07
S340,T07
S480,T07
S325,T07
S020,T07
S088,T07
S275,T07
S090,T07
S368,T07
S355,T07
S2250,T07
S274,T07
S070,T07
T060,T07
S328,T07
S780,T07
T795,T07
S250,T07
S240,T07
S120,T08
S343,T08
S320,T08
T060,T08
S240,T08
S140,T08
T08,T08
S220,T08
S340,T08
S328,T08
S321,T08
S320,T080
S140,T080
S120,T080
T060,T080
S343,T080
S328,T080
S220,T080
S240,T080
S340,T080
S321,T080
T08,T080
S120,T081
T060,T081
S320,T081
S328,T081
S343,T081
S140,T081
S340,T081
S321,T081
S240,T081
S220,T081
T08,T081
T08,T092
S328,T092
S340,T092
T060,T092
S140,T092
S320,T092
S220,T092
S321,T092
S120,T092
S343,T092
S240,T092
S220,T093
S340,T093
S240,T093
S320,T093
T060,T093
T08,T093
S343,T093
S120,T093
S321,T093
S140,T093
S328,T093
S142,T094
S220,T094
S220,T095
S343,T098
S220,T098
S120,T098
S320,T098
S340,T098
S240,T098
S140,T098
S328,T098
T08,T098
T060,T098
S321,T098
S321,T099
S328,T099
S140,T099
S240,T099
S120,T099
T060,T099
S340,T099
S220,T099
S320,T099
S343,T099
T08,T099
S480,T116
S422,T118
S422,T119
S720,T120
S720,T121
S780,T136
S023,T141
S324,T141
S120,T141
S020,T141
S2250,T141
S321,T141
T08,T141
S224,T141
S325,T141
S128,T141
S220,T141
S720,T141
S024,T141
S320,T141
S328,T141
S2250,T142
S024,T142
S023,T142
S325,T142
S128,T142
S324,T142
S224,T142
S320,T142
S328,T142
S220,T142
S321,T142
S720,T142
S120,T142
T08,T142
S020,T142
S020,T1420
S320,T1420
S023,T1420
S321,T1420
S120,T1420
S325,T1420
S128,T1420
T08,T1420
S720,T1420
S220,T1420
S224,T1420
S328,T1420
S2250,T1420
S324,T1420
S024,T1420
S324,T1421
S720,T1421
S325,T1421
S020,T1421
T08,T1421
S024,T1421
S128,T1421
S224,T1421
S321,T1421
S328,T1421
S220,T1421
S320,T1421
S2250,T1421
S120,T1421
S023,T1421
S321,T143
S120,T143
S2250,T143
T08,T143
S720,T143
S325,T143
S328,T143
S320,T143
S128,T143
S324,T143
S224,T143
S220,T143
S2250,T146
T08,T146
S224,T146
S325,T146
S120,T146
S328,T146
S321,T146
S720,T146
S128,T146
S220,T146
S130,T146
S324,T146
S320,T146
T044,T147
S224,T147
S088,T147
S250,T147
S361,T147
S052,T147
S372,T147
S220,T147
T08,T147
S324,T147
S110,T147
S370,T147
S130,T147
S371,T147
S275,T147
S274,T147
S2250,T147
S070,T147
S328,T147
T048,T147
S780,T147
S023,T147
S020,T147
S325,T147
S480,T147
S3610,T147
S350,T147
S321,T147
S355,T147
S376,T147
S720,T147
S260,T147
S368,T147
S024,T147
S128,T147
S090,T147
S360,T147
S273,T147
S120,T147
T056,T147
S0600,T147
S320,T147
S270,T147
S150,T147
T790,T148
S120,T148
S321,T148
S023,T148
S325,T148
S320,T148
S110,T148
T797,T148
S142,T148
S343,T148
T048,T148
S070,T148
S0600,T148
S090,T148
S376,T148
S240,T148
S368,T148
S480,T148
S088,T148
S370,T148
S275,T148
S220,T148
T791,T148
S260,T148
S361,T148
S328,T148
S340,T148
S3610,T148
S128,T148
S2250,T148
S324,T148
S224,T148
S780,T148
T08,T148
S372,T148
S360,T148
S024,T148
T056,T148
S250,T148
S273,T148
T060,T148
S355,T148
S350,T148
T795,T148
S140,T148
S052,T148
S720,T148
S270,T148
S150,T148
S371,T148
S020,T148
S130,T148
T044,T148
S274,T148
S128,T149
S275,T149
S240,T149
S368,T149
S320,T149
T060,T149
T044,T149
S361,T149
S0600,T149
S372,T149
S370,T149
T797,T149
S328,T149
S480,T149
S142,T149
S343,T149
S220,T149
S070,T149
S274,T149
S260,T149
S321,T149
S376,T149
S780,T149
S250,T149
S088,T149
S325,T149
S324,T149
S090,T149
S270,T149
S020,T149
T790,T149
S360,T149
S140,T149
S110,T149
S371,T149
S2250,T149
T056,T149
S052,T149
S023,T149
S120,T149
S150,T149
S024,T149
T791,T149
T795,T149
S720,T149
T08,T149
S3610,T149
S224,T149
S350,T149
T048,T149
S355,T149
S273,T149
S130,T149
S340,T149
T800,T790
T790,T790
T791,T791
T800,T791
T791,T792
T791,T793
T791,T794
T795,T795
T797,T797
S270,T797
S275,T797
S260,T797
S274,T797
S273,T797
S020,T798
S110,T798
S240,T798
S052,T798
S325,T798
S361,T798
S260,T798
S360,T798
S350,T798
T08,T798
S120,T798
T791,T798
S343,T798
S328,T798
S130,T798
S2250,T798
S321,T798
S270,T798
S320,T798
S070,T798
S780,T798
S250,T798
S220,T798
S024,T798
S3610,T798
S480,T798
S274,T798
T790,T798
S368,T798
T797,T798
S340,T798
S275,T798
S273,T798
S355,T798
S023,T798
S370,T798
T044,T798
S371,T798
S720,T798
S0600,T798
S224,T798
S372,T798
S142,T798
T795,T798
T048,T798
S090,T798
S376,T798
S140,T798
T060,T798
S150,T798
S324,T798
S128,T798
T056,T798
S088,T798
S130,T799
S328,T799
S360,T799
S3610,T799
S140,T799
S240,T799
S128,T799
T08,T799
T048,T799
S321,T799
T790,T799
S2250,T799
T791,T799
S023,T799
S090,T799
T795,T799
S070,T799
S343,T799
S324,T799
T044,T799
S273,T799
T797,T799
S020,T799
S224,T799
S350,T799
S372,T799
S720,T799
S052,T799
T056,T799
S260,T799
S270,T799
S480,T799
S120,T799
S370,T799
S142,T799
S220,T799
S275,T799
S150,T799
S024,T799
S368,T799
S110,T799
S250,T799
T060,T799
S780,T799
S355,T799
S376,T799
S361,T799
S274,T799
S371,T799
S0600,T799
S325,T799
S320,T799
S340,T799
S088,T799
T790,T800
T800,T800
T801,T801
T801,T802
T801,T803
T801,T804
T801,T805
T806,T806
T806,T808
T801,T808
T800,T808
T801,T809
T806,T809
T800,T809
T795,T810
T810,T810
T811,T810
T795,T811
T811,T811
T810,T811
T812,T812
T812,T813
T812,T814
T812,T815
T812,T8150
T812,T8158
T812,T8159
T812,T816
T817,T817
I978,T817
T800,T817
K913,T818
T826,T818
T791,T818
J954,T818
T810,T818
T835,T818
I979,T818
T811,T818
T874,T818
T817,T818
T820,T818
H958,T818
N980,T818
T828,T818
N990,T818
M969,T818
T797,T818
T824,T818
T790,T818
I978,T818
N982,T818
T857,T818
T795,T818
T812,T818
T831,T818
T800,T818
T840,T818
T835,T819
T812,T819
T800,T819
T874,T819
T857,T819
T795,T819
H958,T819
T811,T819
T817,T819
I979,T819
T810,T819
T826,T819
T831,T819
T790,T819
N990,T819
K913,T819
T828,T819
T820,T819
M969,T819
N982,T819
N980,T819
J954,T819
T840,T819
I978,T819
T791,T819
T797,T819
T824,T819
T828,T820
T826,T820
T857,T820
T820,T820
T812,T821
T826,T821
T857,T821
T826,T822
T857,T822
T812,T822
T812,T823
T857,T823
T828,T823
T824,T823
T826,T823
T826,T824
T824,T824
T828,T824
T857,T824
T857,T825
T812,T825
T826,T825
T828,T825
T826,T826
T857,T826
T828,T826
T828,T827
T826,T827
T857,T827
T828,T828
T826,T828
T857,T828
T824,T828
T824,T829
T826,T829
T828,T829
T857,T829
T835,T831
N980,T831
T857,T831
T831,T831
N980,T832
T831,T832
T835,T832
T857,T832
T831,T834
N980,T834
T857,T834
T835,T834
T835,T835
N980,T835
T857,T835
T831,T835
T835,T836
T857,T836
T831,T836
N980,T836
T857,T838
T831,T838
N980,T838
T835,T838
T857,T839
T835,T839
N980,T839
T831,T839
M969,T840
T857,T840
T840,T840
T857,T841
M969,T841
T840,T841
T857,T842
T840,T842
M969,T842
T840,T843
M969,T843
T857,T843
M969,T844
T857,T844
T840,T844
T857,T845
M969,T845
T840,T845
T857,T846
T840,T846
M969,T846
M969,T847
T857,T847
T840,T847
M969,T848
T857,T848
T840,T848
T840,T849
T857,T849
M969,T849
T812,T850
T857,T850
T857,T851
T812,T851
T852,T852
T857,T852
T857,T853
T852,T853
T854,T854
T860,T854
T857,T854
T828,T855
T835,T855
M969,T855
N980,T855
T857,T855
T826,T855
T855,T855
T855,T856
T828,T856
T835,T856
N980,T856
M969,T856
T826,T856
T857,T856
T857,T857
T835,T857
N980,T857
T828,T858
T855,T858
T835,T858
M969,T858
T857,T858
T826,T858
N980,T858
T826,T859
T828,T859
T835,T859
T855,T859
N980,T859
M969,T859
T857,T859
T854,T860
T860,T860
T860,T861
T854,T861
T862,T862
Z943,T862
Z941,T862
Z943,T863
Z941,T863
T862,T863
T860,T864
T854,T864
T854,T868
T860,T868
Z948,T868
T860,T869
T854,T869
Z948,T869
T812,T870
T812,T871
T812,T872
T874,T874
T874,T875
T874,T876
T801,T880
T811,T882
T854,T883
T860,T883
T854,T884
T860,T884
T801,T886
T854,T886
T860,T886
T874,T888
T852,T888
T860,T888
K913,T888
T810,T888
T817,T888
T826,T888
T831,T888
T790,T888
T820,T888
N980,T888
T862,T888
T855,T888
T797,T888
M969,T888
T828,T888
T857,T888
N982,T888
T795,T888
N990,T888
H958,T888
T791,T888
T835,T888
I978,T888
I979,T888
T824,T888
T811,T888
J954,T888
T854,T888
T800,T888
T840,T888
T812,T888
T862,T889
T811,T889
I978,T889
T855,T889
T817,T889
T800,T889
H958,T889
T791,T889
T835,T889
M969,T889
T840,T889
T820,T889
J954,T889
T857,T889
T828,T889
T790,T889
T797,T889
T812,T889
K913,T889
I979,T889
T810,T889
T831,T889
T824,T889
T874,T889
T852,T889
T826,T889
T860,T889
T795,T889
T854,T889
N982,T889
N980,T889
N990,T889
S220,T911
S343,T911
S321,T911
S240,T911
S320,T911
S328,T911
T060,T911
T08,T911
S340,T911
S328,T912
S321,T912
T08,T912
S343,T912
S340,T912
S320,T912
T060,T912
S220,T912
S240,T912
S220,T913
A310,U049
J173,U049
B390,U049
A481,U049
A150,U049
B485,U049
J182,U049
J170,U049
J990,U049
J172,U049
A155,U049
B583,U049
J851,U049
C150,Z080
C820,Z080
C810,Z080
C837,Z080
C463,Z080
C37,Z080
C820,Z081
C463,Z081
C37,Z081
C810,Z081
C150,Z081
C837,Z081
C463,Z082
C810,Z082
C150,Z082
C820,Z082
C37,Z082
C837,Z082
C837,Z087
C37,Z087
C820,Z087
C463,Z087
C150,Z087
C810,Z087
C463,Z088
C810,Z088
C37,Z088
C837,Z088
C150,Z088
C820,Z088
C810,Z089
C837,Z089
C820,Z089
C463,Z089
C150,Z089
C37,Z089
Z430,Z430
Z430,Z431
Z430,Z432
Z430,Z433
Z430,Z434
Z430,Z435
Z430,Z436
Z430,Z437
Z430,Z438
Z430,Z439
N000,Z490
N134,Z490
N200,Z490
N170,Z490
N10,Z490
N188,Z490
N003,Z490
N178,Z490
N170,Z491
N000,Z491
N134,Z491
N10,Z491
N200,Z491
N188,Z491
N178,Z491
N003,Z491
N200,Z492
N170,Z492
N134,Z492
N178,Z492
N10,Z492
N000,Z492
N188,Z492
N003,Z492
C810,Z510
C820,Z510
C837,Z510
C463,Z510
Z510,Z510
C37,Z510
C150,Z510
C810,Z511
C37,Z511
C837,Z511
C820,Z511
Z511,Z511
C463,Z511
C150,Z511
C150,Z512
C463,Z512
C820,Z512
C810,Z512
C837,Z512
Z511,Z512
C37,Z512
Z511,Z515
Z510,Z515
Z430,Z930
Z430,Z938
Z430,Z939
Z940,Z940
Z943,Z941
Z941,Z941
Z943,Z942
Z942,Z942
Z942,Z943
Z943,Z943
Z940,Z944
Z940,Z948
Z941,Z948
Z943,Z948
Z948,Z948
Z942,Z948
Z943,Z949
Z942,Z949
Z941,Z949
Z948,Z949
Z940,Z949