code,mdc,pdc,cc,maincc,ccrow,hiv_ax,trauma,sex,accpdx,ageduse,agemin,agemax,agedmin
F1226,20,20F,0,,0,,N,B,Y,N,0,124,0
T245,22,22C,0,,0,,N,B,Y,N,0,124,0
S764,08,8C,0,,0,,0,B,Y,N,0,124,0
F6030,19,19H,0,,0,,N,B,Y,N,0,124,0
D355,01,1C,0,,0,,N,B,Y,N,0,124,0
M2529,08,8R,0,,0,,N,B,Y,N,0,124,0
M7963,08,8L,0,,0,,N,B,Y,N,0,124,0
M457,08,8F,0,,0,,N,B,Y,N,16,124,0
M0225,08,8J,0,,0,,N,B,Y,N,0,124,0
Q963,12,12E,0,,0,,N,B,Y,N,0,124,0
M8960,08,8R,0,,0,,N,B,Y,N,0,124,0
Q859,17,17C,0,,0,,N,B,Y,N,0,124,0
N832,13,13F,0,,0,,N,F,Y,N,0,124,0
D215,08,8R,0,,0,,N,B,Y,N,0,124,0
M9418,08,8R,0,,0,,N,B,Y,N,0,124,0
I446,05,5M,0,,0,,N,B,Y,N,0,124,0
A672,18,18H,0,,0,,N,B,Y,N,0,124,0
D432,01,1C,0,,0,,N,B,Y,N,0,124,0
I738,05,5F,0,,0,,N,B,Y,N,0,124,0
Q936,19,19K,0,,0,,N,B,Y,N,0,124,0
T980,30,,0,,0,,N,B,N,N,0,124,0
M2323,08,8Q,0,,0,,N,B,Y,N,0,124,0
G588,01,1J,0,,0,,N,B,Y,N,0,124,0
D314,02,2D,0,,0,,N,B,Y,N,0,124,0
D313,02,2D,0,,0,,N,B,Y,N,0,124,0
S82202,08,8Q,0,,0,,0,B,Y,N,0,124,0
A64,12,12C,0,,0,,N,B,Y,N,1,124,0
M5392,08,8H,0,,0,,N,B,Y,N,0,124,0
B508,18,18C,0,,0,,N,B,Y,N,0,124,0
T0281,21,21A,0,,0,,8,B,Y,N,0,124,0
D303,11,11C,0,,0,,N,B,Y,N,0,124,0
R17,07,7D,0,,0,,N,B,Y,N,0,124,0
D301,11,11C,0,,0,,N,B,Y,N,0,124,0
B338,18,18F,0,,0,,N,B,Y,N,0,124,0
M5418,01,1J,0,,0,E,N,B,Y,N,0,124,0
S828,08,8Q,0,,0,,0,B,Y,N,0,124,0
P148,15,,0,,0,,N,B,Y,N,0,0,0
F409,19,19F,0,,0,,N,B,Y,N,0,124,0
M2369,08,8Q,0,,0,,N,B,Y,N,0,124,0
D291,12,12E,0,,0,,N,M,Y,N,0,124,0
M8590,08,8R,0,,0,,N,B,Y,N,0,124,0
D289,13,13F,0,,0,,N,F,Y,N,0,124,0
M7314,08,8M,0,,0,,N,B,N,N,0,124,0
D282,13,13F,0,,0,,N,F,Y,N,0,124,0
S308,09,9H,0,,0,,0,B,Y,N,0,124,0
Z582,23,23D,0,,0,,N,B,Y,N,0,124,0
M999,30,,0,,0,,N,B,N,N,0,124,0
M4897,08,8H,0,,0,,N,B,Y,N,0,124,0
D261,13,13F,0,,0,,N,F,Y,N,0,124,0
K0538,03,3H,0,,0,,N,B,Y,Y,0,124,28
D259,13,13F,0,,0,,N,F,Y,N,0,124,0
M4118,08,8H,0,,0,,N,B,Y,N,0,124,0
M5496,08,8H,0,,0,,N,B,Y,N,0,124,0
L940,09,9D,0,,0,,N,B,Y,N,0,124,0
M9390,08,8J,0,,0,,N,B,Y,N,0,124,0
G628,01,1J,0,,0,,N,B,Y,N,0,124,0
D237,09,9D,0,,0,,N,B,Y,N,0,124,0
M4310,08,8H,0,,0,,N,B,Y,N,0,124,0
K598,06,6H,0,,0,,N,B,Y,N,0,124,0
M4126,08,8H,0,,0,,N,B,Y,N,0,124,0
Q632,11,11H,0,,0,,N,B,Y,N,0,124,0
T400,21,21C,0,,0,,N,B,Y,N,0,124,0
M2434,08,8P,0,,0,,N,B,Y,N,0,124,0
Q676,04,4Q,0,,0,,N,B,Y,N,0,124,0
M5398,08,8H,0,,0,,N,B,Y,N,0,124,0
M8685,08,8D,0,,0,,N,B,Y,N,0,124,0
T628,21,21C,0,,0,,N,B,Y,N,0,124,0
D222,09,9D,0,,0,,N,B,Y,N,0,124,0
M5322,08,8H,0,,0,,N,B,Y,N,0,124,0
Z874,30,,0,,0,,N,B,N,N,0,124,0
P390,15,,0,,0,,N,B,Y,N,0,0,0
Q048,01,1U,0,,0,,N,B,Y,N,0,124,0
F1001,20,20A,0,,0,,N,B,Y,N,0,124,0
D214,08,8R,0,,0,,N,B,Y,N,0,124,0
D213,08,8R,0,,0,,N,B,Y,N,0,124,0
B699,06,6L,0,,0,,N,B,Y,N,0,124,0
A879,01,1L,0,,0,B,N,B,Y,N,0,124,0
A560,13,13D,0,,0,,N,B,Y,N,0,124,0
P528,15,,0,,0,,N,B,Y,N,0,0,0
M9922,30,,0,,0,,N,B,N,N,0,124,0
M1012,21,21C,0,,0,,N,B,Y,N,0,124,0
D759,16,16C,0,,0,,N,B,Y,N,0,124,0
O981,14,14B,0,,0,,N,F,Y,N,9,60,0
A282,18,18H,0,,0,,N,B,Y,N,0,124,0
M1030,08,8J,0,,0,,N,B,Y,N,0,124,0
M6266,08,8M,0,,0,,N,B,Y,N,0,124,0
S3230,08,8B,0,,0,,6,B,Y,N,0,124,0
P729,15,,0,,0,,N,B,Y,N,0,0,0
T620,21,21C,0,,0,,N,B,Y,N,0,124,0
L858,09,9D,0,,0,,N,B,Y,N,0,124,0
J322,03,3D,0,,0,,N,B,Y,N,0,124,0
Q688,08,8R,0,,0,,N,B,Y,N,0,124,0
M4907,08,8D,0,,0,,N,B,N,N,0,124,0
Z046,23,23D,0,,0,,N,B,Y,N,0,124,0
D175,06,6J,0,,0,,N,B,Y,N,0,124,0
F028,19,19K,0,,0,,N,B,N,N,0,124,0
S447,01,1J,0,,0,,0,B,Y,N,0,124,0
M8026,08,8E,0,,0,,N,B,Y,N,0,124,0
C767,17,17C,0,,0,,N,B,Y,N,0,124,0
D399,13,13A,0,,0,,N,F,Y,N,0,124,0
A638,12,12C,0,,0,,N,B,Y,N,1,124,0
A831,01,1K,0,,0,,N,B,Y,N,0,124,0
M142,08,8J,0,,0,,N,B,N,N,0,124,0
M8028,08,8E,0,,0,,N,B,Y,N,0,124,0
D487,17,17C,0,,0,,N,B,Y,N,0,124,0
F0284,19,19K,0,,0,,N,B,N,N,0,124,0
M0759,08,8J,0,,0,,N,B,N,N,16,124,0
M7955,08,8R,0,,0,,N,B,Y,N,0,124,0
Z8922,30,,0,,0,,N,B,N,N,0,124,0
D164,08,8R,0,,0,,N,B,Y,N,0,124,0
Z834,23,23D,0,,0,,N,B,Y,N,0,124,0
P285,15,,0,,0,,N,B,Y,N,0,0,0
M2469,08,8J,0,,0,,N,B,Y,N,0,124,0
E283,13,13F,0,,0,,N,F,Y,N,0,124,0
S52201,08,8P,0,,0,,0,B,Y,N,0,124,0
K620,06,6J,0,,0,,N,B,Y,N,0,124,0
M7220,08,8M,0,,0,,N,B,Y,N,0,124,0
G959,01,1U,0,,0,,N,B,Y,N,0,124,0
E079,10,10E,0,,0,,N,B,Y,N,0,124,0
D143,04,4M,0,,0,,N,B,Y,N,0,124,0
Z348,30,,0,,0,,N,F,N,N,9,60,0
K904,06,6H,0,,0,,N,B,Y,N,0,124,0
Z8963,30,,0,,0,,N,B,N,N,0,124,0
F688,19,19H,0,,0,,N,B,Y,N,0,124,0
M2353,08,8R,0,,0,,N,B,Y,N,0,124,0
M0582,08,8F,0,,0,,N,B,Y,N,16,124,0
T520,21,21C,0,,0,,N,B,Y,N,0,124,0
D133,06,6J,0,,0,,N,B,Y,N,0,124,0
K002,03,3H,0,,0,,N,B,Y,Y,0,124,28
D131,06,6J,0,,0,,N,B,Y,N,0,124,0
P924,15,,0,,0,,N,B,Y,N,0,0,0
D280,13,13F,0,,0,,N,F,Y,N,0,124,0
N738,13,13E,0,,0,,N,F,Y,N,0,124,0
C4100,08,8E,0,,0,,N,B,Y,N,0,124,0
M8116,08,8J,0,,0,,N,F,Y,N,1,124,0
D125,06,6J,0,,0,,N,B,Y,N,0,124,0
P299,15,,0,,0,,N,B,Y,N,0,0,0
M8682,08,8D,0,,0,,N,B,Y,N,0,124,0
F721,19,19K,0,,0,,N,B,Y,N,0,124,0
P201,15,,0,,0,,N,B,Y,N,0,0,0
Q421,06,6J,0,,0,,N,B,Y,N,0,124,0
R895,18,18H,0,,0,,N,B,Y,N,0,124,0
M0364,08,8J,0,,0,,N,B,N,N,0,124,0
N433,12,12E,0,,0,,N,M,Y,N,0,124,0
O301,14,14B,0,,0,,N,F,Y,N,9,60,0
R090,04,4Q,0,,0,,N,B,Y,N,0,124,0
S0251,03,3H,0,,0,,0,B,Y,N,0,124,0
M7960,08,8L,0,,0,,N,B,Y,N,0,124,0
D041,02,2E,0,,0,,N,B,Y,N,0,124,0
S52508,08,8P,0,,0,,0,B,Y,N,0,124,0
C510,13,13A,0,,0,,N,F,Y,N,0,124,0
R234,09,9D,0,,0,,N,B,Y,N,0,124,0
M8002,08,8E,0,,0,,N,F,Y,N,31,124,0
M8947,08,8J,0,,0,,N,B,Y,N,0,124,0
M2312,08,8Q,0,,0,,N,B,Y,N,0,124,0
Z576,23,23D,0,,0,,N,B,Y,N,0,124,0
Z092,23,23C,0,,0,,N,B,Y,N,0,124,0
R961,23,23D,0,,0,,N,B,Y,N,0,124,0
D103,03,3H,0,,0,,N,B,Y,N,0,124,0
D102,03,3H,0,,0,,N,B,Y,N,0,124,0
M1303,08,8K,0,,0,,N,B,Y,N,0,124,0
M0148,08,8J,0,,0,,N,B,N,N,0,124,0
T115,08,8Q,0,,0,,0,B,Y,N,0,124,0
T096,21,21A,0,,0,,0,B,Y,N,0,124,0
A669,18,18H,0,,0,,N,B,Y,N,0,124,0
D1010,03,3H,0,,0,,N,B,Y,N,0,124,0
I7020,05,5F,0,,0,,N,B,Y,N,1,124,0
Z899,30,,0,,0,,N,B,N,N,0,124,0
Z233,23,23D,0,,0,,N,B,Y,N,0,124,0
K0888,03,3H,0,,0,,N,B,Y,Y,0,124,28
S445,01,1J,0,,0,,0,B,Y,N,0,124,0
M2584,08,8L,0,,0,,N,B,Y,N,0,124,0
D1003,03,3H,0,,0,,N,B,Y,N,0,124,0
M7088,08,8M,0,,0,,N,B,Y,N,0,124,0
O432,14,14B,0,,0,,N,F,Y,N,9,60,0
M9087,08,8J,0,,0,,N,B,N,N,0,124,0
H360,02,2D,0,,0,,N,B,N,N,0,124,0
D093,17,17C,0,,0,,N,B,Y,N,0,124,0
S72411,08,8A,0,,0,,8,B,Y,N,0,124,0
E258,10,10E,0,,0,,N,B,Y,N,0,124,0
S52309,08,8P,0,,0,,0,B,Y,N,0,124,0
Q684,08,8R,0,,0,,N,B,Y,N,0,124,0
D075,12,12A,0,,0,,N,M,Y,N,0,124,0
M0313,08,8J,0,,0,,N,B,N,N,0,124,0
Q742,08,8R,0,,0,,N,B,Y,N,0,124,0
L604,09,9D,0,,0,,N,B,Y,N,0,124,0
I451,05,5M,0,,0,,N,B,Y,N,0,124,0
R731,23,23B,0,,0,,N,B,Y,N,0,124,0
D067,13,13B,0,,0,,N,F,Y,N,0,124,0
L111,09,9D,0,,0,,N,B,Y,N,0,124,0
H599,02,2D,0,,0,,N,B,Y,N,0,124,0
N946,13,13F,0,,0,,N,F,Y,N,1,124,0
Z014,30,,0,,0,,N,F,N,N,0,124,0
D051,09,9E,0,,0,,N,B,Y,N,0,124,0
M023,08,8F,0,,0,,N,B,Y,N,0,124,0
M943,08,8R,0,,0,,N,B,Y,N,0,124,0
Q261,05,5J,0,,0,,N,B,Y,N,0,124,0
M1306,08,8K,0,,0,,N,B,Y,N,0,124,0
M4215,08,8J,0,,0,,N,B,Y,N,16,124,0
D044,09,9C,0,,0,,N,B,Y,N,0,124,0
M961,08,8H,0,,0,,N,B,Y,N,0,124,0
D649,16,16A,0,,0,,N,B,Y,N,0,124,0
M089,08,8F,0,,0,,N,B,Y,N,0,124,0
M4783,08,8H,0,,0,,N,B,Y,N,0,124,0
Q808,09,9C,0,,0,,N,B,Y,N,0,124,0
O908,14,14C,0,,0,,N,F,Y,N,9,60,0
K1083,03,3H,0,,0,,N,B,Y,N,0,124,0
P836,15,,0,,0,,N,B,Y,N,0,0,0
Q924,23,23D,0,,0,,N,B,Y,N,0,124,0
H906,03,3G,0,,0,,N,B,Y,N,0,124,0
D042,09,9C,0,,0,,N,B,Y,N,0,124,0
E040,10,10E,0,,0,,N,B,Y,N,0,124,0
I491,05,5M,0,,0,,N,B,Y,N,0,124,0
S6300,08,8P,0,,0,,0,B,Y,N,0,124,0
M7180,08,8M,0,,0,,N,B,Y,N,0,124,0
A280,18,18H,0,,0,,N,B,Y,N,0,124,0
M7136,08,8M,0,,0,,N,B,Y,N,0,124,0
H3609,02,2D,0,,0,,N,B,N,N,0,124,0
P142,15,,0,,0,,N,B,Y,N,0,0,0
N806,09,9D,0,,0,,N,F,Y,N,1,124,0
T360,21,21C,0,,0,,N,B,Y,N,0,124,0
M7250,08,8M,0,,0,,N,B,Y,N,0,124,0
M7285,08,8M,0,,0,,N,B,Y,N,0,124,0
D010,06,6A,0,,0,,N,B,Y,N,0,124,0
A561,12,12C,0,,0,,N,B,Y,N,1,124,0
D000,03,3A,0,,0,,N,B,Y,N,0,124,0
T563,21,21C,0,,0,,N,B,Y,N,0,124,0
M4721,08,8H,0,,0,,N,B,Y,N,0,124,0
R02,05,5F,0,,0,,N,B,Y,N,0,124,0
K903,06,6H,0,,0,,N,B,Y,N,0,124,0
M8686,08,8D,0,,0,,N,B,Y,N,0,124,0
D469,17,17B,0,,0,,N,B,Y,N,0,124,0
D377,06,6A,0,,0,,N,B,Y,N,0,124,0
M199,08,8J,0,,0,,N,B,Y,N,0,124,0
D375,06,6A,0,,0,,N,B,Y,N,0,124,0
T71,21,21E,0,,0,,N,B,Y,N,0,124,0
D470,17,17B,0,,0,,N,B,Y,N,0,124,0
L949,09,9D,0,,0,,N,B,Y,N,0,124,0
D371,06,6A,0,,0,,N,B,Y,N,0,124,0
Q101,02,2D,0,,0,,N,B,Y,N,0,124,0
Q401,06,6J,0,,0,,N,B,Y,N,0,124,0
G600,01,1J,0,,0,,N,B,Y,N,0,124,0
M4191,08,8H,0,,0,,N,B,Y,N,0,124,0
Z575,23,23D,0,,0,,N,B,Y,N,0,124,0
D359,10,10E,0,,0,,N,B,Y,N,0,124,0
B368,09,9D,0,,0,,N,B,Y,N,0,124,0
F511,19,19F,0,,0,,N,B,Y,N,0,124,0
A042,06,6G,0,,0,,N,B,Y,N,0,124,0
M479,08,8H,0,,0,,N,B,Y,N,0,124,0
Q824,09,9D,0,,0,,N,B,Y,N,0,124,0
A046,06,6G,0,,0,,N,B,Y,N,0,124,0
P298,15,,0,,0,,N,B,Y,N,0,0,0
M8039,08,8E,0,,0,,N,B,Y,N,0,124,0
T381,21,21C,0,,0,,N,B,Y,N,0,124,0
O420,14,14B,0,,0,,N,F,Y,N,9,60,0
T287,06,6J,0,,0,,N,B,Y,N,0,124,0
M8783,08,8J,0,,0,,N,B,Y,N,0,124,0
M8555,08,8J,0,,0,,N,B,Y,N,0,124,0
S010,21,21A,0,,0,,0,B,Y,N,0,124,0
L411,09,9B,0,,0,,N,B,Y,N,0,124,0
M4142,08,8H,0,,0,,N,B,Y,N,0,124,0
M4701,01,1U,0,,0,,N,B,Y,N,0,124,0
M893,08,8R,0,,0,,N,B,Y,N,0,124,0
R873,23,23B,0,,0,,N,F,Y,N,0,124,0
I492,05,5M,0,,0,,N,B,Y,N,0,124,0
L986,09,9D,0,,0,,N,B,Y,N,0,124,0
C01,03,3A,0,,0,,N,B,Y,N,0,124,0
G601,01,1U,0,,0,,N,B,Y,N,0,124,0
T502,21,21C,0,,0,,N,B,Y,N,0,124,0
S82102,08,8Q,0,,0,,0,B,Y,N,0,124,0
S42406,08,8Q,0,,0,,0,B,Y,N,0,124,0
M4836,08,8H,0,,0,,N,B,Y,N,0,124,0
F942,19,19J,0,,0,,N,B,Y,N,0,124,0
D430,01,1C,0,,0,,N,B,Y,N,0,124,0
S820,08,8Q,0,,0,,0,B,Y,N,0,124,0
N998,11,11H,0,,0,,N,B,Y,N,0,124,0
M500,08,8H,0,,0,,N,B,Y,N,0,124,0
M8641,08,8D,0,,0,,N,B,Y,N,0,124,0
Z857,30,,0,,0,,N,B,N,N,0,124,0
K0763,03,3H,0,,0,,N,B,Y,Y,0,124,28
L731,09,9D,0,,0,,N,B,Y,N,0,124,0
M2421,08,8M,0,,0,,N,B,Y,N,0,124,0
T652,21,21C,0,,0,,N,B,Y,N,0,124,0
P000,15,,0,,0,,N,B,Y,N,0,0,0
K0769,03,3H,0,,0,,N,B,Y,Y,0,124,28
L740,09,9D,0,,0,,N,B,Y,N,0,124,0
M6090,08,8L,0,,0,,N,B,Y,N,0,124,0
S824,08,8Q,0,,0,,0,B,Y,N,0,124,0
S0270,01,1S,0,,0,,0,B,Y,N,0,124,0
A157,04,4C,0,,0,D,N,B,Y,N,0,124,0
H335,02,2C,0,,0,,N,B,Y,N,0,124,0
T428,21,21C,0,,0,,N,B,Y,N,0,124,0
L506,09,9D,0,,0,,N,B,Y,N,0,124,0
M192,08,8J,0,,0,,N,B,Y,N,0,124,0
A062,06,6G,0,,0,,N,B,Y,N,0,124,0
M8790,08,8J,0,,0,,N,B,Y,N,0,124,0
Z527,30,,0,,0,,N,B,N,N,0,124,0
S6210,08,8P,0,,0,,0,B,Y,N,0,124,0
N499,12,12C,0,,0,,N,M,Y,N,0,124,0
M8903,08,8R,0,,0,,N,B,Y,N,0,124,0
M2105,08,8R,0,,0,,N,B,Y,N,0,124,0
M0362,08,8J,0,,0,,N,B,N,N,0,124,0
M4822,08,8H,0,,0,,N,B,Y,N,0,124,0
K1170,03,3G,0,,0,,N,B,Y,N,0,124,0
L730,09,9D,0,,0,,N,B,Y,N,0,124,0
M731,08,8M,0,,0,,N,B,N,N,0,124,0
L989,09,9D,0,,0,,N,B,Y,N,0,124,0
F660,19,19H,0,,0,,N,B,Y,N,0,124,0
H320,02,2A,0,,0,,N,B,N,N,0,124,0
T0211,08,8R,0,,0,,6,B,Y,N,0,124,0
A711,02,2A,0,,0,,N,B,Y,N,0,124,0
M8583,08,8R,0,,0,,N,B,Y,N,0,124,0
C752,01,1C,0,,0,,N,B,Y,N,0,124,0
D447,01,1C,0,,0,,N,B,Y,N,0,124,0
T442,21,21C,0,,0,,N,B,Y,N,0,124,0
M1221,08,8J,0,,0,,N,B,Y,N,0,124,0
T302,22,22C,0,,0,,N,B,Y,N,0,124,0
Q002,01,1U,0,,0,,N,B,Y,N,0,124,0
F175,20,20B,0,,0,,N,B,Y,N,0,124,0
S42307,08,8Q,0,,0,,0,B,Y,N,0,124,0
M761,08,8M,0,,0,,N,B,Y,N,0,124,0
D477,17,17B,0,,0,,N,B,Y,N,0,124,0
J64,04,4P,0,,0,,N,B,Y,N,1,124,0
M8399,08,8J,0,,0,,N,B,Y,N,16,124,0
M4717,08,8H,0,,0,,N,B,Y,N,0,124,0
C600,12,12A,0,,0,,N,M,Y,N,0,124,0
R35,11,11F,0,,0,,N,B,Y,N,0,124,0
D581,16,16A,0,,0,,N,B,Y,N,0,124,0
A051,18,18H,0,,0,,N,B,Y,N,0,124,0
N939,13,13F,0,,0,,N,F,Y,N,0,124,0
H681,03,3G,0,,0,,N,B,Y,N,0,124,0
I444,05,5M,0,,0,,N,B,Y,N,0,124,0
A233,18,18H,0,,0,,N,B,Y,N,0,124,0
Q959,23,23D,0,,0,,N,B,Y,N,0,124,0
N058,11,11H,0,,0,E,N,B,Y,N,0,124,0
S52504,08,8P,0,,0,,0,B,Y,N,0,124,0
K071,03,3H,0,,0,,N,B,Y,N,0,124,0
M6520,08,8M,0,,0,,N,B,Y,N,0,124,0
D201,06,6J,0,,0,,N,B,Y,N,0,124,0
D200,06,6J,0,,0,,N,B,Y,N,0,124,0
Q641,11,11H,0,,0,,N,B,Y,N,0,124,0
M9383,08,8J,0,,0,,N,B,Y,N,0,124,0
E308,10,10E,0,,0,,N,B,Y,N,0,124,0
Z082,23,23C,0,,0,,N,B,Y,N,0,124,0
A269,18,18H,0,,0,,N,B,Y,N,0,124,0
Q8588,17,17C,0,,0,,N,B,Y,N,0,124,0
S3270,08,8R,0,,0,,0,B,Y,N,0,124,0
Q891,10,10E,0,,0,,N,B,Y,N,0,124,0
G576,01,1J,0,,0,,N,B,Y,N,0,124,0
M4297,08,8J,0,,0,,N,B,Y,N,0,124,0
T120,08,8Q,0,,0,,0,B,Y,N,0,124,0
A288,18,18H,0,,0,,N,B,Y,N,0,124,0
B340,18,18F,0,,0,,N,B,Y,N,0,124,0
M4898,08,8H,0,,0,,N,B,Y,N,0,124,0
Z524,11,11H,0,,0,,N,B,Y,N,0,124,0
Z974,30,,0,,0,,N,B,N,N,0,124,0
H252,02,2D,0,,0,,N,B,Y,N,31,124,0
M7720,08,8M,0,,0,,N,B,Y,N,0,124,0
M8319,08,8J,0,,0,,N,B,Y,N,31,124,0
C481,06,6A,0,,0,,N,B,Y,N,0,124,0
P581,15,,0,,0,,N,B,Y,N,0,0,0
M1229,08,8J,0,,0,,N,B,Y,N,0,124,0
G473,04,4D,0,,0,,N,B,Y,N,0,124,0
S017,21,21A,0,,0,,0,B,Y,N,0,124,0
T925,30,,0,,0,,N,B,N,N,0,124,0
L671,09,9D,0,,0,,N,B,Y,N,0,124,0
F959,01,1U,0,,0,,N,B,Y,N,0,124,0
Q105,02,2D,0,,0,,N,B,Y,N,0,124,0
Q719,08,8R,0,,0,,N,B,Y,N,0,124,0
I719,05,5F,0,,0,,N,B,Y,N,0,124,0
T132,08,8Q,0,,0,,0,B,Y,N,0,124,0
F179,20,20B,0,,0,,N,B,Y,N,0,124,0
J121,04,4C,0,,0,,N,B,Y,N,0,124,0
K0117,03,3H,0,,0,,N,B,Y,Y,0,124,28
A363,09,9C,0,,0,,N,B,Y,N,0,124,0
H745,03,3G,0,,0,,N,B,Y,N,0,124,0
M2457,08,8R,0,,0,,N,B,Y,N,0,124,0
S9200,08,8Q,0,,0,,0,B,Y,N,0,124,0
S42109,08,8Q,0,,0,,0,B,Y,N,0,124,0
Q971,13,13F,0,,0,,N,B,Y,N,0,124,0
A379,04,4L,0,,0,,N,B,Y,N,0,124,0
R300,11,11F,0,,0,,N,B,Y,N,0,124,0
Z9665,30,,0,,0,,N,B,N,N,0,124,0
D446,01,1C,0,,0,,N,B,Y,N,0,124,0
M6523,08,8M,0,,0,,N,B,Y,N,0,124,0
K0301,03,3H,0,,0,,N,B,Y,Y,0,124,28
M7908,08,8L,0,,0,,N,B,Y,N,0,124,0
M0314,08,8J,0,,0,,N,B,N,N,0,124,0
S032,03,3H,0,,0,,0,B,Y,N,0,124,0
K298,06,6M,0,,0,,N,B,Y,N,0,124,0
T983,30,,0,,0,,N,B,N,N,0,124,0
M621,08,8M,0,,0,,N,B,Y,N,0,124,0
M7020,08,8M,0,,0,,N,B,Y,N,0,124,0
D070,13,13B,0,,0,,N,F,Y,N,0,124,0
D167,04,4M,0,,0,,N,B,Y,N,0,124,0
D290,12,12E,0,,0,,N,M,Y,N,0,124,0
L908,09,9D,0,,0,,N,B,Y,N,0,124,0
E703,10,10D,0,,0,,N,B,Y,N,0,124,0
B955,30,,0,,0,,N,B,N,N,0,124,0
A421,06,6J,0,,0,D,N,B,Y,N,0,124,0
C882,17,17B,0,,0,,N,B,Y,N,0,124,0
S52219,08,8P,0,,0,,7,B,Y,N,0,124,0
M4940,08,8H,0,,0,,N,B,N,N,0,124,0
A429,18,18H,0,,0,D,N,B,Y,N,0,124,0
D801,16,16C,0,,0,E,N,B,Y,N,0,124,0
M9907,30,,0,,0,,N,B,N,N,0,124,0
M4637,08,8H,0,,0,,N,B,Y,N,0,124,0
A439,18,18H,0,,0,D,N,B,Y,N,0,124,0
A440,18,18H,0,,0,,N,B,Y,N,0,124,0
A441,18,18H,0,,0,,N,B,Y,N,0,124,0
A448,18,18H,0,,0,,N,B,Y,N,0,124,0
E215,10,10E,0,,0,,N,B,Y,N,0,124,0
T403,21,21C,0,,0,,N,B,Y,N,0,124,0
L309,09,9D,0,,0,,N,B,Y,N,0,124,0
M8392,08,8J,0,,0,,N,B,Y,N,16,124,0
Z139,23,23D,0,,0,,N,B,Y,N,0,124,0
O063,14,14H,0,,0,,N,F,Y,N,9,60,0
M7235,08,8M,0,,0,,N,B,Y,N,0,124,0
S82105,08,8Q,0,,0,,0,B,Y,N,0,124,0
T608,21,21C,0,,0,,N,B,Y,N,0,124,0
M7082,08,8M,0,,0,,N,B,Y,N,0,124,0
A690,03,3D,0,,0,,N,B,Y,N,0,124,0
O264,14,14B,0,,0,,N,F,Y,N,9,60,0
M2419,08,8R,0,,0,,N,B,Y,N,0,124,0
Z836,23,23D,0,,0,,N,B,Y,N,0,124,0
M6739,08,8M,0,,0,,N,B,Y,N,0,124,0
A502,18,18H,0,,0,,N,B,Y,N,0,2,0
C608,12,12A,0,,0,,N,M,Y,N,0,124,0
M7266,08,8M,0,,0,,N,B,Y,N,0,124,0
Q506,13,13F,0,,0,,N,F,Y,N,0,124,0
L501,09,9D,0,,0,,N,B,Y,N,0,124,0
Q7503,08,8R,0,,0,,N,B,Y,N,0,124,0
H018,02,2D,0,,0,,N,B,Y,N,0,124,0
M8090,08,8E,0,,0,,N,B,Y,N,0,124,0
D77,16,16C,0,,0,,N,B,N,N,0,124,0
J386,03,3G,0,,0,,N,B,Y,N,0,124,0
M6086,08,8L,0,,0,,N,B,Y,N,0,124,0
L859,09,9D,0,,0,,N,B,Y,N,0,124,0
Z953,30,,0,,0,,N,B,N,N,0,124,0
Q934,19,19K,0,,0,,N,B,Y,N,0,124,0
M4988,08,8H,0,,0,,N,B,N,N,0,124,0
S623,08,8P,0,,0,,0,B,Y,N,0,124,0
M8911,08,8R,0,,0,,N,B,Y,N,0,19,0
A527,18,18H,0,,0,,N,B,Y,N,16,124,0
M8135,08,8J,0,,0,,N,B,Y,N,0,124,0
M6154,08,8M,0,,0,,N,B,Y,N,0,124,0
M8585,08,8R,0,,0,,N,B,Y,N,0,124,0
M074,08,8J,0,,0,,N,B,N,N,0,124,0
P912,15,,0,,0,,N,B,Y,N,0,0,0
E782,10,10D,0,,0,,N,B,Y,N,0,124,0
C509,09,9E,0,,0,,N,B,Y,N,0,124,0
M5401,09,9C,0,,0,,N,B,Y,N,0,124,0
F438,19,19E,0,,0,,N,B,Y,N,0,124,0
L259,09,9D,0,,0,,N,B,Y,N,0,124,0
I092,05,5R,0,,0,,N,B,Y,Y,0,124,28
S868,08,8Q,0,,0,,0,B,Y,N,0,124,0
M651,08,8M,0,,0,,N,B,Y,N,0,124,0
Q564,10,10E,0,,0,,N,B,Y,N,0,124,0
H526,02,2D,0,,0,,N,B,Y,N,0,124,0
Q772,08,8R,0,,0,,N,B,Y,N,0,124,0
M0280,08,8J,0,,0,,N,B,Y,N,0,124,0
T981,30,,0,,0,,N,B,N,N,0,124,0
T6308,21,21C,0,,0,,N,B,Y,N,0,124,0
M4382,08,8H,0,,0,,N,B,Y,N,0,124,0
T200,22,22C,0,,0,,N,B,Y,N,0,124,0
S5319,08,8Q,0,,0,,0,B,Y,N,0,124,0
N979,13,13F,0,,0,,N,F,Y,N,9,60,0
T415,21,21C,0,,0,,N,B,Y,N,0,124,0
I716,05,5F,0,,0,,N,B,Y,N,0,124,0
A58,12,12C,0,,0,,N,B,Y,N,1,124,0
A58,13,13D,0,,0,,N,B,Y,N,0,124,0
K0039,03,3H,0,,0,,N,B,Y,Y,0,124,28
R852,23,23B,0,,0,,N,B,Y,N,0,124,0
M9015,08,8D,0,,0,,N,B,N,N,0,124,0
F6039,19,19H,0,,0,,N,B,Y,N,0,124,0
M0642,08,8J,0,,0,,N,B,Y,N,0,124,0
P236,15,,0,,0,,N,B,Y,N,0,0,0
T220,22,22C,0,,0,,N,B,Y,N,0,124,0
H038,02,2D,0,,0,,N,B,N,N,0,124,0
H475,01,1U,0,,0,,N,B,Y,N,0,124,0
F510,19,19F,0,,0,,N,B,Y,N,0,124,0
O366,14,14B,0,,0,,N,F,Y,N,9,60,0
E506,02,2D,0,,0,E,N,B,Y,N,0,124,0
M7284,08,8M,0,,0,,N,B,Y,N,0,124,0
D310,02,2D,0,,0,,N,B,Y,N,0,124,0
Q753,08,8R,0,,0,,N,B,Y,N,0,124,0
Z448,23,23A,0,,0,,N,B,Y,N,0,124,0
A661,09,9D,0,,0,,N,B,Y,N,0,124,0
K0714,03,3H,0,,0,,N,B,Y,N,0,124,0
D734,16,16C,0,,0,,N,B,Y,N,0,124,0
N511,12,12C,0,,0,,N,M,N,N,0,124,0
M0632,08,8F,0,,0,,N,B,Y,N,0,124,0
O334,14,14B,0,,0,,N,F,Y,N,9,60,0
T307,22,22B,0,,0,,N,B,Y,N,0,124,0
Z048,23,23D,0,,0,,N,B,Y,N,0,124,0
M4358,08,8H,0,,0,,N,B,Y,N,0,124,0
A599,18,18H,0,,0,,N,B,Y,N,1,124,0
A982,18,18F,0,,0,,N,B,Y,N,0,124,0
B370,03,3H,0,,0,D,N,B,Y,N,0,124,0
F55,20,20F,0,,0,,N,B,Y,N,0,124,0
K0112,03,3H,0,,0,,N,B,Y,Y,0,124,28
M220,08,8Q,0,,0,,N,B,Y,N,0,124,0
H311,02,2D,0,,0,,N,B,Y,N,0,124,0
D762,16,16C,0,,0,,N,B,Y,N,0,124,0
M7267,08,8M,0,,0,,N,B,Y,N,0,124,0
A692,18,18H,0,,0,,N,B,Y,N,0,124,0
N329,11,11H,0,,0,,N,B,Y,N,0,124,0
M855,08,8J,0,,0,,N,B,Y,N,0,124,0
M6540,08,8M,0,,0,,N,B,Y,N,0,124,0
T950,30,,0,,0,,N,B,N,N,0,124,0
T370,21,21C,0,,0,,N,B,Y,N,0,124,0
A719,02,2A,0,,0,,N,B,Y,N,0,124,0
E349,10,10E,0,,0,,N,B,Y,N,0,124,0
A748,06,6J,0,,0,,N,B,Y,N,0,124,0
Z203,23,23D,0,,0,,N,B,Y,N,0,124,0
M4787,08,8H,0,,0,,N,B,Y,N,0,124,0
S199,21,21A,0,,0,,0,B,Y,N,0,124,0
S72409,08,8A,0,,0,,8,B,Y,N,0,124,0
A759,18,18H,0,,0,,N,B,Y,N,0,124,0
F701,19,19K,0,,0,,N,B,Y,N,0,124,0
D197,08,8R,0,,0,,N,B,Y,N,0,124,0
F720,19,19K,0,,0,,N,B,Y,N,0,124,0
D758,16,16C,0,,0,,N,B,Y,N,0,124,0
D752,16,16C,0,,0,,N,B,Y,N,0,124,0
F4533,19,19D,0,,0,,N,B,Y,N,0,124,0
O047,14,14K,0,,0,,N,F,Y,N,9,60,0
S441,01,1J,0,,0,,7,B,Y,N,0,124,0
M1385,08,8J,0,,0,,N,B,Y,N,0,124,0
M4928,08,8H,0,,0,,N,B,N,N,0,124,0
M6612,08,8M,0,,0,,N,B,Y,N,0,124,0
B89,18,18H,0,,0,,N,B,Y,N,0,124,0
Q709,08,8R,0,,0,,N,B,Y,N,0,124,0
M7299,08,8M,0,,0,,N,B,Y,N,0,124,0
L249,09,9D,0,,0,,N,B,Y,N,0,124,0
M0602,08,8F,0,,0,,N,B,Y,N,16,124,0
P369,15,,0,,0,,N,B,Y,N,0,0,0
G369,01,1E,0,,0,,N,B,Y,N,0,124,0
P768,15,,0,,0,,N,B,Y,N,0,0,0
T601,21,21C,0,,0,,N,B,Y,N,0,124,0
N485,12,12E,0,,0,,N,M,Y,N,0,124,0
A830,01,1K,0,,0,,N,B,Y,N,0,124,0
E034,10,10E,0,,0,,N,B,Y,N,0,124,0
M4622,08,8D,0,,0,,N,B,Y,N,0,124,0
A833,01,1K,0,,0,,N,B,Y,N,0,124,0
A834,01,1K,0,,0,,N,B,Y,N,0,124,0
M7138,08,8M,0,,0,,N,B,Y,N,0,124,0
M6794,08,8M,0,,0,,N,B,Y,N,0,124,0
M6089,08,8L,0,,0,,N,B,Y,N,0,124,0
M0918,08,8J,0,,0,,N,B,N,N,0,124,0
M6657,08,8M,0,,0,,N,B,Y,N,0,124,0
S3641,06,6J,0,,0,,3,B,Y,N,0,124,0
K001,03,3H,0,,0,,N,B,Y,Y,0,124,28
D144,04,4M,0,,0,,N,B,Y,N,0,124,0
A228,18,18H,0,,0,,N,B,Y,N,0,124,0
E358,10,10E,0,,0,,N,B,N,N,0,124,0
Q909,19,19K,0,,0,,N,B,Y,N,0,124,0
K0489,03,3H,0,,0,,N,B,Y,Y,0,124,28
M1098,08,8J,0,,0,,N,B,Y,N,0,124,0
A870,01,1L,0,,0,B,N,B,Y,N,0,124,0
M8003,08,8E,0,,0,,N,F,Y,N,31,124,0
N40,12,12B,0,,0,,N,M,Y,N,1,124,0
M8513,08,8R,0,,0,,N,B,Y,N,0,124,0
D467,17,17B,0,,0,,N,B,Y,N,0,124,0
A503,02,2A,0,,0,,N,B,Y,N,1,124,0
M4652,08,8H,0,,0,,N,B,Y,N,0,124,0
A888,01,1K,0,,0,,N,B,Y,N,0,124,0
M6234,08,8M,0,,0,,N,B,Y,N,0,124,0
A218,18,18H,0,,0,,N,B,Y,N,0,124,0
M1014,21,21C,0,,0,,N,B,Y,N,0,124,0
Z036,23,23D,0,,0,,N,B,Y,N,0,124,0
S5261,08,8P,0,,0,,7,B,Y,N,0,124,0
M8899,08,8J,0,,0,,N,B,Y,N,0,124,0
M0684,08,8F,0,,0,,N,B,Y,N,16,124,0
M9434,08,8R,0,,0,,N,B,Y,N,0,124,0
D166,08,8R,0,,0,,N,B,Y,N,0,124,0
M941,08,8R,0,,0,,N,B,Y,N,0,124,0
Q274,05,5F,0,,0,,N,B,Y,N,0,124,0
M8924,08,8R,0,,0,,N,B,Y,N,0,19,0
M8662,08,8D,0,,0,,N,B,Y,N,0,124,0
A929,18,18F,0,,0,,N,B,Y,N,0,124,0
T959,30,,0,,0,,N,B,N,N,0,124,0
P391,15,,0,,0,,N,B,Y,N,0,0,0
Z202,23,23D,0,,0,,N,B,Y,N,0,124,0
M9415,08,8R,0,,0,,N,B,Y,N,0,124,0
Q758,08,8R,0,,0,,N,B,Y,N,0,124,0
M4159,08,8H,0,,0,,N,B,Y,N,0,124,0
Q953,23,23D,0,,0,,N,B,Y,N,0,124,0
M4926,08,8H,0,,0,,N,B,N,N,0,124,0
A968,18,18F,0,,0,,N,B,Y,N,0,124,0
Z003,30,,0,,0,,N,B,N,N,8,19,0
H332,02,2C,0,,0,,N,B,Y,N,0,124,0
M8147,08,8J,0,,0,,N,B,Y,N,0,124,0
Z030,23,23D,0,,0,,N,B,Y,N,0,124,0
A983,18,18F,0,,0,,N,B,Y,N,0,124,0
A011,18,18H,0,,0,,N,B,Y,N,0,124,0
S708,09,9H,0,,0,,0,B,Y,N,0,124,0
L219,09,9D,0,,0,,N,B,Y,N,0,124,0
E069,10,10E,0,,0,,N,B,Y,N,0,124,0
D732,16,16C,0,,0,,N,B,Y,N,0,124,0
M6624,08,8M,0,,0,,N,B,Y,N,0,124,0
M2558,08,8L,0,,0,,N,B,Y,N,0,124,0
R770,23,23B,0,,0,,N,B,Y,N,0,124,0
D730,16,16C,0,,0,,N,B,Y,N,0,124,0
G256,01,1U,0,,0,,N,B,Y,N,0,124,0
D002,06,6A,0,,0,,N,B,Y,N,0,124,0
M8914,08,8R,0,,0,,N,B,Y,N,0,19,0
M911,08,8J,0,,0,,N,B,Y,N,0,124,0
D728,16,16C,0,,0,,N,B,Y,N,0,124,0
R062,04,4H,0,,0,,N,B,Y,N,0,124,0
D442,10,10E,0,,0,,N,B,Y,N,0,124,0
M7780,08,8M,0,,0,,N,B,Y,N,0,124,0
M9039,08,8J,0,,0,,N,B,N,N,0,124,0
M1993,08,8J,0,,0,,N,B,Y,N,0,124,0
M7085,08,8M,0,,0,,N,B,Y,N,0,124,0
K317,06,6H,0,,0,,N,B,Y,N,0,124,0
Q612,11,11K,0,,0,,N,B,Y,N,0,124,0
N069,11,11H,0,,0,,N,B,Y,N,0,124,0
B069,18,18F,0,,0,,N,B,Y,N,0,124,0
Q393,06,6J,0,,0,,N,B,Y,N,0,124,0
B080,18,18F,0,,0,,N,B,Y,N,0,124,0
M8314,08,8J,0,,0,,N,B,Y,N,31,124,0
M2301,08,8Q,0,,0,,N,B,Y,N,0,124,0
F176,20,20B,0,,0,,N,B,Y,N,0,124,0
S627,08,8P,0,,0,,0,B,Y,N,0,124,0
C148,03,3A,0,,0,,N,B,Y,N,0,124,0
D1011,03,3H,0,,0,,N,B,Y,N,0,124,0
M1109,08,8J,0,,0,,N,B,Y,N,0,124,0
B150,07,7D,0,,0,,N,B,Y,N,0,124,0
D513,16,16A,0,,0,E,N,B,Y,N,0,124,0
M0290,08,8J,0,,0,,N,B,Y,N,0,124,0
Z8924,30,,0,,0,,N,B,N,N,0,124,0
I693,01,1D,0,,0,,N,B,Y,N,0,124,0
M9130,08,8J,0,,0,,N,B,Y,N,0,124,0
D412,11,11C,0,,0,,N,B,Y,N,0,124,0
M7916,08,8L,0,,0,,N,B,Y,N,0,124,0
L7081,09,9D,0,,0,,N,B,Y,N,0,124,0
M0628,08,8F,0,,0,,N,B,Y,N,0,124,0
M0318,08,8J,0,,0,,N,B,N,N,0,124,0
M8048,08,8E,0,,0,,N,B,Y,N,0,124,0
M2536,08,8R,0,,0,,N,B,Y,N,0,124,0
M769,08,8M,0,,0,,N,B,Y,N,0,124,0
S382,12,12E,0,,0,,0,B,Y,N,0,124,0
M015,08,8J,0,,0,,N,B,N,N,0,124,0
M9083,08,8J,0,,0,,N,B,N,N,0,124,0
M2572,08,8R,0,,0,,N,B,Y,N,0,124,0
Q392,06,6J,0,,0,,N,B,Y,N,0,124,0
M418,08,8H,0,,0,,N,B,Y,N,0,124,0
M9906,30,,0,,0,,N,B,N,N,0,124,0
M1239,08,8J,0,,0,,N,B,Y,N,0,124,0
N981,13,13F,0,,0,,N,F,Y,N,9,60,0
M4390,08,8H,0,,0,,N,B,Y,N,0,124,0
N945,13,13F,0,,0,,N,F,Y,N,1,124,0
L711,09,9D,0,,0,,N,B,Y,N,0,124,0
B768,06,6L,0,,0,,N,B,Y,N,0,124,0
Z281,23,23D,0,,0,,N,B,Y,N,0,124,0
D320,01,1C,0,,0,,N,B,Y,N,0,124,0
Q829,09,9D,0,,0,,N,B,Y,N,0,124,0
H470,02,2B,0,,0,,N,B,Y,N,0,124,0
P002,15,,0,,0,,N,B,Y,N,0,0,0
S42011,08,8Q,0,,0,,0,B,Y,N,0,124,0
T388,21,21C,0,,0,,N,B,Y,N,0,124,0
Q6885,08,8R,0,,0,,N,B,Y,N,0,124,0
F2048,19,19B,0,,0,,N,B,Y,N,0,124,0
M4796,08,8H,0,,0,,N,B,Y,N,0,124,0
Z736,23,23D,0,,0,,N,B,Y,N,0,124,0
L910,09,9D,0,,0,,N,B,Y,N,0,124,0
L110,09,9D,0,,0,,N,B,Y,N,0,124,0
D332,01,1C,0,,0,,N,B,Y,N,0,124,0
I678,01,1H,0,,0,,N,B,Y,N,0,124,0
M2364,08,8Q,0,,0,,N,B,Y,N,0,124,0
F3800,19,19C,0,,0,,N,B,Y,N,0,124,0
M1213,08,8J,0,,0,,N,B,Y,N,0,124,0
Q418,06,6J,0,,0,,N,B,Y,N,0,124,0
M1901,08,8J,0,,0,,N,B,Y,N,0,124,0
M0223,08,8J,0,,0,,N,B,Y,N,0,124,0
J331,03,3G,0,,0,,N,B,Y,N,0,124,0
N817,13,13F,0,,0,,N,F,Y,N,1,124,0
M8519,08,8R,0,,0,,N,B,Y,N,0,124,0
I891,09,9G,0,,0,,N,B,Y,N,0,124,0
T570,21,21C,0,,0,,N,B,Y,N,0,124,0
O809,14,14A,0,,0,,N,F,Y,N,9,60,0
T318,22,22A,0,,0,,N,B,Y,N,0,124,0
E786,10,10D,0,,0,,N,B,Y,N,0,124,0
S859,21,21A,0,,0,,0,B,Y,N,0,124,0
Z462,23,23D,0,,0,,N,B,Y,N,0,124,0
B333,18,18F,0,,0,,N,B,Y,N,0,124,0
D150,16,16C,0,,0,,N,B,Y,N,0,124,0
T513,21,21C,0,,0,,N,B,Y,N,0,124,0
T6301,21,21C,0,,0,,N,B,Y,N,0,124,0
B341,18,18F,0,,0,,N,B,Y,N,0,124,0
H313,02,2C,0,,0,,N,B,Y,N,0,124,0
M5384,08,8H,0,,0,,N,B,Y,N,0,124,0
G547,01,1J,0,,0,,N,B,Y,N,0,124,0
C56,13,13C,0,,0,,N,F,Y,N,0,124,0
M725,08,8M,0,,0,,N,B,Y,N,0,124,0
B352,09,9D,0,,0,,N,B,Y,N,0,124,0
B741,18,18H,0,,0,,N,B,Y,N,0,124,0
F3810,19,19C,0,,0,,N,B,Y,N,0,124,0
B355,09,9D,0,,0,,N,B,Y,N,0,124,0
D898,16,16C,0,,0,,N,B,Y,N,0,124,0
M9942,30,,0,,0,,N,B,N,N,0,124,0
B358,09,9D,0,,0,,N,B,Y,N,0,124,0
L22,09,9D,0,,0,,N,B,Y,N,0,124,0
M0742,08,8J,0,,0,,N,B,N,N,16,124,0
T213,22,22B,0,,0,,N,B,Y,N,0,124,0
I499,05,5L,0,,0,,N,B,Y,N,0,124,0
A65,18,18H,0,,0,,N,B,Y,N,0,124,0
D439,01,1C,0,,0,,N,B,Y,N,0,124,0
Q289,05,5F,0,,0,,N,B,Y,N,0,124,0
A673,09,9D,0,,0,,N,B,Y,N,0,124,0
A64,13,13D,0,,0,,N,B,Y,N,0,124,0
M8390,08,8J,0,,0,,N,B,Y,N,16,124,0
A850,01,1K,0,,0,B,N,B,Y,N,0,124,0
I951,05,5P,0,,0,,N,B,Y,N,0,124,0
S6241,08,8P,0,,0,,0,B,Y,N,0,124,0
B3706,03,3H,0,,0,D,N,B,Y,N,0,124,0
F412,19,19D,0,,0,,N,B,Y,N,0,124,0
M7241,08,8M,0,,0,,N,B,Y,N,0,124,0
M1386,08,8J,0,,0,,N,B,Y,N,0,124,0
M8737,08,8J,0,,0,,N,B,Y,N,0,124,0
R462,19,19L,0,,0,,N,B,Y,N,0,124,0
S6260,08,8P,0,,0,,0,B,Y,N,0,124,0
H3600,02,2D,0,,0,,N,B,N,N,0,124,0
Z132,23,23D,0,,0,,N,B,Y,N,0,124,0
M1024,08,8J,0,,0,,N,B,Y,N,0,124,0
K0983,03,3H,0,,0,,N,B,Y,N,0,124,0
K0922,03,3H,0,,0,,N,B,Y,N,0,124,0
Z659,23,23D,0,,0,,N,B,Y,N,0,124,0
S0059,09,9H,0,,0,,0,B,Y,N,0,124,0
O655,14,14A,0,,0,,N,F,Y,N,9,60,0
D022,04,4M,0,,0,,N,B,Y,N,0,124,0
M405,08,8H,0,,0,,N,B,Y,N,0,124,0
S52501,08,8P,0,,0,,0,B,Y,N,0,124,0
A985,11,11D,0,,0,,N,B,Y,N,0,124,0
O698,14,14A,0,,0,,N,F,Y,N,9,60,0
G971,01,1Q,0,,0,,N,B,Y,N,0,124,0
M7130,08,8M,0,,0,,N,B,Y,N,0,124,0
S52002,08,8P,0,,0,,0,B,Y,N,0,124,0
R293,01,1U,0,,0,,N,B,Y,N,0,124,0
M6789,08,8M,0,,0,,N,B,Y,N,0,124,0
M2106,08,8R,0,,0,,N,B,Y,N,0,124,0
Q046,01,1U,0,,0,,N,B,Y,N,0,124,0
E259,10,10E,0,,0,,N,B,Y,N,0,124,0
S52311,08,8P,0,,0,,7,B,Y,N,0,124,0
A327,18,18H,0,,0,,N,B,Y,N,0,124,0
Z400,23,23D,0,,0,,N,B,Y,N,0,124,0
N490,12,12C,0,,0,,N,M,Y,N,0,124,0
S5318,08,8Q,0,,0,,0,B,Y,N,0,124,0
D011,06,6A,0,,0,,N,B,Y,N,0,124,0
S929,08,8P,0,,0,,0,B,Y,N,0,124,0
B431,01,1C,0,,0,,N,B,Y,N,0,124,0
M6504,08,8M,0,,0,,N,B,Y,N,0,124,0
B438,18,18G,0,,0,,N,B,Y,N,0,124,0
M4107,08,8H,0,,0,,N,B,Y,N,0,124,0
T519,21,21C,0,,0,,N,B,Y,N,0,124,0
S6301,08,8P,0,,0,,0,B,Y,N,0,124,0
M2400,08,8R,0,,0,,N,B,Y,N,0,124,0
M2490,08,8R,0,,0,,N,B,Y,N,0,124,0
P393,15,,0,,0,,N,B,Y,N,0,0,0
M4380,08,8H,0,,0,,N,B,Y,N,0,124,0
M6506,08,8M,0,,0,,N,B,Y,N,0,124,0
I673,01,1D,0,,0,D,N,B,Y,N,0,124,0
M6265,08,8M,0,,0,,N,B,Y,N,0,124,0
M0818,08,8F,0,,0,,N,B,Y,N,0,124,0
Q8285,09,9D,0,,0,,N,B,Y,N,0,124,0
Q121,02,2D,0,,0,,N,B,Y,N,0,124,0
E648,10,10C,0,,0,E,N,B,Y,N,0,124,0
I778,05,5F,0,,0,,N,B,Y,N,0,124,0
S52510,08,8P,0,,0,,7,B,Y,N,0,124,0
D257,13,13F,0,,0,,N,F,Y,N,0,124,0
S635,08,8P,0,,0,,0,B,Y,N,0,124,0
M8717,08,8J,0,,0,,N,B,Y,N,0,124,0
M8357,08,8J,0,,0,E,N,B,Y,N,16,124,0
M4203,08,8J,0,,0,,N,B,Y,N,0,124,0
H028,02,2D,0,,0,,N,B,Y,N,0,124,0
S622,08,8P,0,,0,,0,B,Y,N,0,124,0
G513,01,1J,0,,0,,N,B,Y,N,0,124,0
O367,14,14B,0,,0,,N,F,Y,N,9,60,0
O662,14,14A,0,,0,,N,F,Y,N,9,60,0
F88,19,19J,0,,0,,N,B,Y,Y,0,124,28
B49,18,18G,0,,0,,N,B,Y,N,0,124,0
M9974,30,,0,,0,,N,B,N,N,0,124,0
P238,15,,0,,0,,N,B,Y,N,0,0,0
Q825,09,9D,0,,0,,N,B,Y,N,0,124,0
L080,09,9G,0,,0,,N,B,Y,N,0,124,0
O212,14,14B,0,,0,,N,F,Y,N,9,60,0
B519,18,18C,0,,0,,N,B,Y,N,0,124,0
T603,21,21C,0,,0,,N,B,Y,N,0,124,0
E662,10,10C,0,,0,,N,B,Y,N,0,124,0
M235,08,8R,0,,0,,N,B,Y,N,0,124,0
E041,10,10E,0,,0,,N,B,Y,N,0,124,0
S204,09,9H,0,,0,,0,B,Y,N,0,124,0
S8231,08,8Q,0,,0,,8,B,Y,N,0,124,0
K631,06,6J,0,,0,,N,B,Y,N,0,124,0
B551,09,9C,0,,0,,N,B,Y,N,0,124,0
M8180,08,8J,0,,0,,N,B,Y,N,0,124,0
M8182,08,8J,0,,0,,N,B,Y,N,0,124,0
I898,16,16C,0,,0,,N,B,Y,N,0,124,0
O121,14,14B,0,,0,,N,F,Y,N,9,60,0
S5241,08,8P,0,,0,,7,B,Y,N,0,124,0
M8311,08,8J,0,,0,,N,B,Y,N,31,124,0
B571,18,18H,0,,0,,N,B,Y,N,0,124,0
M0592,08,8F,0,,0,,N,B,Y,N,16,124,0
B574,01,1K,0,,0,,N,B,Y,N,0,124,0
M7980,08,8L,0,,0,,N,B,Y,N,0,124,0
Q388,03,3G,0,,0,,N,B,Y,N,0,124,0
Z563,23,23D,0,,0,,N,B,Y,N,0,124,0
S52317,08,8P,0,,0,,7,B,Y,N,0,124,0
M6291,08,8M,0,,0,,N,B,Y,N,0,124,0
B357,09,9D,0,,0,,N,B,Y,N,0,124,0
M2556,08,8L,0,,0,,N,B,Y,N,0,124,0
S919,21,21A,0,,0,,0,B,Y,N,0,124,0
K819,07,7E,0,,0,,N,B,Y,N,0,124,0
M9970,30,,0,,0,,N,B,N,N,0,124,0
E799,10,10D,0,,0,,N,B,Y,N,0,124,0
B653,09,9C,0,,0,,N,B,Y,N,0,124,0
I528,05,5G,0,,0,,N,B,N,N,0,124,0
K0713,03,3H,0,,0,,N,B,Y,N,0,124,0
E328,16,16C,0,,0,,N,B,Y,N,0,124,0
A872,01,1L,0,,0,,N,B,Y,N,0,124,0
D352,10,10E,0,,0,,N,B,Y,N,0,124,0
P398,15,,0,,0,,N,B,Y,N,0,0,0
O076,14,14H,0,,0,,N,F,Y,N,9,60,0
P800,15,,0,,0,,N,B,Y,N,0,0,0
M0133,08,8G,0,,0,,N,B,N,N,0,124,0
N341,12,12C,0,,0,,N,B,Y,N,0,124,0
M0834,08,8F,0,,0,,N,B,Y,N,0,124,0
A022,18,18H,0,,0,D,N,B,Y,N,0,124,0
Q283,01,1U,0,,0,,N,B,Y,N,0,124,0
Q832,09,9F,0,,0,,N,B,Y,N,0,124,0
L248,09,9D,0,,0,,N,B,Y,N,0,124,0
S750,21,21A,0,,0,,8,B,Y,N,0,124,0
B676,18,18H,0,,0,,N,B,Y,N,0,124,0
J399,03,3D,0,,0,,N,B,Y,N,0,124,0
F1002,20,20A,0,,0,,N,B,Y,N,0,124,0
K061,03,3H,0,,0,,N,B,Y,Y,0,124,28
R620,10,10C,0,,0,E,N,B,Y,N,0,19,0
B681,06,6L,0,,0,,N,B,Y,N,0,124,0
M5312,01,1J,0,,0,,N,B,Y,N,0,124,0
S92312,08,8P,0,,0,,0,B,Y,N,0,124,0
M8780,08,8J,0,,0,,N,B,Y,N,0,124,0
R780,23,23D,0,,0,,N,B,Y,N,0,124,0
H922,03,3G,0,,0,,N,B,Y,N,0,124,0
M4311,08,8H,0,,0,,N,B,Y,N,0,124,0
K1204,03,3H,0,,0,,N,B,Y,N,0,124,0
M925,08,8J,0,,0,,N,B,Y,N,0,124,0
A510,12,12C,0,,0,,N,B,Y,N,1,124,0
M508,08,8H,0,,0,,N,B,Y,N,0,124,0
R001,05,5M,0,,0,,N,B,Y,N,0,124,0
Z464,23,23D,0,,0,,N,B,Y,N,0,124,0
H933,03,3G,0,,0,,N,B,Y,N,0,124,0
B73,18,18H,0,,0,,N,B,Y,N,0,124,0
B740,18,18H,0,,0,,N,B,Y,N,0,124,0
M1236,08,8J,0,,0,,N,B,Y,N,0,124,0
Z9660,30,,0,,0,,N,B,N,N,0,124,0
B743,18,18H,0,,0,,N,B,Y,N,0,124,0
M1984,08,8J,0,,0,,N,B,Y,N,0,124,0
M6801,08,8M,0,,0,,N,B,N,N,0,124,0
M431,08,8H,0,,0,,N,B,Y,N,0,124,0
M0147,08,8J,0,,0,,N,B,N,N,0,124,0
P241,15,,0,,0,,N,B,Y,N,0,0,0
R8760,23,23B,0,,0,,N,F,Y,N,0,124,0
C131,03,3A,0,,0,,N,B,Y,N,0,124,0
Z044,23,23D,0,,0,,N,B,Y,N,0,124,0
M6592,08,8M,0,,0,,N,B,Y,N,0,124,0
R223,09,9D,0,,0,,N,B,Y,N,0,124,0
A301,18,18H,0,,0,,N,B,Y,N,0,124,0
Z311,23,23D,0,,0,,N,F,Y,N,9,60,0
A028,18,18H,0,,0,D,N,B,Y,N,0,124,0
S3250,08,8B,0,,0,,6,B,Y,N,0,124,0
Z882,30,,0,,0,,N,B,N,N,0,124,0
Q795,06,6J,0,,0,,N,B,Y,N,0,124,0
B811,06,6L,0,,0,,N,B,Y,N,0,124,0
B812,06,6L,0,,0,,N,B,Y,N,0,124,0
M2415,08,8R,0,,0,,N,B,Y,N,0,124,0
M540,09,9C,0,,0,,N,B,Y,N,0,124,0
M4600,08,8H,0,,0,,N,B,Y,N,0,124,0
M724,08,8M,0,,0,,N,B,Y,N,0,124,0
M076,08,8J,0,,0,,N,B,N,N,0,124,0
M2383,08,8Q,0,,0,,N,B,Y,N,0,124,0
M0237,08,8F,0,,0,,N,B,Y,N,16,124,0
B8318,18,18H,0,,0,,N,B,Y,N,0,124,0
P038,15,,0,,0,,N,B,Y,N,0,0,0
R195,06,6H,0,,0,,N,B,Y,N,0,124,0
A078,06,6G,0,,0,,N,B,Y,N,0,124,0
M2124,08,8R,0,,0,,N,B,Y,N,0,124,0
O750,14,14A,0,,0,,N,F,Y,N,9,60,0
Z644,23,23D,0,,0,,N,B,Y,N,0,124,0
S041,01,1J,0,,0,,0,B,Y,N,0,124,0
D047,09,9C,0,,0,,N,B,Y,N,0,124,0
R430,01,1U,0,,0,,N,B,Y,N,0,124,0
F648,19,19H,0,,0,,N,B,Y,N,0,124,0
N921,13,13F,0,,0,,N,F,Y,N,1,124,0
D311,02,2D,0,,0,,N,B,Y,N,0,124,0
Z8945,30,,0,,0,,N,B,N,N,0,124,0
M0594,08,8F,0,,0,,N,B,Y,N,16,124,0
O311,14,14B,0,,0,,N,F,Y,N,9,60,0
S330,08,8H,0,,0,,0,B,Y,N,0,124,0
R268,01,1U,0,,0,,N,B,Y,N,0,124,0
M2514,08,8L,0,,0,,N,B,Y,N,0,124,0
B874,09,9D,0,,0,,N,B,Y,N,0,124,0
M1119,08,8J,0,,0,,N,B,Y,N,0,124,0
R857,23,23B,0,,0,,N,B,Y,N,0,124,0
J210,04,4L,0,,0,,N,B,Y,N,0,124,0
M8711,08,8J,0,,0,,N,B,Y,N,0,124,0
N423,12,12E,0,,0,,N,M,Y,N,1,124,0
Z443,09,9F,0,,0,,N,B,Y,N,0,124,0
L921,09,9D,0,,0,,N,B,Y,N,0,124,0
S231,08,8H,0,,0,,0,B,Y,N,0,124,0
M7900,08,8L,0,,0,,N,B,Y,N,0,124,0
S4083,09,9H,0,,0,,0,B,Y,N,0,124,0
M7971,08,8L,0,,0,,N,B,Y,N,0,124,0
Q4108,06,6J,0,,0,,N,B,Y,N,0,124,0
F652,19,19H,0,,0,,N,B,Y,N,0,124,0
K0328,03,3H,0,,0,,N,B,Y,Y,0,124,28
B91,01,1U,0,,0,,N,B,Y,N,1,124,0
S659,21,21A,0,,0,,0,B,Y,N,0,124,0
A251,18,18H,0,,0,,N,B,Y,N,0,124,0
M1111,08,8J,0,,0,,N,B,Y,N,0,124,0
E508,10,10C,0,,0,E,N,B,Y,N,0,124,0
M7103,08,8M,0,,0,,N,B,Y,N,0,124,0
T393,21,21C,0,,0,,N,B,Y,N,0,124,0
S611,21,21A,0,,0,,0,B,Y,N,0,124,0
M0302,08,8J,0,,0,,N,B,N,N,0,124,0
S061,01,1R,0,,0,,1,B,Y,N,0,124,0
M6254,08,8M,0,,0,,N,B,Y,N,0,124,0
L922,09,9D,0,,0,,N,B,Y,N,0,124,0
B956,30,,0,,0,,N,B,N,N,0,124,0
T904,30,,0,,0,,N,B,N,N,0,124,0
P033,15,,0,,0,,N,B,Y,N,0,0,0
M7119,08,8M,0,,0,,N,B,Y,N,0,124,0
S3271,08,8R,0,,0,,6,B,Y,N,0,124,0
M8054,08,8E,0,,0,,N,B,Y,N,1,124,0
B964,30,,0,,0,,N,B,N,N,0,124,0
B965,30,,0,,0,,N,B,N,N,0,124,0
E630,10,10C,0,,0,E,N,B,Y,N,0,124,0
K080,03,3H,0,,0,,N,B,Y,Y,0,124,28
F199,20,20B,0,,0,,N,B,Y,N,0,124,0
Q142,02,2D,0,,0,,N,B,Y,N,0,124,0
R398,11,11F,0,,0,,N,B,Y,N,0,124,0
M8194,08,8J,0,,0,,N,B,Y,N,0,124,0
R203,01,1U,0,,0,,N,B,Y,N,0,124,0
K0980,03,3H,0,,0,,N,B,Y,N,0,124,0
K0378,03,3H,0,,0,,N,B,Y,Y,0,124,28
Z240,23,23D,0,,0,,N,B,Y,N,0,124,0
D685,16,16C,0,,0,,N,B,Y,N,0,124,0
O709,14,14A,0,,0,,N,F,Y,N,9,60,0
M530,01,1J,0,,0,,N,B,Y,N,0,124,0
M6288,08,8M,0,,0,,N,B,Y,N,0,124,0
A227,18,18A,0,,0,,N,B,Y,N,0,124,0
C001,03,3A,0,,0,,N,B,Y,N,0,124,0
M6519,08,8M,0,,0,,N,B,Y,N,0,124,0
N328,11,11H,0,,0,,N,B,Y,N,0,124,0
R190,06,6H,0,,0,,N,B,Y,N,0,124,0
M0213,08,8J,0,,0,,N,B,Y,N,0,124,0
Z913,30,,0,,0,,N,B,N,N,0,124,0
C008,03,3A,0,,0,,N,B,Y,N,0,124,0
C009,03,3A,0,,0,,N,B,Y,N,0,124,0
M9953,30,,0,,0,,N,B,N,N,0,124,0
T573,21,21C,0,,0,,N,B,Y,N,0,124,0
M752,08,8M,0,,0,,N,B,Y,N,0,124,0
L605,09,9D,0,,0,,N,B,Y,N,0,124,0
G634,01,1J,0,,0,,N,B,N,N,0,124,0
S42111,08,8Q,0,,0,,0,B,Y,N,0,124,0
M4707,01,1U,0,,0,,N,B,Y,N,0,124,0
K0312,03,3H,0,,0,,N,B,Y,Y,0,124,28
M8164,08,8J,0,,0,,N,B,Y,N,0,124,0
C030,03,3A,0,,0,,N,B,Y,N,0,124,0
S72418,08,8A,0,,0,,8,B,Y,N,0,124,0
S5311,08,8Q,0,,0,,0,B,Y,N,0,124,0
M4818,08,8H,0,,0,,N,B,Y,N,0,124,0
Q7138,08,8R,0,,0,,N,B,Y,N,0,124,0
M7959,08,8R,0,,0,,N,B,Y,N,0,124,0
Z9661,30,,0,,0,,N,B,N,N,0,124,0
P046,15,,0,,0,,N,B,Y,N,0,0,0
C052,03,3A,0,,0,,N,B,Y,N,0,124,0
M2411,08,8Q,0,,0,,N,B,Y,N,0,124,0
C059,03,3A,0,,0,,N,B,Y,N,0,124,0
K0703,03,3H,0,,0,,N,B,Y,N,0,124,0
M8565,08,8J,0,,0,,N,B,Y,N,0,124,0
B04,18,18F,0,,0,,N,B,Y,N,0,124,0
M5421,08,8H,0,,0,,N,B,Y,N,0,124,0
Q803,09,9B,0,,0,,N,B,Y,N,0,124,0
M6202,08,8M,0,,0,,N,B,Y,N,0,124,0
I7080,05,5F,0,,0,,N,B,Y,N,1,124,0
Z467,08,8N,0,,0,,N,B,Y,N,0,124,0
H604,03,3G,0,,0,,N,B,Y,N,0,124,0
C0620,03,3A,0,,0,,N,B,Y,N,0,124,0
C0621,03,3A,0,,0,,N,B,Y,N,0,124,0
O689,14,14A,0,,0,,N,F,Y,N,9,60,0
L242,09,9D,0,,0,,N,B,Y,N,0,124,0
M7649,08,8M,0,,0,,N,B,Y,N,0,124,0
B659,18,18H,0,,0,,N,B,Y,N,0,124,0
D297,12,12E,0,,0,,N,M,Y,N,0,124,0
N828,13,13F,0,,0,,N,F,Y,N,0,124,0
I692,01,1D,0,,0,,N,B,Y,N,0,124,0
T290,22,22C,0,,0,,N,B,Y,N,0,124,0
Z923,30,,0,,0,,N,B,N,N,0,124,0
K0045,03,3H,0,,0,,N,B,Y,Y,0,124,28
M4949,08,8H,0,,0,,N,B,N,N,0,124,0
M2459,08,8R,0,,0,,N,B,Y,N,0,124,0
C101,03,3A,0,,0,,N,B,Y,N,0,124,0
M0124,08,8G,0,,0,,N,B,N,N,0,124,0
A032,06,6G,0,,0,,N,B,Y,N,0,124,0
M7709,08,8M,0,,0,,N,B,Y,N,0,124,0
S5250,08,8P,0,,0,,0,B,Y,N,0,124,0
C881,17,17B,0,,0,,N,B,Y,N,0,124,0
T379,21,21C,0,,0,,N,B,Y,N,0,124,0
M4918,08,8H,0,,0,,N,B,N,N,0,124,0
C112,03,3A,0,,0,,N,B,Y,N,0,124,0
C434,09,9B,0,,0,,N,B,Y,N,0,124,0
C119,03,3A,0,,0,,N,B,Y,N,0,124,0
A054,06,6G,0,,0,,N,B,Y,N,0,124,0
T10,08,8Q,0,,0,,0,B,Y,N,0,124,0
Z858,30,,0,,0,,N,B,N,N,0,124,0
M0924,08,8J,0,,0,,N,B,N,N,0,124,0
O309,14,14B,0,,0,,N,F,Y,N,9,60,0
S497,21,21A,0,,0,,0,B,Y,N,0,124,0
Z041,21,21E,0,,0,,N,B,Y,N,0,124,0
A881,01,1U,0,,0,,N,B,Y,N,0,124,0
M7288,08,8M,0,,0,,N,B,Y,N,0,124,0
C620,12,12A,0,,0,,N,M,Y,N,0,124,0
F453,19,19D,0,,0,,N,B,Y,N,0,124,0
M6522,08,8M,0,,0,,N,B,Y,N,0,124,0
M6260,08,8M,0,,0,,N,B,Y,N,0,124,0
Q991,10,10E,0,,0,,N,B,Y,N,0,124,0
M030,08,8J,0,,0,,N,B,N,N,0,124,0
N065,11,11K,0,,0,,N,B,Y,N,0,124,0
Z638,23,23D,0,,0,,N,B,Y,N,0,124,0
K023,03,3H,0,,0,,N,B,Y,Y,0,124,28
M6250,08,8M,0,,0,,N,B,Y,N,0,124,0
M8888,08,8J,0,,0,,N,B,Y,N,0,124,0
K0882,03,3H,0,,0,,N,B,Y,Y,0,124,28
M9125,08,8J,0,,0,,N,B,Y,N,0,124,0
M5486,08,8H,0,,0,,N,B,Y,N,0,124,0
M8651,08,8D,0,,0,,N,B,Y,N,0,124,0
Z951,30,,0,,0,,N,B,N,N,0,124,0
A752,18,18H,0,,0,,N,B,Y,N,0,124,0
M6619,08,8M,0,,0,,N,B,Y,N,0,124,0
B850,09,9D,0,,0,,N,B,Y,N,0,124,0
D462,17,17B,0,,0,,N,B,Y,N,0,124,0
S0147,09,9H,0,,0,,0,B,Y,N,0,124,0
M7719,08,8M,0,,0,,N,B,Y,N,0,124,0
F439,19,19E,0,,0,,N,B,Y,N,0,124,0
O665,14,14A,0,,0,,N,F,Y,N,9,60,0
M8722,08,8J,0,,0,,N,B,Y,N,0,124,0
M8202,08,8J,0,,0,,N,B,N,N,0,124,0
M9052,08,8J,0,,0,,N,B,N,N,0,124,0
L819,09,9D,0,,0,,N,B,Y,N,0,124,0
M6524,08,8M,0,,0,,N,B,Y,N,0,124,0
K083,03,3H,0,,0,,N,B,Y,Y,0,124,28
J82,04,4P,0,,0,,N,B,Y,N,0,124,0
S42416,08,8Q,0,,0,,7,B,Y,N,0,124,0
Z223,23,23D,0,,0,,N,B,Y,N,0,124,0
K318,06,6H,0,,0,,N,B,Y,N,0,124,0
D097,17,17C,0,,0,,N,B,Y,N,0,124,0
S044,01,1J,0,,0,,0,B,Y,N,0,124,0
M7004,08,8M,0,,0,,N,B,Y,N,0,124,0
D269,13,13F,0,,0,,N,F,Y,N,0,124,0
K273,06,6D,0,,0,,N,B,Y,N,0,124,0
M1919,08,8J,0,,0,,N,B,Y,N,0,124,0
T476,21,21C,0,,0,,N,B,Y,N,0,124,0
Z574,23,23D,0,,0,,N,B,Y,N,0,124,0
O97,30,,0,,0,,N,F,N,N,9,60,0
A89,01,1K,0,,0,,N,B,Y,N,0,124,0
R8762,23,23B,0,,0,,N,F,Y,N,0,124,0
M7196,08,8M,0,,0,,N,B,Y,N,0,124,0
M0743,08,8J,0,,0,,N,B,N,N,16,124,0
M8693,08,8D,0,,0,,N,B,Y,N,0,124,0
Q3868,03,3H,0,,0,,N,B,Y,N,0,124,0
M9396,08,8J,0,,0,,N,B,Y,N,0,124,0
K1308,03,3H,0,,0,,N,B,Y,N,0,124,0
K914,06,6J,0,,0,,N,B,Y,N,0,124,0
R683,04,4Q,0,,0,,N,B,Y,N,0,124,0
B974,30,,0,,0,,N,B,N,N,0,124,0
M938,08,8J,0,,0,,N,B,Y,N,0,124,0
D128,06,6J,0,,0,,N,B,Y,N,0,124,0
M7686,08,8M,0,,0,,N,B,Y,N,0,124,0
B770,06,6L,0,,0,,N,B,Y,N,0,124,0
M8355,08,8J,0,,0,E,N,B,Y,N,16,124,0
M7982,08,8L,0,,0,,N,B,Y,N,0,124,0
S759,21,21A,0,,0,,0,B,Y,N,0,124,0
M6142,08,8M,0,,0,,N,B,Y,N,0,124,0
I878,05,5G,0,,0,,N,B,Y,N,0,124,0
E643,08,8J,0,,0,E,N,B,Y,N,0,124,0
M7967,08,8L,0,,0,,N,B,Y,N,0,124,0
M7934,09,9C,0,,0,,N,B,Y,N,0,124,0
N369,11,11H,0,,0,,N,B,Y,N,0,124,0
R935,06,6H,0,,0,,N,B,Y,N,0,124,0
P242,15,,0,,0,,N,B,Y,N,0,0,0
S52109,08,8P,0,,0,,0,B,Y,N,0,124,0
T180,03,3H,0,,0,,N,B,Y,N,0,124,0
L441,09,9D,0,,0,,N,B,Y,N,0,124,0
M058,08,8F,0,,0,,N,B,Y,N,0,124,0
C399,04,4M,0,,0,,N,B,Y,N,0,124,0
D414,11,11C,0,,0,,N,B,Y,N,0,124,0
C401,08,8E,0,,0,,N,B,Y,N,0,124,0
L985,09,9D,0,,0,,N,B,Y,N,0,124,0
M6725,08,8M,0,,0,,N,B,Y,N,0,124,0
L200,09,9D,0,,0,,N,B,Y,N,0,124,0
G723,01,1U,0,,0,,N,B,Y,N,0,124,0
C448,09,9B,0,,0,C,N,B,Y,N,0,124,0
K402,06,6J,0,,0,,N,B,Y,N,0,124,0
A590,13,13D,0,,0,,N,B,Y,N,0,124,0
I249,05,5N,0,,0,,N,B,Y,N,1,124,0
M8139,08,8J,0,,0,,N,B,Y,N,0,124,0
B973,30,,0,,0,,N,B,N,N,0,124,0
C4119,08,8E,0,,0,,N,B,Y,N,0,124,0
M4389,08,8H,0,,0,,N,B,Y,N,0,124,0
M9066,08,8J,0,,0,,N,B,N,N,0,124,0
C414,08,8E,0,,0,,N,B,Y,N,0,124,0
M4152,08,8H,0,,0,,N,B,Y,N,0,124,0
C670,11,11C,0,,0,,N,B,Y,N,0,124,0
O100,14,14B,0,,0,,N,F,Y,N,9,60,0
C431,02,2E,0,,0,,N,B,Y,N,0,124,0
A300,18,18H,0,,0,,N,B,Y,N,0,124,0
M0127,08,8G,0,,0,,N,B,N,N,0,124,0
M451,08,8F,0,,0,,N,B,Y,N,16,124,0
C435,09,9B,0,,0,,N,B,Y,N,0,124,0
C436,09,9B,0,,0,,N,B,Y,N,0,124,0
L602,09,9D,0,,0,,N,B,Y,N,0,124,0
C439,09,9B,0,,0,,N,B,Y,N,0,124,0
Q513,13,13F,0,,0,,N,F,Y,N,0,124,0
A699,18,18H,0,,0,,N,B,Y,N,0,124,0
N858,13,13F,0,,0,,N,F,Y,N,0,124,0
L413,09,9B,0,,0,,N,B,Y,N,0,124,0
M4793,08,8H,0,,0,,N,B,Y,N,0,124,0
C446,09,9B,0,,0,C,N,B,Y,N,0,124,0
J303,03,3D,0,,0,,N,B,Y,N,0,124,0
M073,08,8F,0,,0,,N,B,N,N,0,124,0
M4943,08,8H,0,,0,,N,B,N,N,0,124,0
Z21,18,18F,0,,0,,N,B,Y,N,0,124,0
D1640,08,8R,0,,0,,N,B,Y,N,0,124,0
Z929,30,,0,,0,,N,B,N,N,0,124,0
M357,08,8F,0,,0,,N,B,Y,N,0,124,0
C461,09,9B,0,,0,C,N,B,Y,N,0,124,0
M8665,08,8D,0,,0,,N,B,Y,N,0,124,0
Q804,09,9B,0,,0,,N,B,Y,N,0,124,0
J300,03,3D,0,,0,,N,B,Y,N,0,124,0
M8997,08,8R,0,,0,,N,B,Y,N,0,124,0
M6889,08,8M,0,,0,,N,B,N,N,0,124,0
M700,08,8M,0,,0,,N,B,Y,N,0,124,0
C471,08,8E,0,,0,,N,B,Y,N,0,124,0
I10,05,5H,0,,0,,N,B,Y,N,1,124,0
D013,06,6A,0,,0,,N,B,Y,N,0,124,0
U839,30,,0,,0,,N,B,N,N,0,124,0
R520,23,23B,0,,0,,N,B,Y,N,0,124,0
C476,08,8E,0,,0,,N,B,Y,N,0,124,0
C478,08,8E,0,,0,,N,B,Y,N,0,124,0
G310,01,1D,0,,0,,N,B,Y,N,1,124,0
T027,21,21A,0,,0,,8,B,Y,N,0,124,0
D580,16,16A,0,,0,,N,B,Y,N,0,124,0
C482,06,6A,0,,0,,N,B,Y,N,0,124,0
M8167,08,8J,0,,0,,N,B,Y,N,0,124,0
A562,13,13E,0,,0,,N,B,Y,N,0,124,0
Z743,23,23D,0,,0,,N,B,Y,N,0,124,0
C493,08,8E,0,,0,,N,B,Y,N,0,124,0
M9013,08,8D,0,,0,,N,B,N,N,0,124,0
G254,01,1U,0,,0,,N,B,Y,N,0,124,0
S42319,08,8Q,0,,0,,7,B,Y,N,0,124,0
G938,01,1H,0,,0,,N,B,Y,N,0,124,0
M2468,08,8J,0,,0,,N,B,Y,N,0,124,0
L948,09,9D,0,,0,,N,B,Y,N,0,124,0
N309,11,11D,0,,0,,N,B,Y,N,0,124,0
Z129,23,23D,0,,0,,N,B,Y,N,0,124,0
M068,08,8F,0,,0,,N,B,Y,N,0,124,0
M5321,08,8H,0,,0,,N,B,Y,N,0,124,0
M230,08,8Q,0,,0,,N,B,Y,N,0,124,0
M0627,08,8F,0,,0,,N,B,Y,N,0,124,0
N649,09,9F,0,,0,,N,B,Y,N,0,124,0
F509,19,19G,0,,0,,N,B,Y,N,0,124,0
M8333,08,8J,0,,0,,N,B,Y,N,16,124,0
M9993,30,,0,,0,,N,B,N,N,0,124,0
M1046,08,8J,0,,0,,N,B,Y,N,0,124,0
H598,02,2C,0,,0,,N,B,Y,N,0,124,0
T191,11,11H,0,,0,,N,B,Y,N,0,124,0
K046,03,3H,0,,0,,N,B,Y,Y,0,124,28
Z610,23,23D,0,,0,,N,B,Y,N,0,124,0
Q621,11,11H,0,,0,,N,B,Y,N,0,124,0
M9903,30,,0,,0,,N,B,N,N,0,124,0
C542,13,13A,0,,0,,N,F,Y,N,0,124,0
C543,13,13A,0,,0,,N,F,Y,N,0,124,0
M8528,08,8R,0,,0,,N,B,Y,N,0,124,0
M0812,08,8F,0,,0,,N,B,Y,N,0,124,0
C55,13,13A,0,,0,,N,F,Y,N,0,124,0
E59,10,10C,0,,0,E,N,B,Y,N,0,124,0
F986,19,19L,0,,0,,N,B,Y,N,0,124,0
K871,07,7C,0,,0,,N,B,N,N,0,124,0
R262,08,8L,0,,0,,N,B,Y,N,0,124,0
C577,13,13A,0,,0,,N,F,Y,N,0,124,0
C578,13,13A,0,,0,,N,F,Y,N,0,124,0
R14,06,6H,0,,0,,N,B,Y,N,0,124,0
M8352,08,8J,0,,0,E,N,B,Y,N,16,124,0
C470,08,8E,0,,0,,N,B,Y,N,0,124,0
R298,01,1U,0,,0,,N,B,Y,N,0,124,0
C602,12,12A,0,,0,,N,M,Y,N,0,124,0
M091,08,8J,0,,0,,N,B,N,N,0,124,0
M9045,08,8J,0,,0,,N,B,N,N,0,124,0
C61,12,12A,0,,0,,N,M,Y,N,1,124,0
E642,10,10C,0,,0,E,N,B,Y,N,0,124,0
C621,12,12A,0,,0,,N,M,Y,N,0,124,0
K626,06,6J,0,,0,,N,B,Y,N,0,124,0
B957,30,,0,,0,,N,B,N,N,0,124,0
Q622,11,11H,0,,0,,N,B,Y,N,0,124,0
T549,21,21C,0,,0,,N,B,Y,N,0,124,0
M0218,08,8J,0,,0,,N,B,Y,N,0,124,0
L432,09,9C,0,,0,,N,B,Y,N,0,124,0
M8038,08,8E,0,,0,,N,B,Y,N,0,124,0
M4329,08,8H,0,,0,,N,B,Y,N,0,124,0
F4480,19,19F,0,,0,,N,B,Y,N,0,124,0
T203,22,22B,0,,0,,N,B,Y,N,0,124,0
O717,14,14A,0,,0,,N,F,Y,N,9,60,0
H409,02,2D,0,,0,,N,B,Y,Y,0,124,28
O986,14,14B,0,,0,,N,F,Y,N,9,60,0
C677,11,11C,0,,0,,N,B,Y,N,0,124,0
Z946,30,,0,,0,,N,B,N,N,0,124,0
M9067,08,8J,0,,0,,N,B,N,N,0,124,0
Z910,30,,0,,0,,N,B,N,N,0,124,0
M6145,08,8M,0,,0,,N,B,Y,N,0,124,0
M4312,08,8H,0,,0,,N,B,Y,N,0,124,0
C689,11,11C,0,,0,,N,B,Y,N,0,124,0
R846,04,4M,0,,0,,N,B,Y,N,0,124,0
O338,14,14B,0,,0,,N,F,Y,N,9,60,0
C693,02,2E,0,,0,,N,B,Y,N,0,124,0
M9068,08,8J,0,,0,,N,B,N,N,0,124,0
T751,21,21E,0,,0,,N,B,Y,N,0,124,0
S52509,08,8P,0,,0,,0,B,Y,N,0,124,0
C698,02,2E,0,,0,,N,B,Y,N,0,124,0
M6628,08,8M,0,,0,,N,B,Y,N,0,124,0
M992,30,,0,,0,,N,B,N,N,0,124,0
D443,10,10E,0,,0,,N,B,Y,N,0,124,0
T629,21,21C,0,,0,,N,B,Y,N,0,124,0
T958,30,,0,,0,,N,B,N,N,0,124,0
F4538,19,19D,0,,0,,N,B,Y,N,0,124,0
Q064,01,1U,0,,0,,N,B,Y,N,0,124,0
M7081,08,8M,0,,0,,N,B,Y,N,0,124,0
Q446,07,7D,0,,0,,N,B,Y,N,0,124,0
N731,13,13E,0,,0,,N,F,Y,N,0,124,0
D748,16,16A,0,,0,,N,B,Y,N,0,124,0
M455,08,8F,0,,0,,N,B,Y,N,16,124,0
M472,08,8H,0,,0,,N,B,Y,N,0,124,0
K0119,03,3H,0,,0,,N,B,Y,Y,0,124,28
M851,08,8R,0,,0,,N,B,Y,N,0,124,0
D031,02,2E,0,,0,,N,B,Y,N,0,124,0
L14,09,9B,0,,0,,N,B,N,N,0,124,0
M613,08,8M,0,,0,,N,B,Y,N,0,124,0
C729,01,1C,0,,0,,N,B,Y,N,0,124,0
C73,10,10E,0,,0,,N,B,Y,N,0,124,0
E351,10,10E,0,,0,,N,B,N,N,0,124,0
M0293,08,8J,0,,0,,N,B,Y,N,0,124,0
N642,09,9F,0,,0,,N,B,Y,N,0,124,0
G822,01,1A,0,,0,,N,B,Y,N,0,124,0
M2593,08,8L,0,,0,,N,B,Y,N,0,124,0
D356,01,1C,0,,0,,N,B,Y,N,0,124,0
T234,22,22C,0,,0,,N,B,Y,N,0,124,0
M1987,08,8J,0,,0,,N,B,Y,N,0,124,0
K069,03,3H,0,,0,,N,B,Y,Y,0,124,28
F2041,19,19B,0,,0,,N,B,Y,N,0,124,0
L302,09,9C,0,,0,,N,B,Y,N,0,124,0
M0625,08,8F,0,,0,,N,B,Y,N,0,124,0
Q654,08,8R,0,,0,,N,B,Y,N,0,124,0
K1324,03,3H,0,,0,E,N,B,Y,N,0,124,0
C764,17,17C,0,,0,,N,B,Y,N,0,124,0
H494,02,2B,0,,0,,N,B,Y,N,0,124,0
T651,21,21C,0,,0,,N,B,Y,N,0,124,0
D760,16,16C,0,,0,,N,B,Y,N,0,124,0
M8047,08,8E,0,,0,,N,B,Y,N,0,124,0
Q830,09,9F,0,,0,,N,B,Y,N,0,124,0
M0631,08,8F,0,,0,,N,B,Y,N,0,124,0
M9996,30,,0,,0,,N,B,N,N,0,124,0
Q961,12,12E,0,,0,,N,B,Y,N,0,124,0
M415,08,8H,0,,0,,N,B,Y,N,0,124,0
M8691,08,8D,0,,0,,N,B,Y,N,0,124,0
M0685,08,8F,0,,0,,N,B,Y,N,16,124,0
R840,23,23B,0,,0,,N,B,Y,N,0,124,0
M6155,08,8M,0,,0,,N,B,Y,N,0,124,0
S217,21,21A,0,,0,,0,B,Y,N,0,124,0
J451,04,4K,0,,0,,N,B,Y,N,0,124,0
S9231,08,8P,0,,0,,0,B,Y,N,0,124,0
J635,04,4P,0,,0,,N,B,Y,N,1,124,0
F446,19,19F,0,,0,,N,B,Y,N,0,124,0
D129,06,6J,0,,0,,N,B,Y,N,0,124,0
K633,06,6J,0,,0,,N,B,Y,N,0,124,0
Q521,13,13F,0,,0,,N,F,Y,N,0,124,0
P269,15,,0,,0,,N,B,Y,N,0,0,0
T311,22,22B,0,,0,,N,B,Y,N,0,124,0
O312,14,14B,0,,0,,N,F,Y,N,9,60,0
O642,14,14A,0,,0,,N,F,Y,N,9,60,0
E741,06,6H,0,,0,,N,B,Y,N,0,124,0
Q314,03,3G,0,,0,,N,B,Y,N,0,124,0
M0184,08,8G,0,,0,,N,B,N,N,0,124,0
A528,18,18H,0,,0,,N,B,Y,N,16,124,0
S7082,09,9H,0,,0,,0,B,Y,N,0,124,0
G130,01,1U,0,,0,,N,B,N,N,0,124,0
M821,08,8J,0,,0,,N,B,N,N,0,124,0
Q8284,09,9D,0,,0,,N,B,Y,N,0,124,0
M4700,01,1U,0,,0,,N,B,Y,N,0,124,0
M8730,08,8J,0,,0,,N,B,Y,N,0,124,0
S52301,08,8P,0,,0,,0,B,Y,N,0,124,0
Q044,01,1U,0,,0,,N,B,Y,N,0,124,0
T346,21,21E,0,,0,,N,B,Y,N,0,124,0
M2114,08,8R,0,,0,,N,B,Y,N,0,124,0
Q897,15,,0,,0,,N,B,Y,N,0,124,0
M0926,08,8J,0,,0,,N,B,N,N,0,124,0
M1907,08,8J,0,,0,,N,B,Y,N,0,124,0
K600,06,6J,0,,0,,N,B,Y,N,0,124,0
F985,19,19L,0,,0,,N,B,Y,N,0,124,0
N859,13,13F,0,,0,,N,F,Y,N,0,124,0
S960,08,8Q,0,,0,,0,B,Y,N,0,124,0
N751,13,13D,0,,0,,N,F,Y,N,0,124,0
M814,08,8J,0,,0,,N,B,Y,N,0,124,0
Z622,23,23D,0,,0,,N,B,Y,N,0,124,0
D407,12,12A,0,,0,,N,M,Y,N,0,124,0
M8661,08,8D,0,,0,,N,B,Y,N,0,124,0
S52202,08,8P,0,,0,,0,B,Y,N,0,124,0
Q669,08,8R,0,,0,,N,B,Y,N,0,124,0
M8557,08,8J,0,,0,,N,B,Y,N,0,124,0
H905,03,3G,0,,0,,N,B,Y,N,0,124,0
M1992,08,8J,0,,0,,N,B,Y,N,0,124,0
B952,30,,0,,0,,N,B,N,N,0,124,0
G737,01,1U,0,,0,,N,B,N,N,0,124,0
P080,15,,0,,0,,N,B,Y,N,0,0,0
K382,06,6J,0,,0,,N,B,Y,N,0,124,0
F3301,19,19C,0,,0,,N,B,Y,N,0,124,0
M4009,08,8H,0,,0,,N,B,Y,N,0,124,0
B480,18,18G,0,,0,,N,B,Y,N,0,124,0
M2381,08,8Q,0,,0,,N,B,Y,N,0,124,0
J984,04,4Q,0,,0,,N,B,Y,N,0,124,0
J382,03,3G,0,,0,,N,B,Y,N,0,124,0
M8534,08,8J,0,,0,,N,B,Y,N,0,124,0
Q988,12,12E,0,,0,,N,B,Y,N,0,124,0
T242,22,22C,0,,0,,N,B,Y,N,0,124,0
M4980,08,8H,0,,0,,N,B,N,N,0,124,0
M719,08,8M,0,,0,,N,B,Y,N,0,124,0
C260,06,6A,0,,0,,N,B,Y,N,0,124,0
N951,13,13F,0,,0,,N,F,Y,N,31,124,0
K0511,03,3H,0,,0,,N,B,Y,Y,0,124,28
Z631,23,23D,0,,0,,N,B,Y,N,0,124,0
M8163,08,8J,0,,0,,N,B,Y,N,0,124,0
S930,08,8Q,0,,0,,0,B,Y,N,0,124,0
S841,01,1J,0,,0,,8,B,Y,N,0,124,0
P153,15,,0,,0,,N,B,Y,N,0,0,0
G533,01,1J,0,,0,,N,B,N,N,0,124,0
J929,04,4C,0,,0,,N,B,Y,N,0,124,0
M9971,30,,0,,0,,N,B,N,N,0,124,0
D374,06,6A,0,,0,,N,B,Y,N,0,124,0
Q851,01,1U,0,,0,,N,B,Y,N,0,124,0
G830,01,1A,0,,0,,N,B,Y,N,0,124,0
M6738,08,8M,0,,0,,N,B,Y,N,0,124,0
M8916,08,8R,0,,0,,N,B,Y,N,0,19,0
I671,01,1F,0,,0,,N,B,Y,N,0,124,0
I288,05,5R,0,,0,,N,B,Y,N,0,124,0
Z124,23,23D,0,,0,,N,F,Y,N,0,124,0
M2385,08,8Q,0,,0,,N,B,Y,N,0,124,0
B851,09,9D,0,,0,,N,B,Y,N,0,124,0
M8902,08,8R,0,,0,,N,B,Y,N,0,124,0
M7040,08,8M,0,,0,,N,B,Y,N,0,124,0
O048,14,14H,0,,0,,N,F,Y,N,9,60,0
M8398,08,8J,0,,0,,N,B,Y,N,16,124,0
N958,13,13F,0,,0,,N,F,Y,N,31,124,0
M5399,08,8H,0,,0,,N,B,Y,N,0,124,0
K0721,03,3H,0,,0,,N,B,Y,Y,0,124,28
A239,18,18H,0,,0,,N,B,Y,N,0,124,0
F3310,19,19C,0,,0,,N,B,Y,N,0,124,0
H450,02,2C,0,,0,,N,B,N,N,0,124,0
H903,03,3G,0,,0,,N,B,Y,N,0,124,0
A563,06,6J,0,,0,,N,B,Y,N,1,124,0
S6220,08,8P,0,,0,,0,B,Y,N,0,124,0
L569,09,9D,0,,0,,N,B,Y,N,0,124,0
M4154,08,8H,0,,0,,N,B,Y,N,0,124,0
Q559,12,12E,0,,0,,N,M,Y,N,0,124,0
K1304,03,3H,0,,0,,N,B,Y,N,0,124,0
M912,08,8J,0,,0,,N,B,Y,N,0,124,0
S548,01,1J,0,,0,,0,B,Y,N,0,124,0
S5251,08,8P,0,,0,,7,B,Y,N,0,124,0
F2040,19,19B,0,,0,,N,B,Y,N,0,124,0
G218,01,1D,0,,0,,N,B,Y,N,0,124,0
L049,16,16C,0,,0,E,N,B,Y,N,0,124,0
T674,21,21E,0,,0,,N,B,Y,N,0,124,0
H428,02,2D,0,,0,,N,B,N,Y,0,124,28
M8953,08,8R,0,,0,,N,B,Y,N,0,124,0
R99,23,23D,0,,0,,N,B,Y,N,0,124,0
F330,19,19C,0,,0,,N,B,Y,N,0,124,0
S52108,08,8P,0,,0,,0,B,Y,N,0,124,0
H405,02,2D,0,,0,,N,B,Y,Y,0,124,28
Q185,03,3H,0,,0,,N,B,Y,N,0,124,0
M8096,08,8E,0,,0,,N,B,Y,N,0,124,0
K0528,03,3H,0,,0,,N,B,Y,Y,0,124,28
H612,03,3G,0,,0,,N,B,Y,N,0,124,0
P209,15,,0,,0,,N,B,Y,N,0,0,0
G519,01,1J,0,,0,,N,B,Y,N,0,124,0
K519,06,6E,0,,0,,N,B,Y,N,0,124,0
Q549,12,12E,0,,0,,N,M,Y,N,0,124,0
Q675,08,8R,0,,0,,N,B,Y,N,0,124,0
S223,04,4Q,0,,0,,0,B,Y,N,0,124,0
H356,02,2D,0,,0,,N,B,Y,N,0,124,0
G563,01,1J,0,,0,,N,B,Y,N,0,124,0
K1370,03,3H,0,,0,,N,B,Y,N,0,124,0
H353,02,2D,0,,0,,N,B,Y,N,0,124,0
Z818,23,23D,0,,0,,N,B,Y,N,0,124,0
M031,08,8J,0,,0,,N,B,N,N,0,124,0
H350,02,2D,0,,0,E,N,B,Y,N,0,124,0
H349,02,2B,0,,0,,N,B,Y,N,0,124,0
M0084,08,8G,0,,0,,N,B,Y,N,0,124,0
M401,08,8H,0,,0,,N,B,Y,N,0,124,0
K038,03,3H,0,,0,,N,B,Y,Y,0,124,28
A46,09,9G,0,,0,,N,B,Y,N,0,124,0
H334,02,2C,0,,0,,N,B,Y,N,0,124,0
E02,10,10E,0,,0,,N,B,Y,N,0,124,0
M088,08,8F,0,,0,,N,B,Y,N,0,124,0
M548,08,8H,0,,0,,N,B,Y,N,0,124,0
D074,12,12A,0,,0,,N,M,Y,N,0,124,0
T199,11,11H,0,,0,,N,B,Y,N,0,124,0
G831,01,1U,0,,0,,N,B,Y,N,0,124,0
D171,09,9D,0,,0,,N,B,Y,N,0,124,0
D360,16,16C,0,,0,,N,B,Y,N,0,124,0
N744,13,13E,0,,0,,N,F,N,N,0,124,0
Q630,11,11H,0,,0,,N,B,Y,N,0,124,0
H310,02,2C,0,,0,,N,B,Y,N,0,124,0
F068,19,19K,0,,0,B,N,B,Y,N,0,124,0
Z584,23,23D,0,,0,,N,B,Y,N,0,124,0
H301,02,2D,0,,0,E,N,B,Y,N,0,124,0
Z542,23,23D,0,,0,,N,B,Y,N,0,124,0
M4936,08,8H,0,,0,,N,B,N,N,0,124,0
M2185,08,8R,0,,0,,N,B,Y,N,0,124,0
M402,08,8H,0,,0,,N,B,Y,N,0,124,0
M250,08,8J,0,,0,,N,B,Y,N,0,124,0
H271,02,2D,0,,0,,N,B,Y,N,0,124,0
H270,02,2D,0,,0,,N,B,Y,N,0,124,0
H358,02,2D,0,,0,,N,B,Y,N,0,124,0
Q162,03,3G,0,,0,,N,B,Y,N,0,124,0
T635,21,21C,0,,0,,N,B,Y,N,0,124,0
M6023,08,8M,0,,0,,N,B,Y,N,0,124,0
P112,15,,0,,0,,N,B,Y,N,0,0,0
M8885,08,8J,0,,0,,N,B,Y,N,0,124,0
T472,21,21C,0,,0,,N,B,Y,N,0,124,0
M0301,08,8J,0,,0,,N,B,N,N,0,124,0
H519,02,2D,0,,0,,N,B,Y,N,0,124,0
R011,05,5K,0,,0,,N,B,Y,N,0,124,0
M6515,08,8M,0,,0,,N,B,Y,N,0,124,0
M0154,08,8J,0,,0,,N,B,N,N,0,124,0
G901,01,1U,0,,0,,N,B,Y,N,0,124,0
S620,08,8P,0,,0,,0,B,Y,N,0,124,0
M4835,08,8H,0,,0,,N,B,Y,N,0,124,0
M6713,08,8M,0,,0,,N,B,Y,N,0,124,0
M4791,08,8H,0,,0,,N,B,Y,N,0,124,0
K439,06,6J,0,,0,,N,B,Y,N,0,124,0
Q751,08,8R,0,,0,,N,B,Y,N,0,124,0
R688,23,23B,0,,0,,N,B,Y,N,0,124,0
M0150,08,8J,0,,0,,N,B,N,N,0,124,0
N908,13,13F,0,,0,,N,F,Y,N,0,124,0
I7021,05,5F,0,,0,,N,B,Y,N,1,124,0
R853,23,23B,0,,0,,N,B,Y,N,0,124,0
C412,08,8E,0,,0,,N,B,Y,N,0,124,0
M9909,30,,0,,0,,N,B,N,N,0,124,0
N600,09,9F,0,,0,,N,B,Y,N,0,124,0
M8000,08,8E,0,,0,,N,F,Y,N,31,124,0
M7257,08,8M,0,,0,,N,B,Y,N,0,124,0
M0696,08,8F,0,,0,,N,B,Y,N,16,124,0
M7295,08,8M,0,,0,,N,B,Y,N,0,124,0
T226,22,22C,0,,0,,N,B,Y,N,0,124,0
S7080,09,9H,0,,0,,0,B,Y,N,0,124,0
M859,08,8R,0,,0,,N,B,Y,N,0,124,0
O712,14,14C,0,,0,,N,F,Y,N,9,60,0
H179,02,2D,0,,0,,N,B,Y,N,0,124,0
A207,18,18A,0,,0,,N,B,Y,N,0,124,0
H171,02,2D,0,,0,,N,B,Y,N,0,124,0
A278,18,18K,0,,0,,N,B,Y,N,0,124,0
M7268,08,8M,0,,0,,N,B,Y,N,0,124,0
M2402,08,8R,0,,0,,N,B,Y,N,0,124,0
H163,02,2A,0,,0,,N,B,Y,N,0,124,0
N924,13,13F,0,,0,,N,F,Y,N,1,124,0
H161,02,2D,0,,0,,N,B,Y,N,0,124,0
H160,02,2A,0,,0,,N,B,Y,N,0,124,0
H159,02,2D,0,,0,,N,B,Y,N,0,124,0
H158,02,2D,0,,0,,N,B,Y,N,0,124,0
M7906,08,8L,0,,0,,N,B,Y,N,0,124,0
E042,10,10E,0,,0,,N,B,Y,N,0,124,0
E859,08,8S,0,,0,,N,B,Y,N,0,124,0
Z458,23,23D,0,,0,,N,B,Y,N,0,124,0
A838,01,1K,0,,0,,N,B,Y,N,0,124,0
K0318,03,3H,0,,0,,N,B,Y,Y,0,124,28
E720,10,10D,0,,0,,N,B,Y,N,0,124,0
K0620,03,3H,0,,0,,N,B,Y,Y,0,124,28
D293,12,12E,0,,0,,N,M,Y,N,0,124,0
R103,06,6K,0,,0,,N,B,Y,N,0,124,0
H111,02,2D,0,,0,,N,B,Y,N,0,124,0
H110,02,2D,0,,0,,N,B,Y,N,0,124,0
M8288,08,8J,0,,0,,N,B,N,N,0,124,0
H105,02,2D,0,,0,,N,B,Y,N,0,124,0
H104,02,2D,0,,0,,N,B,Y,N,0,124,0
Q8704,08,8R,0,,0,,N,B,Y,N,0,124,0
M9484,08,8R,0,,0,,N,B,Y,N,0,124,0
H101,02,2D,0,,0,,N,B,Y,N,0,124,0
H063,02,2D,0,,0,,N,B,N,N,0,124,0
T064,08,8R,0,,0,,0,B,Y,N,0,124,0
M8580,08,8R,0,,0,,N,B,Y,N,0,124,0
H060,02,2D,0,,0,,N,B,N,N,0,124,0
D162,08,8R,0,,0,,N,B,Y,N,0,124,0
G242,01,1D,0,,0,,N,B,Y,N,0,124,0
H055,02,2C,0,,0,,N,B,Y,N,0,124,0
Q318,03,3G,0,,0,,N,B,Y,N,0,124,0
M8188,08,8J,0,,0,,N,B,Y,N,0,124,0
M6213,08,8M,0,,0,,N,B,Y,N,0,124,0
K0680,03,3H,0,,0,,N,B,Y,Y,0,124,28
M7300,08,8G,0,,0,,N,B,N,N,0,124,0
N481,12,12C,0,,0,,N,M,Y,N,0,124,0
B3705,03,3H,0,,0,D,N,B,Y,N,0,124,0
I658,01,1G,0,,0,,N,B,Y,N,0,124,0
H042,02,2D,0,,0,,N,B,Y,N,0,124,0
H041,02,2D,0,,0,,N,B,Y,N,0,124,0
Z904,30,,0,,0,,N,B,N,N,0,124,0
M8656,08,8D,0,,0,,N,B,Y,N,0,124,0
Q937,19,19K,0,,0,,N,B,Y,N,0,124,0
E048,10,10E,0,,0,,N,B,Y,N,0,124,0
C762,06,6A,0,,0,,N,B,Y,N,0,124,0
M892,08,8R,0,,0,,N,B,Y,N,0,124,0
M258,08,8L,0,,0,,N,B,Y,N,0,124,0
O229,14,14B,0,,0,,N,F,Y,N,9,60,0
H830,03,3B,0,,0,,N,B,Y,N,0,124,0
M7679,08,8M,0,,0,,N,B,Y,N,0,124,0
M6019,08,8M,0,,0,,N,B,Y,N,0,124,0
H022,02,2D,0,,0,,N,B,Y,N,0,124,0
H021,02,2D,0,,0,,N,B,Y,N,0,124,0
Z840,23,23D,0,,0,,N,B,Y,N,0,124,0
K112,03,3E,0,,0,,N,B,Y,N,0,124,0
P832,15,,0,,0,,N,B,Y,N,0,0,0
S312,12,12E,0,,0,,0,M,Y,N,0,124,0
P154,15,,0,,0,,N,B,Y,N,0,0,0
H000,02,2D,0,,0,,N,B,Y,N,0,124,0
M9992,30,,0,,0,,N,B,N,N,0,124,0
T405,21,21C,0,,0,,N,B,Y,N,0,124,0
A321,18,18H,0,,0,,N,B,Y,N,0,124,0
M812,08,8J,0,,0,,N,B,Y,N,0,124,0
R068,04,4H,0,,0,,N,B,Y,N,0,124,0
M1216,08,8J,0,,0,,N,B,Y,N,0,124,0
M4144,08,8H,0,,0,,N,B,Y,N,0,124,0
N810,13,13F,0,,0,,N,F,Y,N,1,124,0
G961,01,1U,0,,0,,N,B,Y,N,0,124,0
M1233,08,8J,0,,0,,N,B,Y,N,0,124,0
M8356,08,8J,0,,0,E,N,B,Y,N,16,124,0
Z716,23,23D,0,,0,,N,B,Y,N,0,124,0
E071,10,10E,0,,0,,N,B,Y,N,0,124,0
F530,19,19D,0,,0,,N,F,Y,N,9,60,0
G950,01,1D,0,,0,,N,B,Y,N,0,124,0
S323,08,8B,0,,0,,6,B,Y,N,0,124,0
E721,10,10D,0,,0,,N,B,Y,N,0,124,0
H921,03,3G,0,,0,,N,B,Y,N,0,124,0
M4656,08,8H,0,,0,,N,B,Y,N,0,124,0
O842,14,14A,0,,0,,N,F,Y,N,9,60,0
M9486,08,8R,0,,0,,N,B,Y,N,0,124,0
M190,08,8J,0,,0,,N,B,Y,N,0,124,0
M061,08,8S,0,,0,,N,B,Y,N,0,124,0
A484,18,18A,0,,0,,N,B,Y,N,0,124,0
M4604,08,8H,0,,0,,N,B,Y,N,0,124,0
M7993,08,8L,0,,0,,N,B,Y,N,0,124,0
G930,01,1U,0,,0,,N,B,Y,N,0,124,0
H480,02,2B,0,,0,,N,B,N,N,0,124,0
I517,05,5G,0,,0,,N,B,Y,N,0,124,0
K091,03,3H,0,,0,,N,B,Y,N,0,124,0
B814,18,18H,0,,0,,N,B,Y,N,0,124,0
M4641,08,8H,0,,0,,N,B,Y,N,0,124,0
M8589,08,8R,0,,0,,N,B,Y,N,0,124,0
M233,08,8Q,0,,0,,N,B,Y,N,0,124,0
G902,01,1J,0,,0,,N,B,Y,N,0,124,0
G900,01,1J,0,,0,,N,B,Y,N,0,124,0
F1221,20,20F,0,,0,,N,B,Y,N,0,124,0
M138,08,8J,0,,0,,N,B,Y,N,0,124,0
G834,01,1J,0,,0,,N,B,Y,N,0,124,0
M0591,08,8F,0,,0,,N,B,Y,N,16,124,0
G832,01,1U,0,,0,,N,B,Y,N,0,124,0
K029,03,3H,0,,0,,N,B,Y,Y,0,124,28
M707,08,8M,0,,0,,N,B,Y,N,0,124,0
Z802,23,23D,0,,0,,N,B,Y,N,0,124,0
S5220,08,8P,0,,0,,0,B,Y,N,0,124,0
M7075,08,8M,0,,0,,N,B,Y,N,0,124,0
M189,08,8J,0,,0,,N,B,Y,N,0,124,0
P508,15,,0,,0,,N,B,Y,N,0,0,0
N820,13,13F,0,,0,,N,F,Y,N,0,124,0
D239,09,9D,0,,0,,N,B,Y,N,0,124,0
J660,04,4P,0,,0,,N,B,Y,N,1,124,0
M2465,08,8J,0,,0,,N,B,Y,N,0,124,0
H260,02,2D,0,,0,,N,B,Y,N,0,124,0
K0760,03,3H,0,,0,,N,B,Y,Y,0,124,28
N882,13,13F,0,,0,,N,F,Y,N,0,124,0
K0048,03,3H,0,,0,,N,B,Y,Y,0,124,28
M6157,08,8M,0,,0,,N,B,Y,N,0,124,0
K1309,03,3H,0,,0,,N,B,Y,N,0,124,0
G734,01,1U,0,,0,,N,B,N,N,0,124,0
M2154,01,1J,0,,0,,N,B,Y,N,0,124,0
I250,05,5G,0,,0,,N,B,Y,N,1,124,0
F607,19,19H,0,,0,,N,B,Y,N,0,124,0
M166,08,8J,0,,0,,N,B,Y,N,0,124,0
H168,02,2A,0,,0,,N,B,Y,N,0,124,0
J324,03,3D,0,,0,,N,B,Y,N,0,124,0
M7912,08,8L,0,,0,,N,B,Y,N,0,124,0
M6122,08,8M,0,,0,,N,B,Y,N,0,124,0
M9984,30,,0,,0,,N,B,N,N,0,124,0
M7639,08,8M,0,,0,,N,B,Y,N,0,124,0
M7667,08,8M,0,,0,,N,B,Y,N,0,124,0
M8684,08,8D,0,,0,,N,B,Y,N,0,124,0
S040,01,1J,0,,0,,0,B,Y,N,0,124,0
S097,21,21A,0,,0,,0,B,Y,N,0,124,0
M2574,08,8R,0,,0,,N,B,Y,N,0,124,0
J370,03,3D,0,,0,,N,B,Y,Y,0,124,28
T371,21,21C,0,,0,,N,B,Y,N,0,124,0
B332,05,5R,0,,0,,N,B,Y,N,0,124,0
L130,09,9B,0,,0,,N,B,Y,N,0,124,0
Q8701,08,8R,0,,0,,N,B,Y,N,0,124,0
C269,06,6A,0,,0,,N,B,Y,N,0,124,0
G632,01,1J,0,,0,,N,B,N,N,0,124,0
S313,12,12E,0,,0,,0,M,Y,N,0,124,0
P200,15,,0,,0,,N,B,Y,N,0,0,0
P584,15,,0,,0,,N,B,Y,N,0,0,0
M751,08,8M,0,,0,,N,B,Y,N,1,124,0
G620,01,1J,0,,0,,N,B,Y,N,0,124,0
Z883,30,,0,,0,,N,B,N,N,0,124,0
M7927,01,1J,0,,0,E,N,B,Y,N,0,124,0
P152,15,,0,,0,,N,B,Y,N,0,0,0
F554,20,20F,0,,0,,N,B,Y,N,0,124,0
I398,05,5K,0,,0,,N,B,N,N,0,124,0
M4913,08,8H,0,,0,,N,B,N,N,0,124,0
T434,21,21C,0,,0,,N,B,Y,N,0,124,0
M1982,08,8J,0,,0,,N,B,Y,N,0,124,0
M760,08,8M,0,,0,,N,B,Y,N,0,124,0
Z565,23,23D,0,,0,,N,B,Y,N,0,124,0
N768,13,13D,0,,0,,N,F,Y,N,0,124,0
M6882,08,8M,0,,0,,N,B,N,N,0,124,0
M8739,08,8J,0,,0,,N,B,Y,N,0,124,0
K0012,03,3H,0,,0,,N,B,Y,Y,0,124,28
M6205,08,8M,0,,0,,N,B,Y,N,0,124,0
H500,02,2B,0,,0,,N,B,Y,N,0,124,0
M9991,30,,0,,0,,N,B,N,N,0,124,0
S52517,08,8P,0,,0,,7,B,Y,N,0,124,0
M5311,01,1J,0,,0,,N,B,Y,N,0,124,0
H920,03,3G,0,,0,,N,B,Y,N,0,124,0
S52117,08,8P,0,,0,,7,B,Y,N,0,124,0
M2179,08,8R,0,,0,,N,B,Y,N,0,124,0
G564,01,1J,0,,0,,N,B,Y,N,0,124,0
Q3842,03,3H,0,,0,,N,B,Y,N,0,124,0
M7147,08,8M,0,,0,,N,B,Y,N,0,124,0
S52503,08,8P,0,,0,,0,B,Y,N,0,124,0
S52211,08,8P,0,,0,,7,B,Y,N,0,124,0
Z128,23,23D,0,,0,,N,B,Y,N,0,124,0
M6094,08,8L,0,,0,,N,B,Y,N,0,124,0
G551,08,8H,0,,0,,N,B,N,N,0,124,0
R448,23,23B,0,,0,,N,B,Y,N,0,124,0
B353,09,9D,0,,0,,N,B,Y,N,0,124,0
S002,02,2C,0,,0,,0,B,Y,N,0,124,0
F949,19,19J,0,,0,,N,B,Y,N,0,124,0
M629,08,8M,0,,0,,N,B,Y,N,0,124,0
K0329,03,3H,0,,0,,N,B,Y,Y,0,124,28
S027,01,1S,0,,0,,0,B,Y,N,0,124,0
M6530,08,8M,0,,0,,N,B,Y,N,0,124,0
D219,08,8R,0,,0,,N,B,Y,N,0,124,0
S42402,08,8Q,0,,0,,0,B,Y,N,0,124,0
T382,21,21C,0,,0,,N,B,Y,N,0,124,0
G531,01,1J,0,,0,,N,B,N,N,0,124,0
T451,21,21C,0,,0,,N,B,Y,N,0,124,0
H130,02,2D,0,,0,,N,B,N,N,0,124,0
G527,01,1J,0,,0,,N,B,Y,N,0,124,0
S718,09,9H,0,,0,,0,B,Y,N,0,124,0
A78,18,18H,0,,0,,N,B,Y,N,0,124,0
S52513,08,8P,0,,0,,7,B,Y,N,0,124,0
M8553,08,8J,0,,0,,N,B,Y,N,0,124,0
Z855,30,,0,,0,,N,B,N,N,0,124,0
M8533,08,8J,0,,0,,N,B,Y,N,0,124,0
M4893,08,8H,0,,0,,N,B,Y,N,0,124,0
M856,08,8J,0,,0,,N,B,Y,N,0,124,0
C441,02,2E,0,,0,C,N,B,Y,N,0,124,0
M2591,08,8L,0,,0,,N,B,Y,N,0,124,0
O921,14,14C,0,,0,,N,F,Y,N,9,60,0
L550,09,9D,0,,0,,N,B,Y,N,0,124,0
M0837,08,8F,0,,0,,N,B,Y,N,0,124,0
M5481,08,8H,0,,0,,N,B,Y,N,0,124,0
G467,01,1F,0,,0,,N,B,N,N,0,124,0
H170,02,2D,0,,0,,N,B,Y,N,0,124,0
Q423,06,6J,0,,0,,N,B,Y,N,0,124,0
T354,21,21E,0,,0,,N,B,Y,N,0,124,0
C329,03,3A,0,,0,,N,B,Y,N,0,124,0
Z562,23,23D,0,,0,,N,B,Y,N,0,124,0
Q935,19,19K,0,,0,,N,B,Y,N,0,124,0
D45,17,17B,0,,0,,N,B,Y,N,0,124,0
S903,09,9H,0,,0,,0,B,Y,N,0,124,0
T021,08,8R,0,,0,,0,B,Y,N,0,124,0
C492,08,8E,0,,0,,N,B,Y,N,0,124,0
J983,04,4Q,0,,0,,N,B,Y,N,0,124,0
P059,15,,0,,0,,N,B,Y,N,0,0,0
M1122,08,8J,0,,0,,N,B,Y,N,0,124,0
T406,21,21C,0,,0,,N,B,Y,N,0,124,0
T738,21,21E,0,,0,,N,B,Y,N,0,124,0
Q714,08,8R,0,,0,,N,B,Y,N,0,124,0
G441,01,1Q,0,,0,,N,B,Y,N,0,124,0
S8082,09,9H,0,,0,,0,B,Y,N,0,124,0
M123,08,8J,0,,0,,N,B,Y,N,0,124,0
S433,08,8Q,0,,0,,0,B,Y,N,0,124,0
S5315,08,8Q,0,,0,,0,B,Y,N,0,124,0
G432,01,1Q,0,,0,,N,B,Y,N,0,124,0
G431,01,1Q,0,,0,,N,B,Y,N,0,124,0
M4314,08,8H,0,,0,,N,B,Y,N,0,124,0
Q351,03,3H,0,,0,,N,B,Y,N,0,124,0
E778,10,10D,0,,0,,N,B,Y,N,0,124,0
G408,01,1P,0,,0,,N,B,Y,N,0,124,0
M0728,08,8F,0,,0,,N,B,N,N,0,124,0
M234,08,8R,0,,0,,N,B,Y,N,0,124,0
R198,06,6H,0,,0,,N,B,Y,N,0,124,0
O600,14,14E,0,,0,,N,F,Y,N,9,60,0
Q703,08,8R,0,,0,,N,B,Y,N,0,124,0
C139,03,3A,0,,0,,N,B,Y,N,0,124,0
P615,15,,0,,0,,N,B,Y,N,0,0,0
Z873,30,,0,,0,,N,B,N,N,0,124,0
M8890,08,8J,0,,0,,N,B,Y,N,0,124,0
K0372,03,3H,0,,0,,N,B,Y,Y,0,124,28
A799,18,18H,0,,0,,N,B,Y,N,0,124,0
G371,01,1E,0,,0,,N,B,Y,N,0,124,0
G370,01,1E,0,,0,,N,B,Y,N,0,124,0
M0329,08,8J,0,,0,,N,B,N,N,0,124,0
M7739,08,8R,0,,0,,N,B,Y,N,0,124,0
C541,13,13A,0,,0,,N,F,Y,N,0,124,0
M8322,08,8J,0,,0,,N,B,Y,N,16,124,0
M1202,08,8J,0,,0,,N,B,Y,N,0,124,0
M8118,08,8J,0,,0,,N,F,Y,N,1,124,0
G319,01,1D,0,,0,,N,B,Y,N,1,124,0
M8900,08,8R,0,,0,,N,B,Y,N,0,124,0
T334,21,21E,0,,0,,N,B,Y,N,0,124,0
R492,03,3G,0,,0,,N,B,Y,N,0,124,0
K1009,03,3H,0,,0,,N,B,Y,N,0,124,0
G309,01,1D,0,,0,,N,B,Y,N,1,124,0
N648,09,9F,0,,0,,N,B,Y,N,0,124,0
Z501,23,23A,0,,0,,N,B,Y,N,0,124,0
B334,04,4C,0,,0,,N,B,Y,N,0,124,0
M8582,08,8R,0,,0,,N,B,Y,N,0,124,0
J029,03,3D,0,,0,,N,B,Y,N,0,124,0
B839,18,18H,0,,0,,N,B,Y,N,0,124,0
Q178,03,3G,0,,0,,N,B,Y,N,0,124,0
T130,09,9H,0,,0,,0,B,Y,N,0,124,0
K838,07,7E,0,,0,,N,B,Y,N,0,124,0
N766,13,13F,0,,0,,N,F,Y,N,0,124,0
M0691,08,8F,0,,0,,N,B,Y,N,16,124,0
G248,01,1D,0,,0,,N,B,Y,N,0,124,0
G244,01,1U,0,,0,,N,B,Y,N,0,124,0
G243,01,1U,0,,0,,N,B,Y,N,0,124,0
S730,08,8C,0,,0,,0,B,Y,N,0,124,0
G240,01,1U,0,,0,,N,B,Y,N,0,124,0
T204,22,22C,0,,0,,N,B,Y,N,0,124,0
M2361,08,8Q,0,,0,,N,B,Y,N,0,124,0
M8545,08,8J,0,,0,,N,B,Y,N,0,124,0
M2123,08,8R,0,,0,,N,B,Y,N,0,124,0
F459,19,19D,0,,0,,N,B,Y,N,0,124,0
P248,15,,0,,0,,N,B,Y,N,0,0,0
T112,08,8Q,0,,0,,0,B,Y,N,0,124,0
M6586,08,8M,0,,0,,N,B,Y,N,0,124,0
R466,19,19L,0,,0,,N,B,Y,N,0,124,0
Q526,13,13F,0,,0,,N,F,Y,N,0,124,0
G212,01,1D,0,,0,,N,B,Y,N,0,124,0
S6302,08,8P,0,,0,,0,B,Y,N,0,124,0
S72401,08,8A,0,,0,,8,B,Y,N,0,124,0
R829,11,11F,0,,0,,N,B,Y,N,0,124,0
R71,16,16A,0,,0,,N,B,Y,N,0,124,0
G131,01,1D,0,,0,,N,B,N,N,0,124,0
M1196,08,8J,0,,0,,N,B,Y,N,0,124,0
D466,17,17B,0,,0,,N,B,Y,N,0,124,0
T401,21,21C,0,,0,,N,B,Y,N,0,124,0
M7964,08,8L,0,,0,,N,B,Y,N,0,124,0
M7919,08,8L,0,,0,,N,B,Y,N,0,124,0
F819,19,19J,0,,0,,N,B,Y,Y,0,124,28
O120,14,14B,0,,0,,N,F,Y,N,9,60,0
G118,01,1E,0,,0,,N,B,Y,N,0,124,0
S907,09,9H,0,,0,,0,B,Y,N,0,124,0
T426,21,21C,0,,0,,N,B,Y,N,0,124,0
M7146,08,8M,0,,0,,N,B,Y,N,0,124,0
S232,04,4G,0,,0,,0,B,Y,N,0,124,0
Z235,23,23D,0,,0,,N,B,Y,N,0,124,0
R591,16,16C,0,,0,E,N,B,Y,N,0,124,0
R12,06,6H,0,,0,,N,B,Y,N,0,124,0
M891,08,8R,0,,0,,N,B,Y,N,0,124,0
M8280,08,8J,0,,0,,N,B,N,N,0,124,0
S940,01,1J,0,,0,,0,B,Y,N,0,124,0
T039,08,8R,0,,0,,0,B,Y,N,0,124,0
I691,01,1D,0,,0,,N,B,Y,N,0,124,0
Q143,02,2D,0,,0,,N,B,Y,N,0,124,0
G042,01,1K,0,,0,B,N,B,Y,N,0,124,0
S822,08,8Q,0,,0,,0,B,Y,N,0,124,0
N953,13,13F,0,,0,,N,F,Y,N,1,124,0
M1282,08,8K,0,,0,,N,B,Y,N,0,124,0
S752,21,21A,0,,0,,0,B,Y,N,0,124,0
S427,08,8Q,0,,0,,0,B,Y,N,0,124,0
G01,01,1K,0,,0,,N,B,N,N,0,124,0
M2334,08,8Q,0,,0,,N,B,Y,N,0,124,0
G113,01,1E,0,,0,,N,B,Y,N,0,124,0
M6525,08,8M,0,,0,,N,B,Y,N,0,124,0
F99,19,19L,0,,0,,N,B,Y,N,0,124,0
O059,14,14H,0,,0,,N,F,Y,N,9,60,0
M492,08,8H,0,,0,,N,B,N,N,0,124,0
O010,14,14L,0,,0,,N,F,Y,N,9,60,0
F341,19,19D,0,,0,,N,B,Y,N,0,124,0
Z531,23,23D,0,,0,,N,B,Y,N,0,124,0
Q990,10,10E,0,,0,,N,B,Y,N,0,124,0
M0236,08,8F,0,,0,,N,B,Y,N,16,124,0
M7936,09,9C,0,,0,,N,B,Y,N,0,124,0
H458,02,2D,0,,0,,N,B,N,N,0,124,0
S848,01,1J,0,,0,,0,B,Y,N,0,124,0
T749,21,21D,0,,0,,N,B,Y,N,0,124,0
B483,18,18G,0,,0,,N,B,Y,N,0,124,0
H164,02,2D,0,,0,,N,B,Y,N,0,124,0
F174,20,20B,0,,0,,N,B,Y,N,0,124,0
T295,22,22C,0,,0,,N,B,Y,N,0,124,0
M6203,08,8M,0,,0,,N,B,Y,N,0,124,0
D892,16,16C,0,,0,,N,B,Y,N,0,124,0
E835,10,10C,0,,0,,N,B,Y,N,0,124,0
P394,15,,0,,0,,N,B,Y,N,0,0,0
E000,10,10E,0,,0,,N,B,Y,N,0,124,0
S959,21,21A,0,,0,,0,B,Y,N,0,124,0
M922,08,8J,0,,0,,N,B,Y,N,0,124,0
M6218,08,8M,0,,0,,N,B,Y,N,0,124,0
E011,10,10E,0,,0,,N,B,Y,N,0,124,0
E012,10,10E,0,,0,,N,B,Y,N,0,124,0
F4582,19,19D,0,,0,,N,B,Y,N,0,124,0
M7290,08,8M,0,,0,,N,B,Y,N,0,124,0
M6147,08,8M,0,,0,,N,B,Y,N,0,124,0
M797,08,8L,0,,0,,N,B,Y,N,0,124,0
D072,13,13B,0,,0,,N,F,Y,N,0,124,0
H503,02,2B,0,,0,,N,B,Y,N,0,124,0
O832,14,14A,0,,0,,N,F,Y,N,9,60,0
N23,11,11E,0,,0,,N,B,Y,N,0,124,0
S562,08,8P,0,,0,,0,B,Y,N,0,124,0
Q188,03,3G,0,,0,,N,B,Y,N,0,124,0
R869,23,23B,0,,0,,N,M,Y,N,0,124,0
B531,18,18C,0,,0,,N,B,Y,N,0,124,0
M750,08,8M,0,,0,,N,B,Y,N,1,124,0
O822,14,14A,0,,0,,N,F,Y,N,9,60,0
M8908,08,8R,0,,0,,N,B,Y,N,0,124,0
Z559,23,23D,0,,0,,N,B,Y,N,0,124,0
M7145,08,8M,0,,0,,N,B,Y,N,0,124,0
Z8923,30,,0,,0,,N,B,N,N,0,124,0
H443,02,2D,0,,0,,N,B,Y,N,0,124,0
M8156,08,8J,0,,0,,N,B,Y,N,1,124,0
S649,01,1J,0,,0,,0,B,Y,N,0,124,0
M6128,08,8M,0,,0,,N,B,Y,N,0,124,0
T655,21,21C,0,,0,,N,B,Y,N,0,124,0
L661,09,9C,0,,0,,N,B,Y,N,0,124,0
N319,11,11H,0,,0,,N,B,Y,N,0,124,0
P373,15,,0,,0,,N,B,Y,N,0,0,0
M5414,01,1J,0,,0,E,N,B,Y,N,0,124,0
P916,15,,0,,0,,N,B,Y,N,0,0,0
M872,08,8J,0,,0,,N,B,Y,N,0,124,0
E066,10,10E,0,,0,,N,B,Y,N,0,124,0
E280,13,13F,0,,0,,N,F,Y,N,0,124,0
Q968,12,12E,0,,0,,N,B,Y,N,0,124,0
Z441,23,23A,0,,0,,N,B,Y,N,0,124,0
T506,21,21C,0,,0,,N,B,Y,N,0,124,0
Q045,01,1U,0,,0,,N,B,Y,N,0,124,0
M7190,08,8M,0,,0,,N,B,Y,N,0,124,0
G811,01,1D,0,,0,,N,B,Y,N,0,124,0
F229,19,19B,0,,0,,N,B,Y,N,0,124,0
M1318,08,8K,0,,0,,N,B,Y,N,0,124,0
S660,08,8P,0,,0,,0,B,Y,N,0,124,0
M4830,08,8H,0,,0,,N,B,Y,N,0,124,0
M450,08,8F,0,,0,,N,B,Y,N,16,124,0
P544,15,,0,,0,,N,B,Y,N,0,0,0
P368,15,,0,,0,,N,B,Y,N,0,0,0
S52212,08,8P,0,,0,,7,B,Y,N,0,124,0
Z589,23,23D,0,,0,,N,B,Y,N,0,124,0
M1104,08,8J,0,,0,,N,B,Y,N,0,124,0
H651,03,3D,0,,0,,N,B,Y,N,0,124,0
D383,04,4M,0,,0,,N,B,Y,N,0,124,0
I38,05,5K,0,,0,D,N,B,Y,N,0,124,0
A564,03,3D,0,,0,,N,B,Y,N,1,124,0
O989,14,14B,0,,0,,N,F,Y,N,9,60,0
R463,19,19L,0,,0,,N,B,Y,N,0,124,0
P921,15,,0,,0,,N,B,Y,N,0,0,0
S644,01,1J,0,,0,,0,B,Y,N,0,124,0
M140,08,8J,0,,0,,N,B,N,N,16,124,0
M8955,08,8R,0,,0,,N,B,Y,N,0,124,0
M2485,08,8R,0,,0,,N,B,Y,N,0,124,0
M2313,08,8Q,0,,0,,N,B,Y,N,0,124,0
M702,08,8M,0,,0,,N,B,Y,N,0,124,0
O228,14,14B,0,,0,,N,F,Y,N,9,60,0
S82111,08,8Q,0,,0,,8,B,Y,N,0,124,0
E138,10,10A,0,,0,,N,B,Y,N,0,124,0
Z274,23,23D,0,,0,,N,B,Y,N,0,124,0
M0605,08,8F,0,,0,,N,B,Y,N,16,124,0
F339,19,19C,0,,0,,N,B,Y,N,0,124,0
Z440,23,23A,0,,0,,N,B,Y,N,0,124,0
M8501,08,8J,0,,0,,N,B,Y,N,0,124,0
Q738,08,8R,0,,0,,N,B,Y,N,0,124,0
E148,10,10A,0,,0,,N,B,Y,N,0,124,0
M224,08,8Q,0,,0,,N,B,Y,N,0,124,0
G372,01,1E,0,,0,,N,B,Y,N,0,124,0
E160,10,10E,0,,0,,N,B,Y,N,0,124,0
M8006,08,8E,0,,0,,N,F,Y,N,31,124,0
R740,23,23B,0,,0,,N,B,Y,N,0,124,0
E164,10,10E,0,,0,,N,B,Y,N,0,124,0
M6804,08,8M,0,,0,,N,B,N,N,0,124,0
M0206,08,8J,0,,0,,N,B,Y,N,0,124,0
M1223,08,8J,0,,0,,N,B,Y,N,0,124,0
M4391,08,8H,0,,0,,N,B,Y,N,0,124,0
D1030,03,3H,0,,0,,N,B,Y,N,0,124,0
O350,14,14B,0,,0,,N,F,Y,N,9,60,0
M2102,08,8R,0,,0,,N,B,Y,N,0,124,0
M4381,08,8H,0,,0,,N,B,Y,N,0,124,0
A568,13,13E,0,,0,,N,B,Y,N,0,124,0
Z548,23,23D,0,,0,,N,B,Y,N,0,124,0
M4137,08,8H,0,,0,,N,B,Y,N,0,124,0
G461,01,1G,0,,0,,N,B,N,N,0,124,0
E229,10,10E,0,,0,,N,B,Y,N,0,124,0
T372,21,21C,0,,0,,N,B,Y,N,0,124,0
E231,10,10E,0,,0,,N,B,Y,N,0,124,0
M7928,01,1J,0,,0,E,N,B,Y,N,0,124,0
E236,10,10E,0,,0,,N,B,Y,N,0,124,0
R894,23,23B,0,,0,,N,B,Y,N,0,124,0
L705,09,9D,0,,0,,N,F,Y,N,0,124,0
S5271,08,8Q,0,,0,,7,B,Y,N,0,124,0
R162,07,7D,0,,0,,N,B,Y,N,0,124,0
A281,18,18H,0,,0,,N,B,Y,N,0,124,0
M940,04,4Q,0,,0,,N,B,Y,N,0,124,0
R893,23,23B,0,,0,,N,B,Y,N,0,124,0
T0210,08,8R,0,,0,,0,B,Y,N,0,124,0
E261,10,10E,0,,0,,N,B,Y,N,0,124,0
M2409,08,8R,0,,0,,N,B,Y,N,0,124,0
M7911,08,8L,0,,0,,N,B,Y,N,0,124,0
Q998,13,13F,0,,0,,N,B,Y,N,0,124,0
M2194,08,8R,0,,0,,N,B,Y,N,0,124,0
M2423,08,8M,0,,0,,N,B,Y,N,0,124,0
A988,18,18F,0,,0,,N,B,Y,N,0,124,0
L218,09,9D,0,,0,,N,B,Y,N,0,124,0
C761,04,4M,0,,0,,N,B,Y,N,0,124,0
O631,14,14A,0,,0,,N,F,Y,N,9,60,0
Z108,23,23D,0,,0,,N,B,Y,N,0,124,0
M7186,08,8M,0,,0,,N,B,Y,N,0,124,0
M2339,08,8Q,0,,0,,N,B,Y,N,0,124,0
S52519,08,8P,0,,0,,7,B,Y,N,0,124,0
S52110,08,8P,0,,0,,7,B,Y,N,0,124,0
D1035,03,3H,0,,0,,N,B,Y,N,0,124,0
M2159,01,1J,0,,0,,N,B,Y,N,0,124,0
M2567,08,8L,0,,0,,N,B,Y,N,0,124,0
M738,08,8M,0,,0,,N,B,N,N,0,124,0
T202,22,22C,0,,0,,N,B,Y,N,0,124,0
T306,22,22C,0,,0,,N,B,Y,N,0,124,0
T013,21,21A,0,,0,,0,B,Y,N,0,124,0
K0381,03,3H,0,,0,,N,B,Y,Y,0,124,28
S652,21,21A,0,,0,,0,B,Y,N,0,124,0
S9201,08,8Q,0,,0,,0,B,Y,N,0,124,0
O028,14,14H,0,,0,,N,F,Y,N,9,60,0
M964,08,8H,0,,0,,N,B,Y,N,0,124,0
M4158,08,8H,0,,0,,N,B,Y,N,0,124,0
P031,15,,0,,0,,N,B,Y,N,0,0,0
O661,14,14A,0,,0,,N,F,Y,N,9,60,0
S119,21,21A,0,,0,,0,B,Y,N,0,124,0
I469,05,5L,0,,0,,N,B,Y,N,0,124,0
B951,30,,0,,0,,N,B,N,N,0,124,0
M0116,08,8G,0,,0,D,N,B,N,N,0,124,0
C740,10,10E,0,,0,,N,B,Y,N,0,124,0
T0251,21,21A,0,,0,,8,B,Y,N,0,124,0
T529,21,21C,0,,0,,N,B,Y,N,0,124,0
N838,13,13F,0,,0,,N,F,Y,N,0,124,0
C480,17,17C,0,,0,,N,B,Y,N,0,124,0
E45,10,10C,0,,0,E,N,B,Y,N,0,124,0
T296,22,22C,0,,0,,N,B,Y,N,0,124,0
E501,02,2D,0,,0,E,N,B,Y,N,0,124,0
F812,19,19J,0,,0,,N,B,Y,Y,0,124,28
M4703,01,1U,0,,0,,N,B,Y,N,0,124,0
O718,14,14A,0,,0,,N,F,Y,N,9,60,0
N834,13,13F,0,,0,,N,F,Y,N,0,124,0
S8260,08,8Q,0,,0,,0,B,Y,N,0,124,0
M2177,08,8R,0,,0,,N,B,Y,N,0,124,0
E518,10,10B,0,,0,E,N,B,Y,N,0,124,0
E519,10,10B,0,,0,E,N,B,Y,N,0,124,0
A217,18,18H,0,,0,,N,B,Y,N,0,124,0
E530,10,10C,0,,0,E,N,B,Y,N,0,124,0
T701,03,3D,0,,0,,N,B,Y,N,0,124,0
F919,19,19J,0,,0,,N,B,Y,N,0,124,0
M1025,08,8J,0,,0,,N,B,Y,N,0,124,0
Q659,08,8R,0,,0,,N,B,Y,N,0,124,0
D1002,03,3H,0,,0,,N,B,Y,N,0,124,0
Q773,08,8R,0,,0,,N,B,Y,N,0,124,0
E561,10,10C,0,,0,E,N,B,Y,N,0,124,0
E568,10,10C,0,,0,E,N,B,Y,N,0,124,0
K0610,03,3H,0,,0,,N,B,Y,Y,0,124,28
P834,15,,0,,0,,N,B,Y,N,0,0,0
M029,08,8J,0,,0,,N,B,Y,N,0,124,0
N051,11,11H,0,,0,E,N,B,Y,N,0,124,0
E614,10,10C,0,,0,E,N,B,Y,N,0,124,0
H213,02,2D,0,,0,,N,B,Y,N,0,124,0
L928,09,9D,0,,0,,N,B,Y,N,0,124,0
P700,15,,0,,0,,N,B,Y,N,0,0,0
E618,10,10C,0,,0,E,N,B,Y,N,0,124,0
B689,06,6L,0,,0,,N,B,Y,N,0,124,0
S004,09,9H,0,,0,,0,B,Y,N,0,124,0
M232,08,8Q,0,,0,,N,B,Y,N,0,124,0
M6747,08,8M,0,,0,,N,B,Y,N,0,124,0
E639,10,10C,0,,0,E,N,B,Y,N,0,124,0
S42010,08,8Q,0,,0,,0,B,Y,N,0,124,0
Q6883,08,8R,0,,0,,N,B,Y,N,0,124,0
T031,08,8R,0,,0,,0,B,Y,N,0,124,0
M9395,08,8J,0,,0,,N,B,Y,N,0,124,0
K0025,03,3H,0,,0,,N,B,Y,Y,0,124,28
T006,09,9H,0,,0,,0,B,Y,N,0,124,0
M2391,08,8Q,0,,0,,N,B,Y,N,0,124,0
M7263,08,8M,0,,0,,N,B,Y,N,0,124,0
E661,10,10C,0,,0,,N,B,Y,N,0,124,0
B529,18,18C,0,,0,,N,B,Y,N,0,124,0
M2427,08,8M,0,,0,,N,B,Y,N,0,124,0
T929,30,,0,,0,,N,B,N,N,0,124,0
J323,03,3D,0,,0,,N,B,Y,N,0,124,0
H818,03,3B,0,,0,,N,B,Y,N,0,124,0
L020,09,9G,0,,0,,N,B,Y,N,0,124,0
N302,11,11D,0,,0,,N,B,Y,N,0,124,0
M8910,08,8R,0,,0,,N,B,Y,N,0,19,0
M1396,08,8K,0,,0,E,N,B,Y,N,0,124,0
M8335,08,8J,0,,0,,N,B,Y,N,16,124,0
Q653,08,8R,0,,0,,N,B,Y,N,0,124,0
Z590,23,23D,0,,0,,N,B,Y,N,0,124,0
M0125,08,8G,0,,0,,N,B,N,N,0,124,0
G252,01,1U,0,,0,,N,B,Y,N,0,124,0
N031,11,11H,0,,0,E,N,B,Y,Y,0,124,28
S600,09,9H,0,,0,,0,B,Y,N,0,124,0
T465,21,21C,0,,0,,N,B,Y,N,0,124,0
M7951,08,8R,0,,0,,N,B,Y,N,0,124,0
M4629,08,8D,0,,0,,N,B,Y,N,0,124,0
M4892,08,8H,0,,0,,N,B,Y,N,0,124,0
E858,08,8S,0,,0,,N,B,Y,N,0,124,0
M2453,08,8R,0,,0,,N,B,Y,N,0,124,0
D417,11,11C,0,,0,,N,B,Y,N,0,124,0
I7000,05,5F,0,,0,,N,B,Y,N,1,124,0
M4115,08,8H,0,,0,,N,B,Y,N,0,124,0
M2438,08,8R,0,,0,,N,B,Y,N,0,124,0
E742,10,10D,0,,0,,N,B,Y,N,0,124,0
C098,03,3A,0,,0,,N,B,Y,N,0,124,0
T172,03,3G,0,,0,,N,B,Y,N,0,124,0
E90,10,10C,0,,0,,N,B,N,N,0,124,0
A773,18,18H,0,,0,,N,B,Y,N,0,124,0
L119,09,9B,0,,0,,N,B,Y,N,0,124,0
N074,11,11H,0,,0,,N,B,Y,N,0,124,0
A836,01,1K,0,,0,,N,B,Y,N,0,124,0
M8318,08,8J,0,,0,,N,B,Y,N,31,124,0
H808,03,3G,0,,0,,N,B,Y,N,0,124,0
E756,10,10D,0,,0,,N,B,Y,N,0,124,0
T941,30,,0,,0,,N,B,N,N,0,124,0
Q898,15,,0,,0,,N,B,Y,N,0,124,0
M7113,08,8M,0,,0,,N,B,Y,N,0,124,0
S7240,08,8A,0,,0,,8,B,Y,N,0,124,0
L401,09,9B,0,,0,,N,B,Y,N,0,124,0
M4797,08,8H,0,,0,,N,B,Y,N,0,124,0
E761,10,10D,0,,0,,N,B,Y,N,0,124,0
O838,14,14A,0,,0,,N,F,Y,N,9,60,0
M2180,08,8R,0,,0,,N,B,Y,N,0,124,0
K0114,03,3H,0,,0,,N,B,Y,Y,0,124,28
D159,04,4M,0,,0,,N,B,Y,N,0,124,0
E783,10,10D,0,,0,,N,B,Y,N,0,124,0
Z514,23,23D,0,,0,,N,B,Y,N,0,124,0
K0719,03,3H,0,,0,,N,B,Y,N,0,124,0
M8782,08,8J,0,,0,,N,B,Y,N,0,124,0
K558,06,6J,0,,0,,N,B,Y,N,0,124,0
S259,21,21A,0,,0,,0,B,Y,N,0,124,0
M6148,08,8M,0,,0,,N,B,Y,N,0,124,0
S831,08,8Q,0,,0,,0,B,Y,N,0,124,0
H208,02,2D,0,,0,,N,B,Y,N,0,124,0
C768,17,17C,0,,0,,N,B,Y,N,0,124,0
S942,01,1J,0,,0,,8,B,Y,N,0,124,0
K081,03,3H,0,,0,,N,B,Y,Y,0,124,28
M7620,08,8M,0,,0,,N,B,Y,N,0,124,0
U837,30,,0,,0,,N,B,N,N,0,124,0
Z908,30,,0,,0,,N,B,N,N,0,124,0
F1754,20,20B,0,,0,,N,B,Y,N,0,124,0
E807,07,7D,0,,0,,N,B,Y,N,0,124,0
M4147,08,8H,0,,0,,N,B,Y,N,0,124,0
M8206,08,8J,0,,0,,N,B,N,N,0,124,0
Z385,15,,0,,0,,N,B,Y,N,0,0,0
S653,21,21A,0,,0,,0,B,Y,N,0,124,0
S9230,08,8P,0,,0,,0,B,Y,N,0,124,0
M8496,08,8R,0,,0,,N,B,Y,N,0,124,0
E838,10,10D,0,,0,,N,B,Y,N,0,124,0
M7269,08,8M,0,,0,,N,B,Y,N,0,124,0
M6143,08,8M,0,,0,,N,B,Y,N,0,124,0
P920,15,,0,,0,,N,B,Y,N,0,0,0
Q179,03,3G,0,,0,,N,B,Y,N,0,124,0
O069,14,14H,0,,0,,N,F,Y,N,9,60,0
E851,08,8S,0,,0,,N,B,Y,N,0,124,0
E853,08,8S,0,,0,,N,B,Y,N,0,124,0
J120,04,4C,0,,0,,N,B,Y,N,0,124,0
M2396,08,8Q,0,,0,,N,B,Y,N,0,124,0
T111,21,21A,0,,0,,0,B,Y,N,0,124,0
E228,10,10E,0,,0,,N,B,Y,N,0,124,0
S52119,08,8P,0,,0,,7,B,Y,N,0,124,0
S02501,03,3H,0,,0,,0,B,Y,N,0,124,0
S810,21,21A,0,,0,,0,B,Y,N,0,124,0
G820,01,1A,0,,0,,N,B,Y,N,0,124,0
S298,21,21A,0,,0,,0,B,Y,N,0,124,0
M4605,08,8H,0,,0,,N,B,Y,N,0,124,0
M803,08,8E,0,,0,,N,B,Y,N,0,124,0
I780,05,5F,0,,0,,N,B,Y,N,0,124,0
Q510,13,13F,0,,0,,N,F,Y,N,0,124,0
P007,15,,0,,0,,N,B,Y,N,0,0,0
M2403,08,8R,0,,0,,N,B,Y,N,0,124,0
E889,10,10D,0,,0,,N,B,Y,N,0,124,0
M6263,08,8M,0,,0,,N,B,Y,N,0,124,0
N280,11,11K,0,,0,,N,B,Y,N,0,124,0
N702,13,13E,0,,0,,N,F,Y,N,0,124,0
M7117,08,8M,0,,0,,N,B,Y,N,0,124,0
E895,10,10E,0,,0,,N,M,Y,N,0,124,0
I972,09,9F,0,,0,,N,B,Y,N,1,124,0
D899,16,16C,0,,0,,N,B,Y,N,0,124,0
M1220,08,8J,0,,0,,N,B,Y,N,0,124,0
M4607,08,8H,0,,0,,N,B,Y,N,0,124,0
R867,23,23B,0,,0,,N,M,Y,N,0,124,0
S82318,08,8Q,0,,0,,8,B,Y,N,0,124,0
M7105,08,8M,0,,0,,N,B,Y,N,0,124,0
G474,01,1U,0,,0,,N,B,Y,N,0,124,0
M879,08,8J,0,,0,,N,B,Y,N,0,124,0
M6790,08,8M,0,,0,,N,B,Y,N,0,124,0
K0011,03,3H,0,,0,,N,B,Y,Y,0,124,28
A513,09,9C,0,,0,,N,B,Y,N,1,124,0
K632,06,6J,0,,0,,N,B,Y,N,0,124,0
E722,10,10D,0,,0,,N,B,Y,N,0,124,0
K910,06,6H,0,,0,,N,B,Y,N,0,124,0
Z861,30,,0,,0,,N,B,N,N,0,124,0
T183,06,6J,0,,0,,N,B,Y,N,0,124,0
M4722,08,8H,0,,0,,N,B,Y,N,0,124,0
B270,18,18F,0,,0,,N,B,Y,N,0,124,0
M8639,08,8D,0,,0,,N,B,Y,N,0,124,0
E711,10,10D,0,,0,,N,B,Y,N,0,124,0
P290,15,,0,,0,,N,B,Y,N,0,0,0
L951,09,9C,0,,0,,N,B,Y,N,0,124,0
Q810,09,9B,0,,0,,N,B,Y,N,0,124,0
A509,18,18H,0,,0,,N,B,Y,N,0,124,0
C631,12,12A,0,,0,,N,M,Y,N,0,124,0
M4050,08,8H,0,,0,,N,B,Y,N,0,124,0
Z465,06,6J,0,,0,,N,B,Y,N,0,124,0
F719,19,19K,0,,0,,N,B,Y,N,0,124,0
Z115,23,23D,0,,0,,N,B,Y,N,0,124,0
T653,21,21C,0,,0,,N,B,Y,N,0,124,0
M2524,08,8R,0,,0,,N,B,Y,N,0,124,0
K0500,03,3H,0,,0,,N,B,Y,Y,0,124,28
O269,14,14B,0,,0,,N,F,Y,N,9,60,0
M2140,08,8R,0,,0,,N,B,Y,N,0,124,0
I349,05,5K,0,,0,,N,B,Y,N,0,124,0
D304,11,11C,0,,0,,N,B,Y,N,0,124,0
O694,14,14A,0,,0,,N,F,Y,N,9,60,0
N891,13,13F,0,,0,,N,F,Y,N,0,124,0
D411,11,11C,0,,0,,N,B,Y,N,0,124,0
D510,16,16A,0,,0,E,N,B,Y,N,0,124,0
B481,18,18G,0,,0,,N,B,Y,N,0,124,0
D176,12,12E,0,,0,,N,M,Y,N,0,124,0
F801,19,19J,0,,0,,N,B,Y,Y,0,124,28
N342,11,11D,0,,0,,N,B,Y,N,0,124,0
B830,18,18H,0,,0,,N,B,Y,N,0,124,0
Z526,30,,0,,0,,N,B,N,N,0,124,0
S751,21,21A,0,,0,,8,B,Y,N,0,124,0
M0201,08,8J,0,,0,,N,B,Y,N,0,124,0
M4211,08,8J,0,,0,,N,B,Y,N,16,124,0
S6250,08,8P,0,,0,,0,B,Y,N,0,124,0
N734,13,13E,0,,0,,N,F,Y,N,0,124,0
M6100,08,8M,0,,0,,N,B,Y,N,0,124,0
M1257,08,8J,0,,0,,N,B,Y,N,0,124,0
T320,22,22C,0,,0,,N,B,Y,N,0,124,0
S748,01,1J,0,,0,,0,B,Y,N,0,124,0
Q785,08,8R,0,,0,,N,B,Y,N,0,124,0
L721,09,9D,0,,0,,N,B,Y,N,0,124,0
M215,01,1J,0,,0,,N,B,Y,N,0,124,0
E341,10,10E,0,,0,,N,B,Y,N,0,124,0
Q7132,08,8R,0,,0,,N,B,Y,N,0,124,0
T690,21,21E,0,,0,,N,B,Y,N,0,124,0
O683,14,14A,0,,0,,N,F,Y,N,9,60,0
M131,08,8K,0,,0,,N,B,Y,N,0,124,0
Q954,23,23D,0,,0,,N,B,Y,N,0,124,0
S82101,08,8Q,0,,0,,0,B,Y,N,0,124,0
M4726,08,8H,0,,0,,N,B,Y,N,0,124,0
M4705,01,1U,0,,0,,N,B,Y,N,0,124,0
M6620,08,8M,0,,0,,N,B,Y,N,0,124,0
M0839,08,8F,0,,0,,N,B,Y,N,0,124,0
M8387,08,8J,0,,0,,N,B,Y,N,16,124,0
F2043,19,19B,0,,0,,N,B,Y,N,0,124,0
M8632,08,8D,0,,0,,N,B,Y,N,0,124,0
M873,08,8J,0,,0,,N,B,Y,N,0,124,0
M165,08,8J,0,,0,,N,B,Y,N,0,124,0
Q848,09,9D,0,,0,,N,B,Y,N,0,124,0
J634,04,4P,0,,0,,N,B,Y,N,1,124,0
E803,10,10D,0,,0,,N,B,Y,N,0,124,0
T135,08,8Q,0,,0,,0,B,Y,N,0,124,0
E52,10,10C,0,,0,E,N,B,Y,N,0,124,0
R11,06,6H,0,,0,,N,B,Y,N,0,124,0
S013,03,3G,0,,0,,0,B,Y,N,0,124,0
H722,03,3G,0,,0,,N,B,Y,N,0,124,0
Q600,11,11H,0,,0,,N,B,Y,N,0,124,0
S042,01,1J,0,,0,,0,B,Y,N,0,124,0
B432,09,9C,0,,0,,N,B,Y,N,0,124,0
T638,21,21C,0,,0,,N,B,Y,N,0,124,0
M8111,08,8J,0,,0,,N,F,Y,N,1,124,0
Q683,08,8R,0,,0,,N,B,Y,N,0,124,0
M0131,08,8G,0,,0,,N,B,N,N,0,124,0
K1321,03,3H,0,,0,E,N,B,Y,N,0,124,0
M145,08,8J,0,,0,,N,B,N,N,0,124,0
M8203,08,8J,0,,0,,N,B,N,N,0,124,0
S52514,08,8P,0,,0,,7,B,Y,N,0,124,0
O285,14,14E,0,,0,,N,F,Y,N,9,60,0
K0368,03,3H,0,,0,,N,B,Y,Y,0,124,28
M8566,08,8J,0,,0,,N,B,Y,N,0,124,0
A168,04,4C,0,,0,D,N,B,Y,N,0,124,0
T936,30,,0,,0,,N,B,N,N,0,124,0
S42317,08,8Q,0,,0,,7,B,Y,N,0,124,0
A710,02,2A,0,,0,,N,B,Y,N,0,124,0
K101,03,3H,0,,0,,N,B,Y,N,0,124,0
Z978,30,,0,,0,,N,B,N,N,0,124,0
M816,08,8J,0,,0,,N,B,Y,N,0,124,0
K060,03,3H,0,,0,,N,B,Y,Y,0,124,28
T528,21,21C,0,,0,,N,B,Y,N,0,124,0
M8929,08,8R,0,,0,,N,B,Y,N,0,19,0
Q386,03,3H,0,,0,,N,B,Y,N,0,124,0
K0681,03,3H,0,,0,,N,B,Y,Y,0,124,28
F711,19,19K,0,,0,,N,B,Y,N,0,124,0
M5310,01,1J,0,,0,,N,B,Y,N,0,124,0
S4211,08,8Q,0,,0,,0,B,Y,N,0,124,0
S82312,08,8Q,0,,0,,8,B,Y,N,0,124,0
M8726,08,8J,0,,0,,N,B,Y,N,0,124,0
M229,08,8Q,0,,0,,N,B,Y,N,0,124,0
M0621,08,8F,0,,0,,N,B,Y,N,0,124,0
E781,10,10D,0,,0,,N,B,Y,N,0,124,0
Q169,03,3G,0,,0,,N,B,Y,N,0,124,0
Z010,30,,0,,0,,N,B,N,N,0,124,0
S526,08,8P,0,,0,,0,B,Y,N,0,124,0
T485,21,21C,0,,0,,N,B,Y,N,0,124,0
M6887,08,8M,0,,0,,N,B,N,N,0,124,0
C0219,03,3A,0,,0,,N,B,Y,N,0,124,0
M4827,08,8H,0,,0,,N,B,Y,N,0,124,0
G454,01,1G,0,,0,,N,B,Y,N,0,124,0
Q241,05,5J,0,,0,,N,B,Y,N,0,124,0
B510,18,18C,0,,0,,N,B,Y,N,0,124,0
T011,21,21A,0,,0,,3,B,Y,N,0,124,0
M8511,08,8R,0,,0,,N,B,Y,N,0,124,0
M7133,08,8M,0,,0,,N,B,Y,N,0,124,0
M8131,08,8J,0,,0,,N,B,Y,N,0,124,0
L648,09,9D,0,,0,,N,B,Y,N,0,124,0
C511,13,13A,0,,0,,N,F,Y,N,0,124,0
P073,15,,0,,0,,N,B,Y,N,0,0,0
T533,21,21C,0,,0,,N,B,Y,N,0,124,0
F1704,20,20F,0,,0,,N,B,Y,N,0,124,0
M0646,08,8J,0,,0,,N,B,Y,N,0,124,0
M1204,08,8J,0,,0,,N,B,Y,N,0,124,0
T391,21,21C,0,,0,,N,B,Y,N,0,124,0
P949,15,,0,,0,,N,B,Y,N,0,0,0
T389,21,21C,0,,0,,N,B,Y,N,0,124,0
F1225,20,20F,0,,0,,N,B,Y,N,0,124,0
Q778,08,8R,0,,0,,N,B,Y,N,0,124,0
S834,08,8Q,0,,0,,0,B,Y,N,0,124,0
O335,14,14B,0,,0,,N,F,Y,N,9,60,0
T928,30,,0,,0,,N,B,N,N,0,124,0
F204,19,19B,0,,0,,N,B,Y,N,0,124,0
M6746,08,8M,0,,0,,N,B,Y,N,0,124,0
S363,06,6J,0,,0,,3,B,Y,N,0,124,0
F120,20,20F,0,,0,,N,B,Y,N,0,124,0
F1200,20,20F,0,,0,,N,B,Y,N,0,124,0
S02511,03,3H,0,,0,,0,B,Y,N,0,124,0
M545,08,8H,0,,0,,N,B,Y,N,0,124,0
M081,08,8F,0,,0,,N,B,Y,N,0,124,0
F1204,20,20F,0,,0,,N,B,Y,N,0,124,0
M6244,08,8L,0,,0,,N,B,Y,N,0,124,0
M0081,08,8G,0,,0,,N,B,Y,N,0,124,0
F121,20,20F,0,,0,,N,B,Y,N,0,124,0
M1093,08,8J,0,,0,,N,B,Y,N,0,124,0
I099,05,5R,0,,0,,N,B,Y,Y,0,124,28
M0513,04,4P,0,,0,,N,B,Y,N,16,124,0
F1222,20,20F,0,,0,,N,B,Y,N,0,124,0
M6264,08,8M,0,,0,,N,B,Y,N,0,124,0
F1224,20,20F,0,,0,,N,B,Y,N,0,124,0
M412,08,8H,0,,0,,N,B,Y,N,0,124,0
H447,02,2C,0,,0,,N,B,Y,N,0,124,0
S82110,08,8Q,0,,0,,8,B,Y,N,0,124,0
M8128,08,8J,0,,0,,N,B,Y,N,0,124,0
M7914,08,8L,0,,0,,N,B,Y,N,0,124,0
J381,03,3G,0,,0,,N,B,Y,N,0,124,0
O051,14,14H,0,,0,,N,F,Y,N,9,60,0
S666,08,8P,0,,0,,0,B,Y,N,0,124,0
E789,10,10D,0,,0,,N,B,Y,N,0,124,0
E768,10,10D,0,,0,,N,B,Y,N,0,124,0
S018,09,9H,0,,0,,0,B,Y,N,0,124,0
M843,08,8E,0,,0,,N,B,Y,N,0,124,0
F680,19,19H,0,,0,,N,B,Y,N,0,124,0
Q820,09,9D,0,,0,,N,B,Y,N,0,124,0
P029,15,,0,,0,,N,B,Y,N,0,0,0
B8312,09,9D,0,,0,,N,B,Y,N,0,124,0
M4363,08,8H,0,,0,,N,B,Y,N,0,124,0
M628,08,8M,0,,0,,N,B,Y,N,0,124,0
K0600,03,3H,0,,0,,N,B,Y,Y,0,124,28
D104,03,3G,0,,0,,N,B,Y,N,0,124,0
Q6880,08,8R,0,,0,,N,B,Y,N,0,124,0
K1408,03,3H,0,,0,,N,B,Y,N,0,124,0
A800,01,1K,0,,0,,N,B,Y,N,0,124,0
S855,21,21A,0,,0,,8,B,Y,N,0,124,0
Q163,03,3G,0,,0,,N,B,Y,N,0,124,0
Q382,03,3H,0,,0,,N,B,Y,N,0,124,0
Q060,01,1U,0,,0,,N,B,Y,N,0,124,0
M7243,08,8M,0,,0,,N,B,Y,N,0,124,0
M8700,08,8J,0,,0,,N,B,Y,N,0,124,0
O364,14,14B,0,,0,,N,F,Y,N,9,60,0
M1253,08,8J,0,,0,,N,B,Y,N,0,124,0
M6808,08,8M,0,,0,,N,B,N,N,0,124,0
Z355,30,,0,,0,,N,F,N,N,9,60,0
T470,21,21C,0,,0,,N,B,Y,N,0,124,0
M419,08,8H,0,,0,,N,B,Y,N,0,124,0
M8788,08,8J,0,,0,,N,B,Y,N,0,124,0
B690,01,1K,0,,0,,N,B,Y,N,0,124,0
T876,08,8R,0,,0,,N,B,Y,N,0,124,0
C099,03,3A,0,,0,,N,B,Y,N,0,124,0
K1488,03,3H,0,,0,,N,B,Y,N,0,124,0
E291,10,10E,0,,0,,N,M,Y,N,0,124,0
S203,09,9H,0,,0,,0,B,Y,N,0,124,0
S3280,08,8B,0,,0,,0,B,Y,N,0,124,0
F2042,19,19B,0,,0,,N,B,Y,N,0,124,0
M9119,08,8J,0,,0,,N,B,Y,N,0,124,0
I688,01,1H,0,,0,,N,B,N,N,0,124,0
N719,13,13E,0,,0,,N,F,Y,N,0,124,0
O982,14,14B,0,,0,,N,F,Y,N,9,60,0
M8198,08,8J,0,,0,,N,B,Y,N,0,124,0
M8168,08,8J,0,,0,,N,B,Y,N,0,124,0
K1002,03,3H,0,,0,,N,B,Y,N,0,124,0
S52518,08,8P,0,,0,,7,B,Y,N,0,124,0
H508,02,2B,0,,0,,N,B,Y,N,0,124,0
S547,01,1J,0,,0,,7,B,Y,N,0,124,0
A980,18,18F,0,,0,,N,B,Y,N,0,124,0
S72417,08,8A,0,,0,,8,B,Y,N,0,124,0
L702,09,9D,0,,0,,N,B,Y,N,0,124,0
R191,06,6H,0,,0,,N,B,Y,N,0,124,0
O234,14,14B,0,,0,,N,F,Y,N,9,60,0
F480,19,19D,0,,0,,N,B,Y,N,0,124,0
T510,21,21C,0,,0,,N,B,Y,N,0,124,0
S62103,08,8P,0,,0,,0,B,Y,N,0,124,0
Q063,01,1U,0,,0,,N,B,Y,N,0,124,0
M0511,04,4P,0,,0,,N,B,Y,N,16,124,0
M7747,08,8M,0,,0,,N,B,Y,N,0,124,0
O308,14,14B,0,,0,,N,F,Y,N,9,60,0
M9089,08,8J,0,,0,,N,B,N,N,0,124,0
B3701,03,3H,0,,0,D,N,B,Y,N,0,124,0
O074,14,14H,0,,0,,N,F,Y,N,9,60,0
K1432,03,3H,0,,0,,N,B,Y,N,0,124,0
G465,01,1F,0,,0,,N,B,N,N,0,124,0
G618,01,1J,0,,0,E,N,B,Y,N,0,124,0
M185,08,8J,0,,0,,N,B,Y,N,0,124,0
N825,13,13F,0,,0,,N,F,Y,N,0,124,0
C301,03,3A,0,,0,,N,B,Y,N,0,124,0
Q8923,10,10E,0,,0,,N,B,Y,N,0,124,0
M8109,08,8J,0,,0,,N,F,Y,N,31,124,0
Z134,23,23D,0,,0,,N,B,Y,N,0,124,0
Q6748,08,8R,0,,0,,N,B,Y,N,0,124,0
M4306,08,8H,0,,0,,N,B,Y,N,0,124,0
S6200,08,8P,0,,0,,0,B,Y,N,0,124,0
O239,14,14B,0,,0,,N,F,Y,N,9,60,0
S532,08,8P,0,,0,,0,B,Y,N,0,124,0
M4011,08,8H,0,,0,,N,B,Y,N,0,124,0
F1521,20,20E,0,,0,,N,B,Y,N,0,124,0
S501,09,9H,0,,0,,0,B,Y,N,0,124,0
J030,03,3D,0,,0,,N,B,Y,N,0,124,0
K0920,03,3H,0,,0,,N,B,Y,N,0,124,0
B343,18,18F,0,,0,,N,B,Y,N,0,124,0
C0615,03,3A,0,,0,,N,B,Y,N,0,124,0
M1181,08,8J,0,,0,,N,B,Y,N,0,124,0
M7956,08,8R,0,,0,,N,B,Y,N,0,124,0
A422,09,9C,0,,0,D,N,B,Y,N,0,124,0
T336,21,21E,0,,0,,N,B,Y,N,0,124,0
M1923,08,8J,0,,0,,N,B,Y,N,0,124,0
H811,03,3B,0,,0,,N,B,Y,N,0,124,0
M8886,08,8J,0,,0,,N,B,Y,N,0,124,0
M7605,08,8M,0,,0,,N,B,Y,N,0,124,0
E806,07,7D,0,,0,,N,B,Y,N,0,124,0
M866,08,8D,0,,0,,N,B,Y,N,0,124,0
M2585,08,8L,0,,0,,N,B,Y,N,0,124,0
M4212,08,8J,0,,0,,N,B,Y,N,16,124,0
Q315,03,3G,0,,0,,N,B,Y,N,0,124,0
K520,06,6J,0,,0,,N,B,Y,N,0,124,0
D232,09,9D,0,,0,,N,B,Y,N,0,124,0
N088,11,11H,0,,0,,N,B,N,N,0,124,0
K0361,03,3H,0,,0,,N,B,Y,Y,0,124,28
H913,03,3G,0,,0,,N,B,Y,N,0,124,0
D350,10,10E,0,,0,,N,B,Y,N,0,124,0
C4101,08,8E,0,,0,,N,B,Y,N,0,124,0
M0295,08,8J,0,,0,,N,B,Y,N,0,124,0
Q553,12,12E,0,,0,,N,M,Y,N,0,124,0
T887,21,21C,0,,0,,N,B,Y,N,0,124,0
M144,08,8J,0,,0,,N,B,N,N,0,124,0
Z710,23,23D,0,,0,,N,B,Y,N,0,124,0
Q120,02,2D,0,,0,,N,B,Y,N,0,124,0
M2404,08,8R,0,,0,,N,B,Y,N,0,124,0
Z118,23,23D,0,,0,,N,B,Y,N,0,124,0
M0512,04,4P,0,,0,,N,B,Y,N,16,124,0
M8702,08,8J,0,,0,,N,B,Y,N,0,124,0
M921,08,8J,0,,0,,N,B,Y,N,0,124,0
M949,08,8R,0,,0,,N,B,Y,N,0,124,0
R192,06,6H,0,,0,,N,B,Y,N,0,124,0
M9322,08,8J,0,,0,,N,B,Y,N,0,124,0
M4051,08,8H,0,,0,,N,B,Y,N,0,124,0
S0483,01,1J,0,,0,,0,B,Y,N,0,124,0
M6744,08,8M,0,,0,,N,B,Y,N,0,124,0
M4393,08,8H,0,,0,,N,B,Y,N,0,124,0
N037,11,11K,0,,0,E,N,B,Y,Y,0,124,28
C755,01,1C,0,,0,,N,B,Y,N,0,124,0
M4718,08,8H,0,,0,,N,B,Y,N,0,124,0
M805,08,8E,0,,0,,N,B,Y,N,0,124,0
L701,09,9D,0,,0,,N,B,Y,N,0,124,0
H839,03,3G,0,,0,,N,B,Y,N,0,124,0
I829,05,5D,0,,0,,N,B,Y,N,0,124,0
Z340,30,,0,,0,,N,F,N,N,9,60,0
L904,09,9D,0,,0,,N,B,Y,N,0,124,0
Z636,23,23D,0,,0,,N,B,Y,N,0,124,0
B651,07,7D,0,,0,,N,B,Y,N,0,124,0
M8544,08,8J,0,,0,,N,B,Y,N,0,124,0
M4938,08,8H,0,,0,,N,B,N,N,0,124,0
E342,10,10E,0,,0,,N,B,Y,N,0,124,0
G598,01,1J,0,,0,,N,B,N,N,0,124,0
A222,06,6J,0,,0,,N,B,Y,N,0,124,0
Q556,12,12E,0,,0,,N,M,Y,N,0,124,0
L419,09,9B,0,,0,,N,B,Y,N,0,124,0
F171,20,20F,0,,0,,N,B,Y,N,0,124,0
S418,09,9H,0,,0,,0,B,Y,N,0,124,0
G968,01,1H,0,,0,,N,B,Y,N,0,124,0
S72405,08,8A,0,,0,,8,B,Y,N,0,124,0
A663,09,9C,0,,0,,N,B,Y,N,0,124,0
R788,23,23B,0,,0,,N,B,Y,N,0,124,0
M493,08,8H,0,,0,,N,B,N,N,0,124,0
F173,20,20B,0,,0,,N,B,Y,N,0,124,0
C539,13,13A,0,,0,,N,F,Y,N,0,124,0
M654,08,8M,0,,0,,N,B,Y,N,0,124,0
M4138,08,8H,0,,0,,N,B,Y,N,0,124,0
L630,09,9C,0,,0,,N,B,Y,N,0,124,0
F1741,20,20B,0,,0,,N,B,Y,N,0,124,0
J458,04,4K,0,,0,,N,B,Y,N,0,124,0
M996,30,,0,,0,,N,B,N,N,0,124,0
G510,01,1J,0,,0,,N,B,Y,N,0,124,0
F1752,20,20B,0,,0,,N,B,Y,N,0,124,0
M6618,08,8M,0,,0,,N,B,Y,N,0,124,0
N073,11,11H,0,,0,,N,B,Y,N,0,124,0
E509,10,10C,0,,0,E,N,B,Y,N,0,124,0
S6083,09,9H,0,,0,,0,B,Y,N,0,124,0
F1770,20,20B,0,,0,,N,B,Y,N,0,124,0
H738,03,3G,0,,0,,N,B,Y,N,0,124,0
M7259,08,8M,0,,0,,N,B,Y,N,0,124,0
Z225,07,7D,0,,0,,N,B,Y,N,0,124,0
Q685,08,8R,0,,0,,N,B,Y,N,0,124,0
M8103,08,8J,0,,0,,N,F,Y,N,31,124,0
R890,23,23B,0,,0,,N,B,Y,N,0,124,0
M100,08,8J,0,,0,,N,B,Y,N,0,124,0
M8510,08,8R,0,,0,,N,B,Y,N,0,124,0
M7253,08,8M,0,,0,,N,B,Y,N,0,124,0
M0187,08,8G,0,,0,,N,B,N,N,0,124,0
K0059,03,3H,0,,0,,N,B,Y,Y,0,124,28
Q134,02,2D,0,,0,,N,B,Y,N,0,124,0
F181,20,20F,0,,0,,N,B,Y,N,0,124,0
M174,08,8J,0,,0,,N,B,Y,N,0,124,0
B421,18,18G,0,,0,,N,B,Y,N,0,124,0
Q531,12,12E,0,,0,,N,B,Y,N,0,124,0
K042,03,3H,0,,0,,N,B,Y,Y,0,124,28
M711,08,8M,0,,0,,N,B,Y,N,0,124,0
S8088,09,9H,0,,0,,0,B,Y,N,0,124,0
A932,18,18F,0,,0,,N,B,Y,N,0,124,0
M2122,08,8R,0,,0,,N,B,Y,N,0,124,0
Q519,13,13F,0,,0,,N,F,Y,N,0,124,0
S4241,08,8Q,0,,0,,7,B,Y,N,0,124,0
F445,19,19F,0,,0,,N,B,Y,N,0,124,0
D142,04,4M,0,,0,,N,B,Y,N,0,124,0
S410,21,21A,0,,0,,0,B,Y,N,0,124,0
F641,19,19H,0,,0,,N,B,Y,N,0,124,0
A040,06,6G,0,,0,,N,B,Y,N,0,124,0
M8918,08,8R,0,,0,,N,B,Y,N,0,19,0
A543,02,2A,0,,0,,N,B,Y,N,0,124,0
M255,08,8L,0,,0,,N,B,Y,N,0,124,0
M6652,08,8M,0,,0,,N,B,Y,N,0,124,0
T473,21,21C,0,,0,,N,B,Y,N,0,124,0
M9499,08,8R,0,,0,,N,B,Y,N,0,124,0
M8337,08,8J,0,,0,,N,B,Y,N,16,124,0
I278,05,5R,0,,0,,N,B,Y,N,0,124,0
Q7231,08,8R,0,,0,,N,B,Y,N,0,124,0
L402,09,9B,0,,0,,N,B,Y,N,0,124,0
N361,11,11H,0,,0,,N,B,Y,N,0,124,0
I861,12,12E,0,,0,,N,M,Y,N,0,124,0
M9011,08,8D,0,,0,,N,B,N,N,0,124,0
S091,08,8R,0,,0,,0,B,Y,N,0,124,0
M8487,08,8R,0,,0,,N,B,Y,N,0,124,0
Z963,30,,0,,0,,N,B,N,N,0,124,0
M8497,08,8R,0,,0,,N,B,Y,N,0,124,0
M1124,08,8J,0,,0,,N,B,Y,N,0,124,0
A230,18,18H,0,,0,,N,B,Y,N,0,124,0
L990,09,9D,0,,0,,N,B,N,N,0,124,0
S42408,08,8Q,0,,0,,0,B,Y,N,0,124,0
C031,03,3A,0,,0,,N,B,Y,N,0,124,0
S028,01,1S,0,,0,,0,B,Y,N,0,124,0
S862,08,8Q,0,,0,,0,B,Y,N,0,124,0
N141,11,11K,0,,0,,N,B,Y,N,0,124,0
M4716,08,8H,0,,0,,N,B,Y,N,0,124,0
S5291,08,8P,0,,0,,7,B,Y,N,0,124,0
M6589,08,8M,0,,0,,N,B,Y,N,0,124,0
Q784,08,8R,0,,0,,N,B,Y,N,0,124,0
M8338,08,8J,0,,0,,N,B,Y,N,16,124,0
P769,15,,0,,0,,N,B,Y,N,0,0,0
R294,08,8L,0,,0,,N,B,Y,N,0,124,0
A158,04,4C,0,,0,D,N,B,Y,N,0,124,0
C675,11,11C,0,,0,,N,B,Y,N,0,124,0
K589,06,6H,0,,0,,N,B,Y,N,0,124,0
S52011,08,8P,0,,0,,7,B,Y,N,0,124,0
R943,05,5R,0,,0,,N,B,Y,N,0,124,0
M7189,08,8M,0,,0,,N,B,Y,N,0,124,0
Q3839,03,3H,0,,0,,N,B,Y,N,0,124,0
A598,18,18H,0,,0,,N,B,Y,N,1,124,0
O40,14,14B,0,,0,,N,F,Y,N,9,60,0
Z123,23,23D,0,,0,,N,B,Y,N,0,124,0
S009,09,9H,0,,0,,0,B,Y,N,0,124,0
M7079,08,8M,0,,0,,N,B,Y,N,0,124,0
L089,09,9G,0,,0,,N,B,Y,N,0,124,0
A55,12,12C,0,,0,,N,B,Y,N,1,124,0
E670,10,10C,0,,0,,N,B,Y,N,0,124,0
Z273,23,23D,0,,0,,N,B,Y,N,0,124,0
A562,12,12C,0,,0,,N,B,Y,N,1,124,0
S62111,08,8P,0,,0,,0,B,Y,N,0,124,0
Q604,11,11H,0,,0,,N,B,Y,N,0,124,0
T255,22,22C,0,,0,,N,B,Y,N,0,124,0
R071,04,4H,0,,0,,N,B,Y,N,0,124,0
M8008,08,8E,0,,0,,N,F,Y,N,31,124,0
P284,15,,0,,0,,N,B,Y,N,0,0,0
Z911,30,,0,,0,,N,B,N,N,0,124,0
L813,09,9D,0,,0,,N,B,Y,N,0,124,0
M2303,08,8Q,0,,0,,N,B,Y,N,0,124,0
H55,02,2B,0,,0,,N,B,Y,N,0,124,0
K110,03,3G,0,,0,,N,B,Y,N,0,124,0
M164,08,8J,0,,0,,N,B,Y,N,0,124,0
L982,09,9B,0,,0,,N,B,Y,N,0,124,0
Q741,08,8R,0,,0,,N,B,Y,N,0,124,0
M000,08,8G,0,,0,,N,B,Y,N,0,124,0
Q140,02,2D,0,,0,,N,B,Y,N,0,124,0
S3650,06,6J,0,,0,,3,B,Y,N,0,124,0
M201,08,8R,0,,0,,N,B,Y,N,0,124,0
Q525,13,13F,0,,0,,N,F,Y,N,0,124,0
N035,11,11K,0,,0,E,N,B,Y,Y,0,124,28
S52008,08,8P,0,,0,,0,B,Y,N,0,124,0
Z571,23,23D,0,,0,,N,B,Y,N,0,124,0
M0363,08,8J,0,,0,,N,B,N,N,0,124,0
M0321,08,8J,0,,0,,N,B,N,N,0,124,0
M0915,08,8J,0,,0,,N,B,N,N,0,124,0
B530,18,18C,0,,0,,N,B,Y,N,0,124,0
S5230,08,8P,0,,0,,0,B,Y,N,0,124,0
C530,13,13A,0,,0,,N,F,Y,N,0,124,0
M4802,08,8H,0,,0,,N,B,Y,N,16,124,0
L2481,09,9D,0,,0,,N,B,Y,N,0,124,0
R05,04,4H,0,,0,,N,B,Y,N,0,124,0
K0322,03,3H,0,,0,,N,B,Y,Y,0,124,28
S630,08,8P,0,,0,,0,B,Y,N,0,124,0
A590,12,12C,0,,0,,N,B,Y,N,1,124,0
S570,21,21A,0,,0,,0,B,Y,N,0,124,0
S602,09,9H,0,,0,,0,B,Y,N,0,124,0
N111,11,11D,0,,0,,N,B,Y,N,0,124,0
M028,08,8J,0,,0,,N,B,Y,N,0,124,0
T0290,21,21A,0,,0,,0,B,Y,N,0,124,0
G587,01,1J,0,,0,,N,B,Y,N,0,124,0
K119,03,3G,0,,0,,N,B,Y,N,0,124,0
K210,06,6M,0,,0,,N,B,Y,N,0,124,0
T342,21,21E,0,,0,,N,B,Y,N,0,124,0
D236,09,9D,0,,0,,N,B,Y,N,0,124,0
A539,18,18H,0,,0,,N,B,Y,N,1,124,0
M494,08,8H,0,,0,,N,B,N,N,0,124,0
M2199,08,8R,0,,0,,N,B,Y,N,0,124,0
H542,02,2D,0,,0,E,N,B,Y,N,0,124,0
L660,09,9D,0,,0,,N,B,Y,N,0,124,0
H053,02,2D,0,,0,,N,B,Y,N,0,124,0
Q3851,03,3H,0,,0,,N,B,Y,N,0,124,0
M2340,08,8R,0,,0,,N,B,Y,N,0,124,0
E749,10,10D,0,,0,,N,B,Y,N,0,124,0
G629,01,1J,0,,0,,N,B,Y,N,0,124,0
Q515,13,13F,0,,0,,N,F,Y,N,0,124,0
B269,18,18F,0,,0,,N,B,Y,N,0,124,0
Z507,23,23A,0,,0,,N,B,Y,N,0,124,0
A050,06,6G,0,,0,,N,B,Y,N,0,124,0
F177,20,20B,0,,0,,N,B,Y,N,0,124,0
D358,10,10E,0,,0,,N,B,Y,N,0,124,0
M8160,08,8J,0,,0,,N,B,Y,N,0,124,0
F313,19,19C,0,,0,,N,B,Y,N,0,124,0
E030,10,10E,0,,0,,N,B,Y,N,0,124,0
Z863,30,,0,,0,,N,B,N,N,0,124,0
O755,14,14A,0,,0,,N,F,Y,N,9,60,0
Z588,23,23D,0,,0,,N,B,Y,N,0,124,0
C0619,03,3A,0,,0,,N,B,Y,N,0,124,0
M9189,08,8J,0,,0,,N,B,Y,N,0,124,0
M5416,08,8H,0,,0,E,N,B,Y,N,0,124,0
F1707,20,20F,0,,0,,N,B,Y,N,0,124,0
S599,21,21A,0,,0,,0,B,Y,N,0,124,0
H228,02,2D,0,,0,,N,B,N,N,0,124,0
S552,21,21A,0,,0,,0,B,Y,N,0,124,0
M2196,08,8R,0,,0,,N,B,Y,N,0,124,0
Z872,30,,0,,0,,N,B,N,N,0,124,0
A665,03,3G,0,,0,,N,B,Y,N,0,124,0
F918,19,19J,0,,0,,N,B,Y,N,0,124,0
L659,09,9D,0,,0,,N,B,Y,N,0,124,0
R413,23,23B,0,,0,,N,B,Y,N,0,124,0
Q761,08,8R,0,,0,,N,B,Y,N,0,124,0
I280,05,5R,0,,0,,N,B,Y,N,0,124,0
L652,09,9D,0,,0,,N,B,Y,N,0,124,0
T512,21,21C,0,,0,,N,B,Y,N,0,124,0
M008,08,8G,0,,0,,N,B,Y,N,0,124,0
S409,09,9H,0,,0,,0,B,Y,N,0,124,0
Z991,30,,0,,0,,N,B,N,N,0,124,0
M236,08,8Q,0,,0,,N,B,Y,N,0,124,0
A560,12,12C,0,,0,,N,B,Y,N,1,124,0
M9394,08,8J,0,,0,,N,B,Y,N,0,124,0
T508,21,21C,0,,0,,N,B,Y,N,0,124,0
F340,19,19D,0,,0,,N,B,Y,N,0,124,0
T453,21,21C,0,,0,,N,B,Y,N,0,124,0
E002,10,10E,0,,0,,N,B,Y,N,0,124,0
Z539,23,23D,0,,0,,N,B,Y,N,0,124,0
M1128,08,8J,0,,0,,N,B,Y,N,0,124,0
C403,08,8E,0,,0,,N,B,Y,N,0,124,0
M0767,08,8J,0,,0,,N,B,N,N,16,124,0
S459,21,21A,0,,0,,0,B,Y,N,0,124,0
K078,03,3H,0,,0,,N,B,Y,Y,0,124,28
M8138,08,8J,0,,0,,N,B,Y,N,0,124,0
C110,03,3A,0,,0,,N,B,Y,N,0,124,0
G621,01,1J,0,,0,,N,B,Y,N,0,124,0
O833,14,14A,0,,0,,N,F,Y,N,9,60,0
G308,01,1D,0,,0,,N,B,Y,N,1,124,0
S42101,08,8Q,0,,0,,0,B,Y,N,0,124,0
G638,01,1J,0,,0,,N,B,N,N,0,124,0
F411,19,19F,0,,0,,N,B,Y,N,0,124,0
H702,03,3D,0,,0,,N,B,Y,N,0,124,0
K0069,03,3H,0,,0,,N,B,Y,N,0,124,0
B80,06,6L,0,,0,,N,B,Y,N,0,124,0
R458,19,19L,0,,0,,N,B,Y,N,0,124,0
T224,22,22C,0,,0,,N,B,Y,N,0,124,0
M2497,08,8R,0,,0,,N,B,Y,N,0,124,0
M614,08,8M,0,,0,,N,B,Y,N,0,124,0
M0128,08,8G,0,,0,,N,B,N,N,0,124,0
K628,06,6J,0,,0,,N,B,Y,N,0,124,0
H220,02,2D,0,,0,,N,B,N,N,0,124,0
D461,16,16A,0,,0,,N,B,Y,N,0,124,0
S302,12,12E,0,,0,,0,B,Y,N,0,124,0
B760,06,6L,0,,0,,N,B,Y,N,0,124,0
F4324,19,19E,0,,0,,N,B,Y,N,0,124,0
M8117,08,8J,0,,0,,N,F,Y,N,1,124,0
M8591,08,8R,0,,0,,N,B,Y,N,0,124,0
J020,03,3D,0,,0,,N,B,Y,N,0,124,0
I700,05,5F,0,,0,,N,B,Y,N,1,124,0
S900,09,9H,0,,0,,0,B,Y,N,0,124,0
M544,08,8H,0,,0,,N,B,Y,N,0,124,0
F1702,20,20F,0,,0,,N,B,Y,N,0,124,0
F447,19,19F,0,,0,,N,B,Y,N,0,124,0
K032,03,3H,0,,0,,N,B,Y,Y,0,124,28
K1181,03,3G,0,,0,,N,B,Y,N,0,124,0
F4481,19,19F,0,,0,,N,B,Y,N,0,124,0
M090,08,8F,0,,0,,N,B,N,N,0,124,0
F450,19,19D,0,,0,,N,B,Y,N,0,124,0
Q505,13,13F,0,,0,,N,F,Y,N,0,124,0
M0203,08,8J,0,,0,,N,B,Y,N,0,124,0
B8311,02,2A,0,,0,,N,B,Y,N,0,124,0
Z748,23,23D,0,,0,,N,B,Y,N,0,124,0
F4531,19,19D,0,,0,,N,B,Y,N,0,124,0
F4328,19,19E,0,,0,,N,B,Y,N,0,124,0
F4534,19,19D,0,,0,,N,B,Y,N,0,124,0
S8291,08,8Q,0,,0,,0,B,Y,N,0,124,0
M6025,08,8M,0,,0,,N,B,Y,N,0,124,0
S32610,08,8B,0,,0,,6,B,Y,N,0,124,0
M8331,08,8J,0,,0,,N,B,Y,N,16,124,0
F4588,19,19D,0,,0,,N,B,Y,N,0,124,0
P021,15,,0,,0,,N,B,Y,N,0,0,0
Q543,12,12E,0,,0,,N,M,Y,N,0,124,0
F481,19,19D,0,,0,,N,B,Y,N,0,124,0
S5280,08,8P,0,,0,,0,B,Y,N,0,124,0
H504,02,2B,0,,0,,N,B,Y,N,0,124,0
D057,09,9E,0,,0,,N,B,Y,N,0,124,0
M4682,08,8H,0,,0,,N,B,Y,N,0,124,0
M5487,08,8H,0,,0,,N,B,Y,N,0,124,0
F505,19,19G,0,,0,,N,B,Y,N,0,124,0
K599,06,6H,0,,0,,N,B,Y,N,0,124,0
N994,13,13F,0,,0,,N,B,Y,N,0,124,0
M2597,08,8L,0,,0,,N,B,Y,N,0,124,0
S642,01,1J,0,,0,,7,B,Y,N,0,124,0
K383,06,6J,0,,0,,N,B,Y,N,0,124,0
Q173,03,3G,0,,0,,N,B,Y,N,0,124,0
Z725,23,23D,0,,0,,N,B,Y,N,0,124,0
F520,19,19M,0,,0,,N,B,Y,N,0,124,0
H178,02,2D,0,,0,,N,B,Y,N,0,124,0
Z450,05,5R,0,,0,,N,B,Y,N,0,124,0
M8012,08,8E,0,,0,,N,F,Y,N,1,124,0
S035,08,8R,0,,0,,0,B,Y,N,0,124,0
A802,01,1K,0,,0,,N,B,Y,N,0,124,0
M6130,08,8M,0,,0,,N,B,Y,N,0,124,0
M6091,08,8L,0,,0,,N,B,Y,N,0,124,0
M4027,08,8H,0,,0,,N,B,Y,N,0,124,0
S82113,08,8Q,0,,0,,8,B,Y,N,0,124,0
Z549,23,23D,0,,0,,N,B,Y,N,0,124,0
R160,07,7D,0,,0,E,N,B,Y,N,0,124,0
L932,09,9C,0,,0,,N,B,Y,N,0,124,0
M2191,08,8R,0,,0,,N,B,Y,N,0,124,0
A427,18,18H,0,,0,D,N,B,Y,N,0,124,0
H027,02,2D,0,,0,,N,B,Y,N,0,124,0
F557,20,20F,0,,0,,N,B,Y,N,0,124,0
F558,20,20F,0,,0,,N,B,Y,N,0,124,0
A184,09,9C,0,,0,D,N,B,Y,N,0,124,0
F818,19,19J,0,,0,,N,B,Y,Y,0,124,28
M8596,08,8R,0,,0,,N,B,Y,N,0,124,0
F602,19,19H,0,,0,,N,B,Y,N,0,124,0
D252,13,13F,0,,0,,N,F,Y,N,0,124,0
K0331,03,3H,0,,0,,N,B,Y,Y,0,124,28
F6038,19,19H,0,,0,,N,B,Y,N,0,124,0
M4800,08,8H,0,,0,,N,B,Y,N,16,124,0
M7289,08,8M,0,,0,,N,B,Y,N,0,124,0
M170,08,8J,0,,0,,N,B,Y,N,0,124,0
N913,13,13F,0,,0,,N,F,Y,N,9,60,0
T784,21,21B,0,,0,,N,B,Y,N,0,124,0
R1048,06,6K,0,,0,,N,B,Y,N,0,124,0
Q625,11,11H,0,,0,,N,B,Y,N,0,124,0
O029,14,14H,0,,0,,N,F,Y,N,9,60,0
O690,14,14A,0,,0,,N,F,Y,N,9,60,0
M5409,09,9C,0,,0,,N,B,Y,N,0,124,0
F620,19,19H,0,,0,,N,B,Y,N,0,124,0
M2103,08,8R,0,,0,,N,B,Y,N,0,124,0
F631,19,19H,0,,0,,N,B,Y,N,0,124,0
S909,09,9H,0,,0,,0,B,Y,N,0,124,0
Q620,11,11H,0,,0,,N,B,Y,N,0,124,0
M2449,08,8R,0,,0,,N,B,Y,N,0,124,0
T275,04,4Q,0,,0,,N,B,Y,N,0,124,0
K1000,03,3H,0,,0,,N,B,Y,N,0,124,0
D1031,03,3H,0,,0,,N,B,Y,N,0,124,0
F642,19,19H,0,,0,,N,B,Y,N,0,124,0
S767,08,8C,0,,0,,0,B,Y,N,0,124,0
F649,19,19H,0,,0,,N,B,Y,N,0,124,0
S52213,08,8P,0,,0,,7,B,Y,N,0,124,0
P005,15,,0,,0,,N,B,Y,N,0,0,0
M4901,08,8D,0,,0,,N,B,N,N,0,124,0
M6257,08,8M,0,,0,,N,B,Y,N,0,124,0
M8898,08,8J,0,,0,,N,B,Y,N,0,124,0
O680,14,14A,0,,0,,N,F,Y,N,9,60,0
F656,19,19H,0,,0,,N,B,Y,N,0,124,0
Q561,10,10E,0,,0,,N,B,Y,N,0,124,0
F659,19,19H,0,,0,,N,B,Y,N,0,124,0
S797,08,8C,0,,0,,0,B,Y,N,0,124,0
O668,14,14A,0,,0,,N,F,Y,N,9,60,0
T205,22,22C,0,,0,,N,B,Y,N,0,124,0
F668,19,19H,0,,0,,N,B,Y,N,0,124,0
S92302,08,8P,0,,0,,0,B,Y,N,0,124,0
M8504,08,8J,0,,0,,N,B,Y,N,0,124,0
M8958,08,8R,0,,0,,N,B,Y,N,0,124,0
Z9668,30,,0,,0,,N,B,N,N,0,124,0
L562,09,9D,0,,0,,N,B,Y,N,0,124,0
Z962,30,,0,,0,,N,B,N,N,0,124,0
T490,21,21C,0,,0,,N,B,Y,N,0,124,0
F710,19,19K,0,,0,,N,B,Y,N,0,124,0
M1110,08,8J,0,,0,,N,B,Y,N,0,124,0
Q310,03,3G,0,,0,,N,B,Y,N,0,124,0
Z762,23,23D,0,,0,,N,B,Y,N,0,10,0
D1006,03,3H,0,,0,,N,B,Y,N,0,124,0
M1904,08,8J,0,,0,,N,B,Y,N,0,124,0
I498,05,5M,0,,0,,N,B,Y,N,0,124,0
M6614,08,8M,0,,0,,N,B,Y,N,0,124,0
F738,19,19K,0,,0,,N,B,Y,N,0,124,0
D331,01,1C,0,,0,,N,B,Y,N,0,124,0
F780,19,19K,0,,0,,N,B,Y,N,0,124,0
O060,14,14K,0,,0,,N,F,Y,N,9,60,0
D1800,09,9D,0,,0,,N,B,Y,N,0,124,0
R838,01,1U,0,,0,,N,B,Y,N,0,124,0
K1431,03,3H,0,,0,,N,B,Y,N,0,124,0
S624,08,8P,0,,0,,0,B,Y,N,0,124,0
M2330,08,8Q,0,,0,,N,B,Y,N,0,124,0
C080,03,3A,0,,0,,N,B,Y,N,0,124,0
N644,09,9F,0,,0,,N,B,Y,N,0,124,0
M6109,08,8M,0,,0,,N,B,Y,N,0,124,0
M753,08,8M,0,,0,,N,B,Y,N,1,124,0
M4689,08,8H,0,,0,,N,B,Y,N,0,124,0
B908,18,18H,0,,0,,N,B,Y,N,1,124,0
Z518,23,23D,0,,0,,N,B,Y,N,0,124,0
F810,19,19J,0,,0,,N,B,Y,Y,0,124,28
Q124,02,2D,0,,0,,N,B,Y,N,0,124,0
M7723,08,8M,0,,0,,N,B,Y,N,0,124,0
R202,01,1U,0,,0,,N,B,Y,N,0,124,0
M6800,08,8M,0,,0,,N,B,N,N,0,124,0
M965,08,8H,0,,0,,N,B,Y,N,0,124,0
K1320,03,3H,0,,0,E,N,B,Y,N,0,124,0
Z8929,30,,0,,0,,N,B,N,N,0,124,0
C505,09,9E,0,,0,,N,B,Y,N,0,124,0
Z959,30,,0,,0,,N,B,N,N,0,124,0
K090,03,3H,0,,0,,N,B,Y,N,0,124,0
M503,08,8H,0,,0,,N,B,Y,N,0,124,0
L250,09,9D,0,,0,,N,B,Y,N,0,124,0
F89,19,19J,0,,0,,N,B,Y,Y,0,124,28
M8393,08,8J,0,,0,,N,B,Y,N,16,124,0
F908,19,19J,0,,0,,N,B,Y,N,0,124,0
M0920,08,8J,0,,0,,N,B,N,N,0,124,0
L442,09,9D,0,,0,,N,B,Y,N,0,124,0
S6081,09,9H,0,,0,,0,B,Y,N,0,124,0
Q890,16,16C,0,,0,,N,B,Y,N,0,124,0
S003,09,9H,0,,0,,0,B,Y,N,0,124,0
B389,18,18G,0,,0,D,N,B,Y,N,0,124,0
F920,19,19J,0,,0,,N,B,Y,N,0,124,0
F951,01,1U,0,,0,,N,B,Y,N,0,124,0
F929,19,19J,0,,0,,N,B,Y,N,0,124,0
F930,19,19J,0,,0,,N,B,Y,N,0,124,0
C060,03,3A,0,,0,,N,B,Y,N,0,124,0
A878,01,1L,0,,0,B,N,B,Y,N,0,124,0
T599,21,21C,0,,0,,N,B,Y,N,0,124,0
F938,19,19J,0,,0,,N,B,Y,N,0,124,0
H192,02,2A,0,,0,,N,B,N,N,0,124,0
Z9669,30,,0,,0,,N,B,N,N,0,124,0
F941,19,19J,0,,0,,N,B,Y,N,0,124,0
B005,02,2A,0,,0,D,N,B,Y,N,0,124,0
G630,01,1J,0,,0,,N,B,N,N,0,124,0
M0910,08,8J,0,,0,,N,B,N,N,0,124,0
M6518,08,8M,0,,0,,N,B,Y,N,0,124,0
F952,01,1U,0,,0,,N,B,Y,N,0,124,0
F958,01,1U,0,,0,,N,B,Y,N,0,124,0
G478,19,19F,0,,0,,N,B,Y,N,0,124,0
S42302,08,8Q,0,,0,,0,B,Y,N,0,124,0
H432,02,2D,0,,0,,N,B,Y,N,0,124,0
M4013,08,8H,0,,0,,N,B,Y,N,0,124,0
D437,01,1C,0,,0,,N,B,Y,N,0,124,0
S500,09,9H,0,,0,,0,B,Y,N,0,124,0
G452,01,1G,0,,0,,N,B,Y,N,0,124,0
B761,06,6L,0,,0,,N,B,Y,N,0,124,0
M775,08,8M,0,,0,,N,B,Y,N,0,124,0
Z522,08,8R,0,,0,,N,B,Y,N,0,124,0
T341,21,21E,0,,0,,N,B,Y,N,0,124,0
L663,09,9D,0,,0,,N,B,Y,N,0,124,0
M1007,08,8J,0,,0,,N,B,Y,N,0,124,0
M356,09,9C,0,,0,,N,B,Y,N,0,124,0
K0720,03,3H,0,,0,,N,B,Y,Y,0,124,28
M7311,08,8M,0,,0,,N,B,N,N,0,124,0
M4112,08,8H,0,,0,,N,B,Y,N,0,124,0
R619,09,9D,0,,0,E,N,B,Y,N,0,124,0
M2137,08,8R,0,,0,,N,B,Y,N,0,124,0
M1242,08,8J,0,,0,,N,B,Y,N,0,124,0
E708,10,10D,0,,0,,N,B,Y,N,0,124,0
Z749,23,23D,0,,0,,N,B,Y,N,0,124,0
L028,09,9G,0,,0,,N,B,Y,N,0,124,0
M1999,08,8J,0,,0,,N,B,Y,N,0,124,0
S62105,08,8P,0,,0,,0,B,Y,N,0,124,0
R454,19,19L,0,,0,,N,B,Y,N,0,124,0
T181,06,6J,0,,0,,N,B,Y,N,0,124,0
M0623,08,8F,0,,0,,N,B,Y,N,0,124,0
L620,09,9D,0,,0,,N,B,N,N,0,124,0
T6302,21,21C,0,,0,,N,B,Y,N,0,124,0
E268,10,10E,0,,0,,N,B,Y,N,0,124,0
P782,15,,0,,0,,N,B,Y,N,0,0,0
O340,14,14B,0,,0,,N,F,Y,N,9,60,0
G251,01,1U,0,,0,,N,B,Y,N,0,124,0
L600,09,9D,0,,0,,N,B,Y,N,0,124,0
L599,09,9D,0,,0,,N,B,Y,N,0,124,0
T678,21,21E,0,,0,,N,B,Y,N,0,124,0
L589,09,9C,0,,0,,N,B,Y,N,0,124,0
M8965,08,8R,0,,0,,N,B,Y,N,0,124,0
K919,06,6J,0,,0,,N,B,Y,N,0,124,0
K1378,03,3H,0,,0,,N,B,Y,N,0,124,0
N318,11,11H,0,,0,,N,B,Y,N,0,124,0
L576,09,9D,0,,0,,N,B,Y,N,0,124,0
M8507,08,8J,0,,0,,N,B,Y,N,0,124,0
M8151,08,8J,0,,0,,N,B,Y,N,1,124,0
R13,06,6H,0,,0,,N,B,Y,N,0,124,0
L571,09,9B,0,,0,,N,B,Y,N,0,124,0
O652,14,14A,0,,0,,N,F,Y,N,9,60,0
J383,03,3G,0,,0,,N,B,Y,N,0,124,0
N160,11,11D,0,,0,,N,B,N,N,0,124,0
L564,09,9D,0,,0,,N,B,Y,N,0,124,0
T252,22,22C,0,,0,,N,B,Y,N,0,124,0
M2460,08,8J,0,,0,,N,B,Y,N,0,124,0
S462,08,8Q,0,,0,,0,B,Y,N,0,124,0
K144,03,3H,0,,0,,N,B,Y,N,0,124,0
Z886,30,,0,,0,,N,B,N,N,0,124,0
M8586,08,8R,0,,0,,N,B,Y,N,0,124,0
S5260,08,8P,0,,0,,0,B,Y,N,0,124,0
B953,30,,0,,0,,N,B,N,N,0,124,0
L539,09,9D,0,,0,,N,B,Y,N,0,124,0
Q894,15,,0,,0,,N,B,Y,N,0,124,0
A493,18,18H,0,,0,,N,B,Y,N,0,124,0
Z655,23,23D,0,,0,,N,B,Y,N,0,124,0
T0270,21,21A,0,,0,,8,B,Y,N,0,124,0
M6884,08,8M,0,,0,,N,B,N,N,0,124,0
M8208,08,8J,0,,0,,N,B,N,N,0,124,0
M5403,09,9C,0,,0,,N,B,Y,N,0,124,0
T043,21,21A,0,,0,,0,B,Y,N,0,124,0
L505,09,9D,0,,0,,N,B,Y,N,0,124,0
M7184,08,8M,0,,0,,N,B,Y,N,0,124,0
Q443,07,7E,0,,0,,N,B,Y,N,0,124,0
M1913,08,8J,0,,0,,N,B,Y,N,0,124,0
Z714,23,23D,0,,0,,N,B,Y,N,0,124,0
P500,15,,0,,0,,N,B,Y,N,0,0,0
Z577,23,23D,0,,0,,N,B,Y,N,0,124,0
T670,21,21E,0,,0,,N,B,Y,N,0,124,0
M173,08,8J,0,,0,,N,B,Y,N,0,124,0
M6630,08,8M,0,,0,,N,B,Y,N,0,124,0
P043,15,,0,,0,,N,B,Y,N,0,0,0
S218,09,9H,0,,0,,0,B,Y,N,0,124,0
N270,11,11H,0,,0,,N,B,Y,N,0,124,0
L430,09,9C,0,,0,,N,B,Y,N,0,124,0
S82212,08,8Q,0,,0,,8,B,Y,N,0,124,0
M0643,08,8J,0,,0,,N,B,Y,N,0,124,0
N288,11,11H,0,,0,,N,B,Y,N,0,124,0
M765,08,8M,0,,0,,N,B,Y,N,0,124,0
H731,03,3D,0,,0,,N,B,Y,N,0,124,0
C866,09,9B,0,,0,,N,B,Y,N,0,124,0
G589,01,1J,0,,0,,N,B,Y,N,0,124,0
M4396,08,8H,0,,0,,N,B,Y,N,0,124,0
L408,09,9B,0,,0,,N,B,Y,N,0,124,0
G471,19,19F,0,,0,,N,B,Y,N,0,124,0
M010,08,8G,0,,0,,N,B,N,N,0,124,0
Z270,23,23D,0,,0,,N,B,Y,N,0,124,0
M6714,08,8M,0,,0,,N,B,Y,N,0,124,0
F1525,20,20E,0,,0,,N,B,Y,N,0,124,0
D001,06,6A,0,,0,,N,B,Y,N,0,124,0
M2395,08,8Q,0,,0,,N,B,Y,N,0,124,0
F1207,20,20F,0,,0,,N,B,Y,N,0,124,0
M6239,08,8M,0,,0,,N,B,Y,N,0,124,0
L301,09,9D,0,,0,,N,B,Y,N,0,124,0
Q4470,07,7D,0,,0,,N,B,Y,N,0,124,0
M2573,08,8R,0,,0,,N,B,Y,N,0,124,0
M119,08,8J,0,,0,,N,B,Y,N,0,124,0
L290,09,9D,0,,0,,N,B,Y,N,0,124,0
C467,09,9B,0,,0,C,N,B,Y,N,0,124,0
P023,15,,0,,0,,N,B,Y,N,0,0,0
L280,09,9D,0,,0,,N,B,Y,N,0,124,0
Z765,23,23D,0,,0,,N,B,Y,N,0,124,0
L8188,09,9D,0,,0,,N,B,Y,N,0,124,0
M844,08,8E,0,,0,,N,B,Y,N,0,124,0
L2718,09,9C,0,,0,,N,B,Y,N,0,124,0
L2710,09,9C,0,,0,,N,B,Y,N,0,124,0
L270,09,9B,0,,0,,N,B,Y,N,0,124,0
L26,09,9B,0,,0,,N,B,Y,N,0,124,0
S809,09,9H,0,,0,,0,B,Y,N,0,124,0
N911,13,13F,0,,0,,N,F,Y,N,9,60,0
S808,09,9H,0,,0,,0,B,Y,N,0,124,0
S4081,09,9H,0,,0,,0,B,Y,N,0,124,0
M202,08,8R,0,,0,,N,B,Y,N,0,124,0
M928,08,8J,0,,0,,N,B,Y,N,0,124,0
G978,01,1U,0,,0,,N,B,Y,N,0,124,0
O641,14,14A,0,,0,,N,F,Y,N,9,60,0
T386,21,21C,0,,0,,N,B,Y,N,0,124,0
M8687,08,8D,0,,0,,N,B,Y,N,0,124,0
L245,09,9D,0,,0,,N,B,Y,N,0,124,0
L244,09,9D,0,,0,,N,B,Y,N,0,124,0
P614,15,,0,,0,,N,B,Y,N,0,0,0
Z700,23,23D,0,,0,,N,B,Y,N,1,124,0
L240,09,9D,0,,0,,N,B,Y,N,0,124,0
R790,23,23B,0,,0,,N,B,Y,N,0,124,0
O361,14,14B,0,,0,,N,F,Y,N,9,60,0
O219,14,14B,0,,0,,N,F,Y,N,9,60,0
M665,08,8M,0,,0,,N,B,Y,N,0,124,0
E801,10,10D,0,,0,,N,B,Y,N,0,124,0
Q743,08,8R,0,,0,,N,B,Y,N,0,124,0
P613,15,,0,,0,,N,B,Y,N,0,0,0
O333,14,14B,0,,0,,N,F,Y,N,9,60,0
B251,07,7D,0,,0,D,N,B,Y,N,0,124,0
M246,08,8J,0,,0,,N,B,Y,N,0,124,0
L211,09,9D,0,,0,,N,B,Y,N,0,19,0
H3602,02,2D,0,,0,,N,B,N,N,0,124,0
O352,14,14B,0,,0,,N,F,Y,N,9,60,0
M7386,08,8M,0,,0,,N,B,N,N,0,124,0
M9109,08,8J,0,,0,,N,B,Y,N,0,124,0
N165,11,11H,0,,0,,N,B,N,N,0,124,0
M2523,08,8R,0,,0,,N,B,Y,N,0,124,0
K592,06,6H,0,,0,,N,B,Y,N,0,124,0
C512,13,13A,0,,0,,N,F,Y,N,0,124,0
G301,01,1D,0,,0,,N,B,Y,N,31,124,0
O922,14,14C,0,,0,,N,F,Y,N,9,60,0
S560,08,8P,0,,0,,0,B,Y,N,0,124,0
T926,30,,0,,0,,N,B,N,N,0,124,0
Z541,23,23D,0,,0,,N,B,Y,N,0,124,0
T0231,08,8R,0,,0,,8,B,Y,N,0,124,0
Q331,04,4Q,0,,0,,N,B,Y,N,0,124,0
P026,15,,0,,0,,N,B,Y,N,0,0,0
H138,02,2D,0,,0,,N,B,N,N,0,124,0
M6150,08,8M,0,,0,,N,B,Y,N,0,124,0
O410,14,14B,0,,0,,N,F,Y,N,9,60,0
S42403,08,8Q,0,,0,,0,B,Y,N,0,124,0
L088,09,9G,0,,0,,N,B,Y,N,0,124,0
E760,10,10D,0,,0,,N,B,Y,N,0,124,0
P041,15,,0,,0,,N,B,Y,N,0,0,0
L048,16,16C,0,,0,E,N,B,Y,N,0,124,0
M6010,08,8M,0,,0,,N,B,Y,N,0,124,0
O045,14,14K,0,,0,,N,F,Y,N,9,60,0
L040,16,16C,0,,0,E,N,B,Y,N,0,124,0
M8546,08,8J,0,,0,,N,B,Y,N,0,124,0
M7795,08,8M,0,,0,,N,B,Y,N,0,124,0
K131,03,3H,0,,0,,N,B,Y,N,0,124,0
Q811,09,9B,0,,0,,N,B,Y,N,0,124,0
L029,09,9G,0,,0,,N,B,Y,N,0,124,0
M7791,08,8M,0,,0,,N,B,Y,N,0,124,0
B259,18,18F,0,,0,D,N,B,Y,N,0,124,0
M2479,08,8R,0,,0,,N,B,Y,N,0,124,0
M8957,08,8R,0,,0,,N,B,Y,N,0,124,0
M7974,08,8L,0,,0,,N,B,Y,N,0,124,0
Z755,23,23D,0,,0,,N,B,Y,N,0,124,0
K938,06,6J,0,,0,,N,B,N,N,0,124,0
N971,13,13F,0,,0,,N,F,Y,N,9,60,0
K928,06,6J,0,,0,,N,B,Y,N,0,124,0
A750,18,18H,0,,0,,N,B,Y,N,0,124,0
E743,06,6H,0,,0,,N,B,Y,N,0,124,0
K918,06,6J,0,,0,,N,B,Y,N,0,124,0
M4625,08,8D,0,,0,,N,B,Y,N,0,124,0
M6081,08,8L,0,,0,,N,B,Y,N,0,124,0
S246,01,1J,0,,0,,0,B,Y,N,0,124,0
Z006,30,,0,,0,,N,B,N,N,0,124,0
T535,21,21C,0,,0,,N,B,Y,N,0,124,0
M4182,08,8H,0,,0,,N,B,Y,N,0,124,0
N602,09,9F,0,,0,,N,B,Y,N,0,124,0
R442,19,19L,0,,0,,N,B,Y,N,0,124,0
K908,06,6H,0,,0,,N,B,Y,N,0,124,0
K0909,03,3H,0,,0,,N,B,Y,N,0,124,0
N835,13,13F,0,,0,,N,F,Y,N,0,124,0
K900,06,6H,0,,0,,N,B,Y,N,0,124,0
B818,06,6L,0,,0,,N,B,Y,N,0,124,0
K870,07,7E,0,,0,,N,B,N,N,0,124,0
K869,07,7C,0,,0,,N,B,Y,N,0,124,0
M8104,08,8J,0,,0,,N,F,Y,N,31,124,0
M6881,08,8M,0,,0,,N,B,N,N,0,124,0
S42410,08,8Q,0,,0,,7,B,Y,N,0,124,0
M6726,08,8M,0,,0,,N,B,Y,N,0,124,0
M4150,08,8H,0,,0,,N,B,Y,N,0,124,0
M1247,08,8J,0,,0,,N,B,Y,N,0,124,0
S0141,09,9H,0,,0,,0,B,Y,N,0,124,0
H671,03,3D,0,,0,,N,B,N,N,0,124,0
D046,09,9C,0,,0,,N,B,Y,N,0,124,0
M4359,08,8H,0,,0,,N,B,Y,N,0,124,0
K911,06,6H,0,,0,,N,B,Y,N,0,124,0
T201,22,22C,0,,0,,N,B,Y,N,0,124,0
E750,01,1D,0,,0,,N,B,Y,N,0,124,0
A200,18,18H,0,,0,,N,B,Y,N,0,124,0
K829,07,7E,0,,0,,N,B,Y,N,0,124,0
D014,06,6A,0,,0,,N,B,Y,N,0,124,0
P280,15,,0,,0,,N,B,Y,N,0,0,0
E54,10,10C,0,,0,E,N,B,Y,N,0,124,0
T313,22,22A,0,,0,,N,B,Y,N,0,124,0
M4186,08,8H,0,,0,,N,B,Y,N,0,124,0
T118,21,21A,0,,0,,0,B,Y,N,0,124,0
M6098,08,8L,0,,0,,N,B,Y,N,0,124,0
F940,19,19J,0,,0,,N,B,Y,N,0,124,0
I091,05,5K,0,,0,,N,B,Y,Y,0,124,28
N709,13,13E,0,,0,,N,F,Y,N,0,124,0
M6108,08,8M,0,,0,,N,B,Y,N,0,124,0
N959,13,13F,0,,0,,N,F,Y,N,31,124,0
K768,07,7D,0,,0,,N,B,Y,N,0,124,0
M9941,30,,0,,0,,N,B,N,N,0,124,0
M053,08,8F,0,,0,,N,B,Y,N,0,124,0
Z012,30,,0,,0,,N,B,N,N,0,124,0
M8049,08,8E,0,,0,,N,B,Y,N,0,124,0
S300,09,9H,0,,0,,0,B,Y,N,0,124,0
M0286,08,8J,0,,0,,N,B,Y,N,0,124,0
A950,18,18F,0,,0,,N,B,Y,N,0,124,0
M2505,08,8J,0,,0,,N,B,Y,N,0,124,0
F3210,19,19C,0,,0,,N,B,Y,N,0,124,0
T331,21,21E,0,,0,,N,B,Y,N,0,124,0
S6280,08,8P,0,,0,,0,B,Y,N,0,124,0
K752,07,7D,0,,0,,N,B,Y,N,0,124,0
O459,14,14B,0,,0,,N,F,Y,N,9,60,0
Q150,02,2D,0,,0,,N,B,Y,N,0,124,0
R825,23,23B,0,,0,,N,B,Y,N,0,124,0
M9381,08,8J,0,,0,,N,B,Y,N,0,124,0
Z806,23,23D,0,,0,,N,B,Y,N,0,124,0
M9983,30,,0,,0,,N,B,N,N,0,124,0
K741,07,7A,0,,0,,N,B,Y,N,0,124,0
Q796,08,8R,0,,0,,N,B,Y,N,0,124,0
A328,18,18H,0,,0,,N,B,Y,N,0,124,0
M5412,01,1J,0,,0,E,N,B,Y,N,0,124,0
M4001,08,8H,0,,0,,N,B,Y,N,0,124,0
M6106,08,8M,0,,0,,N,B,Y,N,0,124,0
B99,18,18H,0,,0,,N,B,Y,N,0,124,0
F933,19,19J,0,,0,,N,B,Y,N,0,124,0
S4309,08,8Q,0,,0,,0,B,Y,N,0,124,0
M8307,08,8J,0,,0,,N,F,Y,N,9,60,0
K701,07,7A,0,,0,,N,B,Y,N,1,124,0
M0720,08,8F,0,,0,,N,B,N,N,0,124,0
Z023,30,,0,,0,,N,B,N,N,0,124,0
M8735,08,8J,0,,0,,N,B,Y,N,0,124,0
R842,23,23B,0,,0,,N,B,Y,N,0,124,0
S5221,08,8P,0,,0,,7,B,Y,N,0,124,0
M7903,08,8L,0,,0,,N,B,Y,N,0,124,0
K668,06,6J,0,,0,,N,B,Y,N,0,124,0
B960,30,,0,,0,,N,B,N,N,0,124,0
K660,06,6J,0,,0,,N,B,Y,N,0,124,0
N420,12,12E,0,,0,,N,M,Y,N,1,124,0
F600,19,19H,0,,0,,N,B,Y,N,0,124,0
M2570,08,8R,0,,0,,N,B,Y,N,0,124,0
K0709,03,3H,0,,0,,N,B,Y,N,0,124,0
F1721,20,20F,0,,0,,N,B,Y,N,0,124,0
Z433,06,6J,0,,0,,N,B,Y,N,0,124,0
M2538,08,8R,0,,0,,N,B,Y,N,0,124,0
K635,06,6J,0,,0,,N,B,Y,N,0,124,0
K634,06,6J,0,,0,,N,B,Y,N,0,124,0
H530,02,2D,0,,0,,N,B,Y,N,0,124,0
K630,06,6J,0,,0,,N,B,Y,N,0,124,0
R948,10,10E,0,,0,,N,B,Y,N,0,124,0
F4482,19,19J,0,,0,,N,B,Y,N,0,124,0
R69,23,23D,0,,0,,N,B,Y,N,0,124,0
A971,18,18D,0,,0,,N,B,Y,N,0,124,0
M609,08,8L,0,,0,,N,B,Y,N,0,124,0
F4581,19,19D,0,,0,,N,B,Y,N,0,124,0
G635,01,1J,0,,0,,N,B,N,N,0,124,0
M7305,08,8G,0,,0,,N,B,N,N,0,124,0
R250,01,1U,0,,0,,N,B,Y,N,0,124,0
T739,21,21E,0,,0,,N,B,Y,N,0,124,0
T394,21,21C,0,,0,,N,B,Y,N,0,124,0
M4117,08,8H,0,,0,,N,B,Y,N,0,124,0
K604,06,6J,0,,0,,N,B,Y,N,0,124,0
Z101,23,23D,0,,0,,N,B,Y,N,0,124,0
S449,01,1J,0,,0,,0,B,Y,N,0,124,0
M101,21,21C,0,,0,,N,B,Y,N,0,124,0
R876,23,23B,0,,0,,N,F,Y,N,0,124,0
Z738,23,23D,0,,0,,N,B,Y,N,0,124,0
Q383,03,3H,0,,0,,N,B,Y,N,0,124,0
Z251,23,23D,0,,0,,N,B,Y,N,0,124,0
F2049,19,19B,0,,0,,N,B,Y,N,0,124,0
H319,02,2D,0,,0,,N,B,Y,N,0,124,0
Q560,10,10E,0,,0,,N,B,Y,N,0,124,0
O342,14,14B,0,,0,,N,F,Y,N,9,60,0
Q999,23,23D,0,,0,,N,B,Y,N,0,124,0
O862,14,14C,0,,0,,N,F,Y,N,9,60,0
T500,21,21C,0,,0,,N,B,Y,N,0,124,0
G311,30,,0,,0,,N,B,N,N,1,124,0
C763,12,12A,0,,0,,N,B,Y,N,0,124,0
S82116,08,8Q,0,,0,,8,B,Y,N,0,124,0
M4804,08,8H,0,,0,,N,B,Y,N,16,124,0
S664,08,8P,0,,0,,0,B,Y,N,0,124,0
Q878,15,,0,,0,,N,B,Y,N,0,124,0
R830,01,1U,0,,0,,N,B,Y,N,0,124,0
M9485,08,8R,0,,0,,N,B,Y,N,0,124,0
M4387,08,8H,0,,0,,N,B,Y,N,0,124,0
K0031,03,3H,0,,0,,N,B,Y,Y,0,124,28
H488,02,2B,0,,0,,N,B,N,N,0,124,0
E833,10,10D,0,,0,,N,B,Y,N,0,124,0
N061,11,11H,0,,0,,N,B,Y,N,0,124,0
K551,06,6J,0,,0,,N,B,Y,N,0,124,0
M6093,08,8L,0,,0,,N,B,Y,N,0,124,0
M1031,08,8J,0,,0,,N,B,Y,N,0,124,0
K523,06,6G,0,,0,,N,B,Y,N,0,124,0
K5229,06,6G,0,,0,,N,B,Y,N,0,124,0
K5228,06,6G,0,,0,,N,B,Y,N,0,124,0
Z805,23,23D,0,,0,,N,B,Y,N,0,124,0
K522,06,6G,0,,0,,N,B,Y,N,0,124,0
I770,05,5F,0,,0,,N,B,Y,N,0,124,0
M7629,08,8M,0,,0,,N,B,Y,N,0,124,0
K518,06,6E,0,,0,,N,B,Y,N,0,124,0
S8221,08,8Q,0,,0,,8,B,Y,N,0,124,0
M1197,08,8J,0,,0,,N,B,Y,N,0,124,0
K648,06,6J,0,,0,,N,B,Y,N,1,124,0
K510,06,6E,0,,0,,N,B,Y,N,0,124,0
L570,09,9D,0,,0,,N,B,Y,N,0,124,0
L84,09,9D,0,,0,,N,B,Y,N,0,124,0
B902,08,8R,0,,0,,N,B,Y,N,1,124,0
M6136,08,8M,0,,0,,N,B,Y,N,0,124,0
Z021,30,,0,,0,,N,B,N,N,0,124,0
S0329,03,3H,0,,0,,0,B,Y,N,0,124,0
N909,13,13F,0,,0,,N,F,Y,N,0,124,0
M1307,08,8K,0,,0,,N,B,Y,N,0,124,0
O991,14,14B,0,,0,,N,F,Y,N,9,60,0
Q301,03,3G,0,,0,,N,B,Y,N,0,124,0
S72402,08,8A,0,,0,,8,B,Y,N,0,124,0
M8332,08,8J,0,,0,,N,B,Y,N,16,124,0
M714,08,8M,0,,0,,N,B,Y,N,0,124,0
N482,12,12C,0,,0,,N,M,Y,N,0,124,0
M7385,08,8M,0,,0,,N,B,N,N,0,124,0
J351,03,3G,0,,0,,N,B,Y,N,0,124,0
M6134,08,8M,0,,0,,N,B,Y,N,0,124,0
K419,06,6J,0,,0,,N,B,Y,N,0,124,0
H742,03,3G,0,,0,,N,B,Y,N,0,124,0
N119,11,11D,0,,0,,N,B,Y,N,0,124,0
Q259,05,5F,0,,0,,N,B,Y,N,0,124,0
M869,08,8D,0,,0,,N,B,Y,N,0,124,0
Z489,23,23D,0,,0,,N,B,Y,N,0,124,0
M7262,08,8M,0,,0,,N,B,Y,N,0,124,0
T742,21,21E,0,,0,,N,B,Y,N,0,124,0
K389,06,6J,0,,0,,N,B,Y,N,0,124,0
G049,01,1K,0,,0,B,N,B,Y,N,0,124,0
T0241,21,21A,0,,0,,7,B,Y,N,0,124,0
M6195,08,8M,0,,0,,N,B,Y,N,0,124,0
K381,06,6J,0,,0,,N,B,Y,N,0,124,0
M662,08,8M,0,,0,,N,B,Y,N,0,124,0
N161,11,11H,0,,0,,N,B,N,N,0,124,0
L272,09,9D,0,,0,,N,B,Y,N,0,124,0
Q548,12,12E,0,,0,,N,M,Y,N,0,124,0
S619,21,21A,0,,0,,0,B,Y,N,0,124,0
C319,03,3A,0,,0,,N,B,Y,N,0,124,0
T859,21,21D,0,,0,,N,B,Y,N,0,124,0
M4643,08,8H,0,,0,,N,B,Y,N,0,124,0
Z751,23,23D,0,,0,,N,B,Y,N,0,124,0
Z022,30,,0,,0,,N,B,N,N,0,124,0
R681,23,23B,0,,0,,N,B,Y,N,0,10,0
N370,11,11D,0,,0,,N,B,N,N,0,124,0
P156,15,,0,,0,,N,B,Y,N,0,0,0
K229,06,6H,0,,0,,N,B,Y,N,0,124,0
Q266,05,5J,0,,0,,N,B,Y,N,0,124,0
D445,01,1C,0,,0,,N,B,Y,N,0,124,0
M2547,08,8R,0,,0,,N,B,Y,N,0,124,0
K296,06,6M,0,,0,,N,B,Y,N,0,124,0
S9081,09,9H,0,,0,,0,B,Y,N,0,124,0
S255,21,21A,0,,0,,0,B,Y,N,0,124,0
C109,03,3A,0,,0,,N,B,Y,N,0,124,0
K292,06,6M,0,,0,,N,B,Y,N,0,124,0
F1773,20,20B,0,,0,,N,B,Y,N,0,124,0
K0601,03,3H,0,,0,,N,B,Y,Y,0,124,28
G933,23,23B,0,,0,E,N,B,Y,N,0,124,0
T268,02,2D,0,,0,,N,B,Y,N,0,124,0
Q110,02,2D,0,,0,,N,B,Y,N,0,124,0
M5485,08,8H,0,,0,,N,B,Y,N,0,124,0
K277,06,6D,0,,0,,N,B,Y,N,0,124,0
P240,15,,0,,0,,N,B,Y,N,0,0,0
F431,19,19E,0,,0,,N,B,Y,N,0,124,0
L719,09,9D,0,,0,,N,B,Y,N,0,124,0
P783,15,,0,,0,,N,B,Y,N,0,0,0
L923,09,9D,0,,0,,N,B,Y,N,0,124,0
K267,06,6D,0,,0,,N,B,Y,N,0,124,0
H660,03,3D,0,,0,,N,B,Y,N,0,124,0
M6088,08,8L,0,,0,,N,B,Y,N,0,124,0
M9399,08,8J,0,,0,,N,B,Y,N,0,124,0
M2539,08,8R,0,,0,,N,B,Y,N,0,124,0
A751,18,18H,0,,0,,N,B,Y,N,0,124,0
M8310,08,8J,0,,0,,N,B,Y,N,31,124,0
S978,21,21A,0,,0,,0,B,Y,N,0,124,0
K231,18,18H,0,,0,,N,B,N,N,0,124,0
B084,18,18F,0,,0,,N,B,Y,N,0,124,0
B86,09,9C,0,,0,,N,B,Y,N,0,124,0
K289,06,6C,0,,0,,N,B,Y,N,0,124,0
A501,18,18H,0,,0,,N,B,Y,N,0,2,0
Z045,21,21E,0,,0,,N,B,Y,N,0,124,0
Q651,08,8R,0,,0,,N,B,Y,N,0,124,0
M8688,08,8D,0,,0,,N,B,Y,N,0,124,0
D045,09,9C,0,,0,,N,B,Y,N,0,124,0
B72,18,18H,0,,0,,N,B,Y,N,0,124,0
D169,08,8R,0,,0,,N,B,Y,N,0,124,0
B349,18,18F,0,,0,,N,B,Y,N,0,124,0
F220,19,19B,0,,0,,N,B,Y,N,0,124,0
K20,06,6M,0,,0,,N,B,Y,N,0,124,0
Q8922,10,10E,0,,0,,N,B,Y,N,0,124,0
M8905,08,8R,0,,0,,N,B,Y,N,0,124,0
G990,01,1J,0,,0,,N,B,N,N,0,124,0
M8110,08,8J,0,,0,,N,F,Y,N,1,124,0
R012,05,5R,0,,0,,N,B,Y,N,0,124,0
K1469,03,3H,0,,0,,N,B,Y,N,0,124,0
P111,15,,0,,0,,N,B,Y,N,0,0,0
M8990,08,8R,0,,0,,N,B,Y,N,0,124,0
K1460,03,3H,0,,0,,N,B,Y,N,0,124,0
K146,03,3H,0,,0,,N,B,Y,N,0,124,0
K145,03,3H,0,,0,,N,B,Y,N,0,124,0
M6647,08,8M,0,,0,,N,B,Y,N,0,124,0
K0985,03,3H,0,,0,,N,B,Y,N,0,124,0
D485,09,9D,0,,0,,N,B,Y,N,0,124,0
M4206,08,8J,0,,0,,N,B,Y,N,0,124,0
K1440,03,3H,0,,0,,N,B,Y,N,0,124,0
B972,30,,0,,0,,N,B,N,N,0,124,0
M8341,08,8J,0,,0,,N,B,Y,N,1,124,0
J358,03,3G,0,,0,,N,B,Y,N,0,124,0
N857,13,13F,0,,0,,N,F,Y,N,0,124,0
K1430,03,3H,0,,0,,N,B,Y,N,0,124,0
S362,07,7C,0,,0,,3,B,Y,N,0,124,0
Z381,15,,0,,0,,N,B,Y,N,0,0,0
K1409,03,3H,0,,0,,N,B,Y,N,0,124,0
M908,08,8J,0,,0,,N,B,N,N,0,124,0
K1401,03,3H,0,,0,,N,B,Y,N,0,124,0
J969,04,4E,0,,0,,N,B,Y,N,0,124,0
K140,03,3H,0,,0,,N,B,Y,N,0,124,0
M5493,08,8H,0,,0,,N,B,Y,N,0,124,0
M5420,08,8H,0,,0,,N,B,Y,N,0,124,0
T491,21,21C,0,,0,,N,B,Y,N,0,124,0
M6015,08,8M,0,,0,,N,B,Y,N,0,124,0
M8102,08,8J,0,,0,,N,F,Y,N,31,124,0
Q171,03,3G,0,,0,,N,B,Y,N,0,124,0
K1349,03,3H,0,,0,,N,B,Y,N,0,124,0
M8347,08,8J,0,,0,,N,B,Y,N,1,124,0
R8768,23,23B,0,,0,,N,F,Y,N,0,124,0
M1211,08,8J,0,,0,,N,B,Y,N,0,124,0
K1328,03,3H,0,,0,E,N,B,Y,N,0,124,0
R630,10,10C,0,,0,,N,B,Y,N,0,124,0
K1323,03,3H,0,,0,E,N,B,Y,N,0,124,0
D168,08,8R,0,,0,,N,B,Y,N,0,124,0
Q371,03,3H,0,,0,,N,B,Y,N,0,124,0
N9301,13,13F,0,,0,,N,F,Y,N,1,124,0
M1252,08,8J,0,,0,,N,B,Y,N,0,124,0
K730,07,7D,0,,0,,N,B,Y,Y,0,124,28
Q613,11,11K,0,,0,,N,B,Y,N,0,124,0
C500,09,9E,0,,0,,N,B,Y,N,0,124,0
M1127,08,8J,0,,0,,N,B,Y,N,0,124,0
M7968,08,8L,0,,0,,N,B,Y,N,0,124,0
M8385,08,8J,0,,0,,N,B,Y,N,16,124,0
K1219,03,3H,0,,0,,N,B,Y,N,0,124,0
L253,09,9D,0,,0,,N,B,Y,N,0,124,0
S509,09,9H,0,,0,,0,B,Y,N,0,124,0
K1213,03,3H,0,,0,,N,B,Y,N,0,124,0
T598,21,21C,0,,0,,N,B,Y,N,0,124,0
M0308,08,8J,0,,0,,N,B,N,N,0,124,0
T438,21,21C,0,,0,,N,B,Y,N,0,124,0
M128,08,8K,0,,0,,N,B,Y,N,0,124,0
S52003,08,8P,0,,0,,0,B,Y,N,0,124,0
K1203,03,3H,0,,0,,N,B,Y,N,0,124,0
M2108,08,8R,0,,0,,N,B,Y,N,0,124,0
K0730,03,3H,0,,0,,N,B,Y,Y,0,124,28
M701,08,8M,0,,0,,N,B,Y,N,0,124,0
O682,14,14A,0,,0,,N,F,Y,N,9,60,0
T915,30,,0,,0,,N,B,N,N,0,124,0
D391,13,13C,0,,0,,N,F,Y,N,0,124,0
M7310,08,8M,0,,0,,N,B,N,N,0,124,0
K1179,03,3G,0,,0,,N,B,Y,N,0,124,0
S8241,08,8Q,0,,0,,8,B,Y,N,0,124,0
L959,09,9C,0,,0,,N,B,Y,N,0,124,0
M4053,08,8H,0,,0,,N,B,Y,N,0,124,0
M7902,08,8L,0,,0,,N,B,Y,N,0,124,0
M0114,08,8G,0,,0,D,N,B,N,N,0,124,0
F1755,20,20B,0,,0,,N,B,Y,N,0,124,0
M2436,08,8R,0,,0,,N,B,Y,N,0,124,0
T280,03,3G,0,,0,,N,B,Y,N,0,124,0
M706,08,8M,0,,0,,N,B,Y,N,0,124,0
H448,02,2D,0,,0,,N,B,Y,N,0,124,0
H449,02,2D,0,,0,,N,B,Y,N,0,124,0
N489,12,12E,0,,0,,N,M,Y,N,0,124,0
D1650,03,3H,0,,0,,N,B,Y,N,0,124,0
Q644,11,11H,0,,0,,N,B,Y,N,0,124,0
P143,15,,0,,0,,N,B,Y,N,0,0,0
M050,08,8F,0,,0,,N,B,Y,N,0,124,0
B869,09,9C,0,,0,,N,B,Y,N,0,124,0
B963,30,,0,,0,,N,B,N,N,0,124,0
Q459,06,6J,0,,0,,N,B,Y,N,0,124,0
M2487,08,8R,0,,0,,N,B,Y,N,0,124,0
I494,05,5M,0,,0,,N,B,Y,N,0,124,0
L7082,09,9D,0,,0,,N,B,Y,N,0,124,0
G92,01,1U,0,,0,,N,B,Y,N,0,124,0
B279,18,18F,0,,0,,N,B,Y,N,0,124,0
K0521,03,3H,0,,0,,N,B,Y,Y,0,124,28
M2575,08,8R,0,,0,,N,B,Y,N,0,124,0
H491,02,2B,0,,0,,N,B,Y,N,0,124,0
K269,06,6D,0,,0,,N,B,Y,N,0,124,0
Q265,05,5J,0,,0,,N,B,Y,N,0,124,0
M4628,08,8D,0,,0,,N,B,Y,N,0,124,0
M704,08,8M,0,,0,,N,B,Y,N,0,124,0
Z826,23,23D,0,,0,,N,B,Y,N,0,124,0
T731,21,21E,0,,0,,N,B,Y,N,0,124,0
R455,19,19L,0,,0,,N,B,Y,N,0,124,0
S5210,08,8P,0,,0,,0,B,Y,N,0,124,0
M4205,08,8J,0,,0,,N,B,Y,N,0,124,0
F802,19,19J,0,,0,,N,B,Y,Y,0,124,28
K0761,03,3H,0,,0,,N,B,Y,Y,0,124,28
H512,01,1U,0,,0,,N,B,Y,N,0,124,0
A984,18,18F,0,,0,,N,B,Y,N,0,124,0
H250,02,2D,0,,0,,N,B,Y,N,31,124,0
H520,02,2D,0,,0,,N,B,Y,N,0,124,0
Q128,02,2D,0,,0,,N,B,Y,N,0,124,0
M8004,08,8E,0,,0,,N,F,Y,N,31,124,0
K0609,03,3H,0,,0,,N,B,Y,Y,0,124,28
H525,02,2D,0,,0,,N,B,Y,N,0,124,0
Z8920,30,,0,,0,,N,B,N,N,0,124,0
S558,21,21A,0,,0,,0,B,Y,N,0,124,0
K1372,03,3H,0,,0,,N,B,Y,N,0,124,0
K1340,03,3H,0,,0,,N,B,Y,N,0,124,0
T304,22,22C,0,,0,,N,B,Y,N,0,124,0
F939,19,19J,0,,0,,N,B,Y,N,0,124,0
T691,21,21E,0,,0,,N,B,Y,N,0,124,0
M4398,08,8H,0,,0,,N,B,Y,N,0,124,0
H540,02,2D,0,,0,E,N,B,Y,N,0,124,0
F420,19,19G,0,,0,,N,B,Y,N,0,124,0
K0030,03,3H,0,,0,,N,B,Y,Y,0,124,28
E882,10,10D,0,,0,,N,B,Y,N,0,124,0
Z432,06,6J,0,,0,,N,B,Y,N,0,124,0
M7187,08,8M,0,,0,,N,B,Y,N,0,124,0
H546,02,2D,0,,0,E,N,B,Y,N,0,124,0
H549,02,2D,0,,0,E,N,B,Y,N,0,124,0
S5211,08,8P,0,,0,,7,B,Y,N,0,124,0
H579,02,2D,0,,0,,N,B,Y,N,0,124,0
Z752,23,23D,0,,0,,N,B,Y,N,0,124,0
M0134,08,8G,0,,0,,N,B,N,N,0,124,0
Z561,23,23D,0,,0,,N,B,Y,N,0,124,0
M0683,08,8F,0,,0,,N,B,Y,N,16,124,0
T792,21,21E,0,,0,,0,B,Y,N,0,124,0
I771,05,5F,0,,0,,N,B,Y,N,0,124,0
M8020,08,8E,0,,0,,N,B,Y,N,0,124,0
Z640,30,,0,,0,,N,B,N,N,1,124,0
M7915,08,8L,0,,0,,N,B,Y,N,0,124,0
M8961,08,8R,0,,0,,N,B,Y,N,0,124,0
L252,09,9D,0,,0,,N,B,Y,N,0,124,0
T467,21,21C,0,,0,,N,B,Y,N,0,124,0
D463,17,17B,0,,0,,N,B,Y,N,0,124,0
H614,03,3G,0,,0,,N,B,Y,N,0,124,0
M4113,08,8H,0,,0,,N,B,Y,N,0,124,0
H620,03,3G,0,,0,,N,B,N,N,0,124,0
G401,01,1P,0,,0,,N,B,Y,N,0,124,0
H623,03,3G,0,,0,,N,B,N,N,0,124,0
I7022,05,5F,0,,0,,N,B,Y,N,1,124,0
B652,18,18H,0,,0,,N,B,Y,N,0,124,0
M1250,08,8J,0,,0,,N,B,Y,N,0,124,0
M0686,08,8F,0,,0,,N,B,Y,N,16,124,0
H186,02,2D,0,,0,,N,B,Y,N,0,124,0
C691,02,2E,0,,0,,N,B,Y,N,0,124,0
T032,08,8R,0,,0,,0,B,Y,N,0,124,0
M2433,08,8P,0,,0,,N,B,Y,N,0,124,0
G373,01,1E,0,,0,,N,B,Y,N,0,124,0
G110,01,1E,0,,0,,N,B,Y,N,0,124,0
R98,23,23D,0,,0,,N,B,Y,N,0,124,0
R831,10,10E,0,,0,,N,B,Y,N,0,124,0
M6236,08,8M,0,,0,,N,B,Y,N,0,124,0
Q394,06,6J,0,,0,,N,B,Y,N,0,124,0
M6113,08,8M,0,,0,,N,B,Y,N,0,124,0
J018,03,3D,0,,0,,N,B,Y,N,0,124,0
H699,03,3G,0,,0,,N,B,Y,N,0,124,0
H700,03,3D,0,,0,,N,B,Y,N,0,124,0
H701,03,3D,0,,0,,N,B,Y,N,0,124,0
M8287,08,8J,0,,0,,N,B,N,N,0,124,0
Z423,09,9D,0,,0,,N,B,Y,N,0,124,0
M4059,08,8H,0,,0,,N,B,Y,N,0,124,0
M2492,08,8R,0,,0,,N,B,Y,N,0,124,0
Z001,30,,0,,0,,N,B,N,N,0,19,0
M8486,08,8R,0,,0,,N,B,Y,N,0,124,0
M2464,08,8J,0,,0,,N,B,Y,N,0,124,0
T798,21,21E,0,,0,,0,B,Y,N,0,124,0
S046,03,3G,0,,0,,0,B,Y,N,0,124,0
S407,09,9H,0,,0,,0,B,Y,N,0,124,0
M8186,08,8J,0,,0,,N,B,Y,N,0,124,0
Q4478,07,7D,0,,0,,N,B,Y,N,0,124,0
M8584,08,8R,0,,0,,N,B,Y,N,0,124,0
M6207,08,8M,0,,0,,N,B,Y,N,0,124,0
Q254,05,5J,0,,0,,N,B,Y,N,0,124,0
M9014,08,8D,0,,0,,N,B,N,N,0,124,0
D124,06,6J,0,,0,,N,B,Y,N,0,124,0
C006,03,3A,0,,0,,N,B,Y,N,0,124,0
R480,19,19L,0,,0,,N,B,Y,N,0,124,0
H758,03,3G,0,,0,,N,B,N,N,0,124,0
M8696,08,8D,0,,0,,N,B,Y,N,0,124,0
M9923,30,,0,,0,,N,B,N,N,0,124,0
B309,02,2D,0,,0,,N,B,Y,N,0,124,0
G409,01,1P,0,,0,,N,B,Y,N,0,124,0
P588,15,,0,,0,,N,B,Y,N,0,0,0
F321,19,19C,0,,0,,N,B,Y,N,0,124,0
M7997,08,8L,0,,0,,N,B,Y,N,0,124,0
M1310,08,8K,0,,0,,N,B,Y,N,0,124,0
R826,23,23B,0,,0,,N,B,Y,N,0,124,0
K1080,03,3H,0,,0,,N,B,Y,N,0,124,0
H831,03,3B,0,,0,,N,B,Y,N,0,124,0
C0610,03,3A,0,,0,,N,B,Y,N,0,124,0
F4539,19,19D,0,,0,,N,B,Y,N,0,124,0
F1202,20,20F,0,,0,,N,B,Y,N,0,124,0
J218,04,4L,0,,0,,N,B,Y,N,0,124,0
M4908,08,8D,0,,0,,N,B,N,N,0,124,0
M8095,08,8E,0,,0,,N,B,Y,N,0,124,0
H904,03,3G,0,,0,,N,B,Y,N,0,124,0
M0635,08,8F,0,,0,,N,B,Y,N,0,124,0
D735,16,16C,0,,0,,N,B,Y,N,0,124,0
N512,12,12C,0,,0,,N,M,N,N,0,124,0
M7316,08,8M,0,,0,,N,B,N,N,0,124,0
N486,12,12C,0,,0,,N,M,Y,N,0,124,0
C312,03,3A,0,,0,,N,B,Y,N,0,124,0
M1015,21,21C,0,,0,,N,B,Y,N,0,124,0
H930,03,3G,0,,0,,N,B,Y,N,0,124,0
H932,03,3G,0,,0,,N,B,Y,N,0,124,0
H939,03,3G,0,,0,,N,B,Y,N,0,124,0
H940,03,3G,0,,0,,N,B,N,N,0,124,0
S661,08,8P,0,,0,,0,B,Y,N,0,124,0
M0750,08,8J,0,,0,,N,B,N,N,16,124,0
M1994,08,8J,0,,0,,N,B,Y,N,0,124,0
M838,08,8J,0,,0,,N,B,Y,N,0,124,0
R636,10,10C,0,,0,,N,B,Y,N,0,124,0
M8669,08,8D,0,,0,,N,B,Y,N,0,124,0
I018,05,5R,0,,0,,N,B,Y,N,0,124,0
L722,09,9D,0,,0,,N,B,Y,N,0,124,0
T612,21,21C,0,,0,,N,B,Y,N,0,124,0
C579,13,13A,0,,0,,N,F,Y,N,0,124,0
K0309,03,3H,0,,0,,N,B,Y,Y,0,124,28
M8893,08,8J,0,,0,,N,B,Y,N,0,124,0
S6281,08,8P,0,,0,,0,B,Y,N,0,124,0
M9962,30,,0,,0,,N,B,N,N,0,124,0
M6268,08,8M,0,,0,,N,B,Y,N,0,124,0
R457,19,19L,0,,0,,N,B,Y,N,0,124,0
O984,14,14B,0,,0,,N,F,Y,N,9,60,0
M2130,01,1J,0,,0,,N,B,Y,N,0,124,0
M7247,08,8M,0,,0,,N,B,Y,N,0,124,0
N760,13,13D,0,,0,,N,F,Y,N,0,124,0
E86,10,10C,0,,0,E,N,B,Y,N,0,124,0
O360,14,14B,0,,0,,N,F,Y,N,9,60,0
H118,02,2D,0,,0,,N,B,Y,N,0,124,0
M4000,08,8H,0,,0,,N,B,Y,N,0,124,0
H181,02,2D,0,,0,,N,B,Y,N,0,124,0
I088,05,5K,0,,0,,N,B,Y,N,0,124,0
I981,05,5G,0,,0,,N,B,N,N,0,124,0
S359,21,21A,0,,0,,0,B,Y,N,0,124,0
P012,15,,0,,0,,N,B,Y,N,0,0,0
G701,01,1J,0,,0,,N,B,Y,N,0,124,0
M4931,08,8H,0,,0,,N,B,N,N,0,124,0
O644,14,14A,0,,0,,N,F,Y,N,9,60,0
G839,01,1U,0,,0,,N,B,Y,N,0,124,0
K024,03,3H,0,,0,,N,B,Y,Y,0,124,28
M9085,08,8J,0,,0,,N,B,N,N,0,124,0
B300,02,2D,0,,0,,N,B,Y,N,0,124,0
R222,04,4H,0,,0,,N,B,Y,N,0,124,0
E221,10,10E,0,,0,,N,B,Y,N,0,124,0
P526,15,,0,,0,,N,B,Y,N,0,0,0
T422,21,21C,0,,0,,N,B,Y,N,0,124,0
I152,05,5H,0,,0,,N,B,Y,N,1,124,0
D174,04,4M,0,,0,,N,B,Y,N,0,124,0
Z620,23,23D,0,,0,,N,B,Y,N,0,124,0
M1190,08,8J,0,,0,,N,B,Y,N,0,124,0
T935,30,,0,,0,,N,B,N,N,0,124,0
G361,01,1E,0,,0,,N,B,Y,N,0,124,0
M8030,08,8E,0,,0,,N,B,Y,N,0,124,0
F1730,20,20B,0,,0,,N,B,Y,N,0,124,0
M361,08,8J,0,,0,,N,B,N,N,0,124,0
S729,08,8A,0,,0,,8,B,Y,N,0,124,0
M9931,30,,0,,0,,N,B,N,N,0,124,0
M939,08,8J,0,,0,,N,B,Y,N,0,124,0
F650,19,19H,0,,0,,N,B,Y,N,0,124,0
M907,08,8E,0,,0,,N,B,N,N,0,124,0
C760,03,3A,0,,0,,N,B,Y,N,0,124,0
P524,15,,0,,0,,N,B,Y,N,0,0,0
M2448,08,8R,0,,0,,N,B,Y,N,0,124,0
M8345,08,8J,0,,0,,N,B,Y,N,1,124,0
N900,13,13F,0,,0,,N,F,Y,N,0,124,0
F4322,19,19E,0,,0,,N,B,Y,N,0,124,0
M9912,30,,0,,0,,N,B,N,N,0,124,0
F522,19,19M,0,,0,,N,B,Y,N,0,124,0
M022,08,8J,0,,0,,N,B,Y,N,0,124,0
S901,09,9H,0,,0,,0,B,Y,N,0,124,0
M6787,08,8M,0,,0,,N,B,Y,N,0,124,0
M6290,08,8M,0,,0,,N,B,Y,N,0,124,0
I258,05,5G,0,,0,,N,B,Y,N,1,124,0
M902,08,8D,0,,0,,N,B,N,N,0,124,0
M8729,08,8J,0,,0,,N,B,Y,N,0,124,0
M4657,08,8H,0,,0,,N,B,Y,N,0,124,0
Q614,11,11H,0,,0,,N,B,Y,N,0,124,0
T471,21,21C,0,,0,,N,B,Y,N,0,124,0
G114,01,1E,0,,0,,N,B,Y,N,0,124,0
M948,08,8R,0,,0,,N,B,Y,N,0,124,0
S42110,08,8Q,0,,0,,0,B,Y,N,0,124,0
M4894,08,8H,0,,0,,N,B,Y,N,0,124,0
K089,03,3H,0,,0,,N,B,Y,Y,0,124,28
O365,14,14B,0,,0,,N,F,Y,N,9,60,0
P139,15,,0,,0,,N,B,Y,N,0,0,0
M6198,08,8M,0,,0,,N,B,Y,N,0,124,0
Q648,11,11H,0,,0,,N,B,Y,N,0,124,0
O221,14,14B,0,,0,,N,F,Y,N,9,60,0
T572,21,21C,0,,0,,N,B,Y,N,0,124,0
S42409,08,8Q,0,,0,,0,B,Y,N,0,124,0
Q819,09,9B,0,,0,,N,B,Y,N,0,124,0
F1007,20,20A,0,,0,,N,B,Y,N,0,124,0
Q8921,10,10E,0,,0,,N,B,Y,N,0,124,0
S898,21,21A,0,,0,,0,B,Y,N,0,124,0
M519,08,8H,0,,0,,N,B,Y,N,0,124,0
M6245,08,8L,0,,0,,N,B,Y,N,0,124,0
R063,04,4H,0,,0,,N,B,Y,N,0,124,0
M4780,08,8H,0,,0,,N,B,Y,N,0,124,0
M6510,08,8M,0,,0,,N,B,Y,N,0,124,0
T253,22,22B,0,,0,,N,B,Y,N,0,124,0
M2429,08,8M,0,,0,,N,B,Y,N,0,124,0
T447,21,21C,0,,0,,N,B,Y,N,0,124,0
A038,06,6G,0,,0,,N,B,Y,N,0,124,0
M8380,08,8J,0,,0,,N,B,Y,N,16,124,0
I379,05,5K,0,,0,,N,B,Y,N,0,124,0
M0115,08,8G,0,,0,D,N,B,N,N,0,124,0
Q281,01,1U,0,,0,,N,B,Y,N,0,124,0
B479,18,18G,0,,0,,N,B,Y,N,0,124,0
M2397,08,8Q,0,,0,,N,B,Y,N,0,124,0
T909,30,,0,,0,,N,B,N,N,0,124,0
Z360,14,14E,0,,0,,N,F,Y,N,9,60,0
A507,18,18H,0,,0,,N,B,Y,N,1,124,0
K291,06,6M,0,,0,,N,B,Y,N,0,124,0
O713,14,14A,0,,0,,N,F,Y,N,9,60,0
T536,21,21C,0,,0,,N,B,Y,N,0,124,0
M2565,08,8L,0,,0,,N,B,Y,N,0,124,0
M6242,08,8L,0,,0,,N,B,Y,N,0,124,0
M8193,08,8J,0,,0,,N,B,Y,N,0,124,0
D302,11,11C,0,,0,,N,B,Y,N,0,124,0
M4905,08,8D,0,,0,,N,B,N,N,0,124,0
M5395,08,8H,0,,0,,N,B,Y,N,0,124,0
L852,09,9D,0,,0,,N,B,Y,N,0,124,0
H659,03,3D,0,,0,,N,B,Y,N,0,124,0
K050,03,3H,0,,0,,N,B,Y,Y,0,124,28
M6110,08,8M,0,,0,,N,B,Y,N,0,124,0
F4000,19,19F,0,,0,,N,B,Y,N,0,124,0
F4488,19,19F,0,,0,,N,B,Y,N,0,124,0
O998,14,14B,0,,0,,N,F,Y,N,9,60,0
N219,11,11E,0,,0,,N,B,Y,N,0,124,0
O103,14,14B,0,,0,,N,F,Y,N,9,60,0
C328,03,3A,0,,0,,N,B,Y,N,0,124,0
I452,05,5M,0,,0,,N,B,Y,N,0,124,0
I454,05,5M,0,,0,,N,B,Y,N,0,124,0
M6748,08,8M,0,,0,,N,B,Y,N,0,124,0
Z299,23,23D,0,,0,,N,B,Y,N,0,124,0
F989,19,19J,0,,0,,N,B,Y,N,0,124,0
I461,05,5L,0,,0,,N,B,Y,N,0,124,0
M4392,08,8H,0,,0,,N,B,Y,N,0,124,0
I470,05,5M,0,,0,,N,B,Y,N,0,124,0
S531,08,8Q,0,,0,,0,B,Y,N,0,124,0
T328,22,22A,0,,0,,N,B,Y,N,0,124,0
K602,06,6J,0,,0,,N,B,Y,N,0,124,0
S82207,08,8Q,0,,0,,0,B,Y,N,0,124,0
K0724,03,3H,0,,0,,N,B,Y,Y,0,124,28
M852,08,8R,0,,0,,N,B,Y,N,0,124,0
C090,03,3A,0,,0,,N,B,Y,N,0,124,0
Q554,12,12E,0,,0,,N,M,Y,N,0,124,0
I720,05,5F,0,,0,,N,B,Y,N,0,124,0
N118,11,11D,0,,0,,N,B,Y,N,0,124,0
N813,13,13F,0,,0,,N,F,Y,N,1,124,0
S82115,08,8Q,0,,0,,8,B,Y,N,0,124,0
M9380,08,8J,0,,0,,N,B,Y,N,0,124,0
Z709,23,23D,0,,0,,N,B,Y,N,1,124,0
F729,19,19K,0,,0,,N,B,Y,N,0,124,0
F700,19,19K,0,,0,,N,B,Y,N,0,124,0
N816,13,13F,0,,0,,N,F,Y,N,1,124,0
M122,08,8J,0,,0,,N,B,Y,N,0,124,0
Q981,12,12E,0,,0,,N,B,Y,N,0,124,0
Z630,23,23D,0,,0,,N,B,Y,N,0,124,0
R224,09,9D,0,,0,,N,B,Y,N,0,124,0
O702,14,14A,0,,0,,N,F,Y,N,9,60,0
I516,05,5G,0,,0,,N,B,Y,N,0,124,0
M2174,08,8R,0,,0,,N,B,Y,N,0,124,0
M0925,08,8J,0,,0,,N,B,N,N,0,124,0
M8683,08,8D,0,,0,,N,B,Y,N,0,124,0
J371,03,3D,0,,0,,N,B,Y,Y,0,124,28
R631,10,10C,0,,0,,N,B,Y,N,0,124,0
L291,12,12E,0,,0,,N,M,Y,N,0,124,0
Z200,23,23D,0,,0,,N,B,Y,N,0,124,0
M2512,08,8L,0,,0,,N,B,Y,N,0,124,0
M0361,08,8J,0,,0,,N,B,N,N,0,124,0
Q921,23,23D,0,,0,,N,B,Y,N,0,124,0
O905,14,14C,0,,0,,N,F,Y,N,9,60,0
Q133,02,2D,0,,0,,N,B,Y,N,0,124,0
K0313,03,3H,0,,0,,N,B,Y,Y,0,124,28
N210,11,11E,0,,0,,N,B,Y,N,0,124,0
M4786,08,8H,0,,0,,N,B,Y,N,0,124,0
C108,03,3A,0,,0,,N,B,Y,N,0,124,0
Z460,23,23D,0,,0,,N,B,Y,N,0,124,0
N904,13,13F,0,,0,,N,F,Y,N,0,124,0
M6627,08,8M,0,,0,,N,B,Y,N,0,124,0
L2488,09,9D,0,,0,,N,B,Y,N,0,124,0
M6191,08,8M,0,,0,,N,B,Y,N,0,124,0
M931,08,8J,0,,0,,N,B,Y,N,1,124,0
M4185,08,8H,0,,0,,N,B,Y,N,0,124,0
S069,01,1R,0,,0,,0,B,Y,N,0,124,0
D139,06,6J,0,,0,,N,B,Y,N,0,124,0
I012,05,5R,0,,0,,N,B,Y,N,0,124,0
R418,19,19K,0,,0,,N,B,Y,N,0,124,0
Q711,08,8R,0,,0,,N,B,Y,N,0,124,0
L870,09,9D,0,,0,,N,B,Y,N,0,124,0
L409,09,9B,0,,0,,N,B,Y,N,0,124,0
M5303,01,1J,0,,0,,N,B,Y,N,0,124,0
O692,14,14A,0,,0,,N,F,Y,N,9,60,0
S618,09,9H,0,,0,,0,B,Y,N,0,124,0
M9910,30,,0,,0,,N,B,N,N,0,124,0
M9050,08,8J,0,,0,,N,B,N,N,0,124,0
Z33,30,,0,,0,,N,F,N,N,9,60,0
S335,08,8H,0,,0,,0,B,Y,N,0,124,0
L209,09,9D,0,,0,,N,B,Y,N,0,124,0
H444,02,2D,0,,0,,N,B,Y,N,0,124,0
I672,01,1H,0,,0,,N,B,Y,N,0,124,0
O663,14,14A,0,,0,,N,F,Y,N,9,60,0
Q740,08,8R,0,,0,,N,B,Y,N,0,124,0
N078,11,11H,0,,0,,N,B,Y,N,0,124,0
L236,09,9D,0,,0,,N,B,Y,N,0,124,0
M4111,08,8H,0,,0,,N,B,Y,N,0,124,0
H184,02,2D,0,,0,,N,B,Y,N,0,124,0
M1226,08,8J,0,,0,,N,B,Y,N,0,124,0
Z026,30,,0,,0,,N,B,N,N,0,124,0
M8353,08,8J,0,,0,E,N,B,Y,N,16,124,0
Q262,05,5J,0,,0,,N,B,Y,N,0,124,0
S8351,08,8Q,0,,0,,0,B,Y,N,0,124,0
T332,21,21E,0,,0,,N,B,Y,N,0,124,0
P963,15,,0,,0,,N,B,Y,N,0,0,0
M8537,08,8J,0,,0,,N,B,Y,N,0,124,0
F441,19,19F,0,,0,,N,B,Y,N,0,124,0
M014,08,8J,0,,0,,N,B,N,N,0,124,0
K1341,03,3H,0,,0,,N,B,Y,N,0,124,0
M2111,08,8R,0,,0,,N,B,Y,N,0,124,0
A530,18,18H,0,,0,,N,B,Y,N,1,124,0
I702,05,5F,0,,0,,N,B,Y,N,1,124,0
F3201,19,19C,0,,0,,N,B,Y,N,0,124,0
S424,08,8Q,0,,0,,0,B,Y,N,0,124,0
H624,03,3G,0,,0,,N,B,N,N,0,124,0
M7782,08,8M,0,,0,,N,B,Y,N,0,124,0
M6722,08,8M,0,,0,,N,B,Y,N,0,124,0
O693,14,14A,0,,0,,N,F,Y,N,9,60,0
O910,14,14C,0,,0,,N,F,Y,N,9,60,0
M4353,08,8H,0,,0,,N,B,Y,N,0,124,0
I709,05,5F,0,,0,,N,B,Y,N,1,124,0
I7091,05,5F,0,,0,,N,B,Y,N,1,124,0
D177,09,9D,0,,0,,N,B,Y,N,0,124,0
M0697,08,8F,0,,0,,N,B,Y,N,16,124,0
Z434,06,6J,0,,0,,N,B,Y,N,0,124,0
F808,19,19J,0,,0,,N,B,Y,Y,0,124,28
M6293,08,8M,0,,0,,N,B,Y,N,0,124,0
M1013,21,21C,0,,0,,N,B,Y,N,0,124,0
H654,03,3D,0,,0,,N,B,Y,N,0,124,0
B372,09,9D,0,,0,,N,B,Y,N,0,124,0
Z452,23,23D,0,,0,,N,B,Y,N,0,124,0
M1182,08,8J,0,,0,,N,B,Y,N,0,124,0
I722,11,11K,0,,0,,N,B,Y,N,0,124,0
H948,03,3G,0,,0,,N,B,N,N,0,124,0
M8508,08,8J,0,,0,,N,B,Y,N,0,124,0
D682,16,16B,0,,0,,N,B,Y,N,0,124,0
L404,09,9B,0,,0,,N,B,Y,N,0,124,0
M4923,08,8H,0,,0,,N,B,N,N,0,124,0
Q838,09,9F,0,,0,,N,B,Y,N,0,124,0
E033,10,10E,0,,0,,N,B,Y,N,0,124,0
Z892,30,,0,,0,,N,B,N,N,0,124,0
H531,02,2D,0,,0,,N,B,Y,N,0,124,0
B769,06,6L,0,,0,,N,B,Y,N,0,124,0
R739,23,23B,0,,0,,N,B,Y,N,0,124,0
H721,03,3G,0,,0,,N,B,Y,N,0,124,0
I774,06,6H,0,,0,,N,B,Y,N,0,124,0
M7265,08,8M,0,,0,,N,B,Y,N,0,124,0
Z321,30,,0,,0,,N,F,N,N,9,60,0
T211,22,22C,0,,0,,N,B,Y,N,0,124,0
M8130,08,8J,0,,0,,N,B,Y,N,0,124,0
F413,19,19F,0,,0,,N,B,Y,N,0,124,0
M709,08,8M,0,,0,,N,B,Y,N,0,124,0
M8196,08,8J,0,,0,,N,B,Y,N,0,124,0
B330,04,4C,0,,0,,N,B,Y,N,0,124,0
P121,15,,0,,0,,N,B,Y,N,0,0,0
I792,05,5F,0,,0,,N,B,N,N,0,124,0
I798,05,5F,0,,0,,N,B,N,N,0,124,0
Z409,23,23D,0,,0,,N,B,Y,N,0,124,0
Z860,30,,0,,0,,N,B,N,N,0,124,0
C4110,08,8E,0,,0,,N,B,Y,N,0,124,0
P830,15,,0,,0,,N,B,Y,N,0,0,0
Z383,15,,0,,0,,N,B,Y,N,0,0,0
M4924,08,8H,0,,0,,N,B,N,N,0,124,0
S0151,03,3H,0,,0,,0,B,Y,N,0,124,0
D161,08,8R,0,,0,,N,B,Y,N,0,124,0
K594,06,6H,0,,0,,N,B,Y,N,0,124,0
T482,21,21C,0,,0,,N,B,Y,N,0,124,0
L603,09,9D,0,,0,,N,B,Y,N,0,124,0
C531,13,13A,0,,0,,N,F,Y,N,0,124,0
C398,04,4M,0,,0,,N,B,Y,N,0,124,0
S932,08,8Q,0,,0,,0,B,Y,N,0,124,0
U828,30,,0,,0,,N,B,N,N,0,124,0
I859,06,6J,0,,0,,N,B,Y,N,0,124,0
H180,02,2D,0,,0,,N,B,Y,N,0,124,0
I019,05,5R,0,,0,,N,B,Y,N,0,124,0
M8034,08,8E,0,,0,,N,B,Y,N,0,124,0
S52700,08,8Q,0,,0,,0,B,Y,N,0,124,0
M011,08,8G,0,,0,D,N,B,N,N,0,124,0
Z624,23,23D,0,,0,,N,B,Y,N,0,124,0
R040,03,3C,0,,0,,N,B,Y,N,0,124,0
P072,15,,0,,0,,N,B,Y,N,0,0,0
Z449,23,23D,0,,0,,N,B,Y,N,0,124,0
I880,06,6K,0,,0,,N,B,Y,N,0,124,0
I888,16,16C,0,,0,,N,B,Y,N,0,124,0
M0835,08,8F,0,,0,,N,B,Y,N,0,124,0
I890,09,9D,0,,0,,N,B,Y,N,0,124,0
E282,13,13F,0,,0,,N,F,Y,N,0,124,0
M7155,08,8M,0,,0,,N,B,Y,N,0,124,0
M919,08,8J,0,,0,,N,B,Y,N,0,124,0
S681,21,21A,0,,0,,0,B,Y,N,0,124,0
I952,05,5R,0,,0,,N,B,Y,N,0,124,0
M2546,08,8R,0,,0,,N,B,Y,N,0,124,0
M8141,08,8J,0,,0,,N,B,Y,N,0,124,0
H621,03,3G,0,,0,,N,B,N,N,0,124,0
D073,13,13B,0,,0,,N,F,Y,N,0,124,0
M0729,08,8F,0,,0,,N,B,N,N,0,124,0
K133,03,3H,0,,0,E,N,B,Y,N,0,124,0
Q390,06,6J,0,,0,,N,B,Y,N,0,124,0
G258,01,1D,0,,0,,N,B,Y,N,1,124,0
P365,15,,0,,0,,N,B,Y,N,0,0,0
D0339,09,9C,0,,0,,N,B,Y,N,0,124,0
D558,16,16A,0,,0,,N,B,Y,N,0,124,0
N840,13,13F,0,,0,,N,F,Y,N,0,124,0
S42100,08,8Q,0,,0,,0,B,Y,N,0,124,0
C132,03,3A,0,,0,,N,B,Y,N,0,124,0
M4823,08,8H,0,,0,,N,B,Y,N,0,124,0
S82307,08,8Q,0,,0,,0,B,Y,N,0,124,0
Q001,01,1U,0,,0,,N,B,Y,N,0,124,0
M8185,08,8J,0,,0,,N,B,Y,N,0,124,0
M4010,08,8H,0,,0,,N,B,Y,N,0,124,0
R221,09,9D,0,,0,,N,B,Y,N,0,124,0
M4919,08,8H,0,,0,,N,B,N,N,0,124,0
F0283,19,19K,0,,0,,N,B,N,N,0,124,0
M0757,08,8J,0,,0,,N,B,N,N,16,124,0
N368,11,11H,0,,0,,N,B,Y,N,0,124,0
Q861,15,,0,,0,,N,B,Y,N,0,124,0
H539,02,2D,0,,0,,N,B,Y,N,0,124,0
J068,03,3D,0,,0,,N,B,Y,N,0,124,0
J069,03,3D,0,,0,,N,B,Y,N,0,124,0
M4887,08,8H,0,,0,,N,B,Y,N,0,124,0
I723,05,5F,0,,0,,N,B,Y,N,0,124,0
P360,15,,0,,0,,N,B,Y,N,0,0,0
N830,13,13F,0,,0,,N,F,Y,N,0,124,0
J122,04,4C,0,,0,,N,B,Y,N,0,124,0
J129,04,4C,0,,0,D,N,B,Y,N,0,124,0
T511,21,21C,0,,0,,N,B,Y,N,0,124,0
I862,13,13F,0,,0,,N,B,Y,N,0,124,0
Z8941,30,,0,,0,,N,B,N,N,0,124,0
M2305,08,8Q,0,,0,,N,B,Y,N,0,124,0
Q831,09,9F,0,,0,,N,B,Y,N,0,124,0
T908,30,,0,,0,,N,B,N,N,0,124,0
M1215,08,8J,0,,0,,N,B,Y,N,0,124,0
M4648,08,8H,0,,0,,N,B,Y,N,0,124,0
M9490,08,8R,0,,0,,N,B,Y,N,0,124,0
M619,08,8M,0,,0,,N,B,Y,N,0,124,0
A378,04,4L,0,,0,,N,B,Y,N,0,124,0
O830,14,14A,0,,0,,N,F,Y,N,9,60,0
M8134,08,8J,0,,0,,N,B,Y,N,0,124,0
G579,01,1J,0,,0,,N,B,Y,N,0,124,0
Z926,30,,0,,0,,N,B,N,N,0,124,0
C061,03,3A,0,,0,,N,B,Y,N,0,124,0
S290,08,8R,0,,0,,0,B,Y,N,0,124,0
K1169,03,3G,0,,0,,N,B,Y,N,0,124,0
M9320,08,8J,0,,0,,N,B,Y,N,0,124,0
R102,06,6K,0,,0,,N,B,Y,N,0,124,0
O629,14,14A,0,,0,,N,F,Y,N,9,60,0
M5301,01,1J,0,,0,,N,B,Y,N,0,124,0
C462,03,3A,0,,0,C,N,B,Y,N,0,124,0
L815,09,9D,0,,0,,N,B,Y,N,0,124,0
M1225,08,8J,0,,0,,N,B,Y,N,0,124,0
K287,06,6C,0,,0,,N,B,Y,N,0,124,0
M768,08,8M,0,,0,,N,B,Y,N,0,124,0
J320,03,3D,0,,0,,N,B,Y,N,0,124,0
M6646,08,8M,0,,0,,N,B,Y,N,0,124,0
B3702,03,3H,0,,0,D,N,B,Y,N,0,124,0
P035,15,,0,,0,,N,B,Y,N,0,0,0
S82107,08,8Q,0,,0,,0,B,Y,N,0,124,0
M8658,08,8D,0,,0,,N,B,Y,N,0,124,0
Q692,08,8R,0,,0,,N,B,Y,N,0,124,0
J339,03,3G,0,,0,,N,B,Y,N,0,124,0
Q135,02,2D,0,,0,,N,B,Y,N,0,124,0
J341,03,3G,0,,0,,N,B,Y,N,0,124,0
C390,03,3A,0,,0,,N,B,Y,N,0,124,0
Q112,02,2D,0,,0,,N,B,Y,N,0,124,0
M1244,08,8J,0,,0,,N,B,Y,N,0,124,0
J352,03,3G,0,,0,,N,B,Y,N,0,124,0
M4030,08,8H,0,,0,,N,B,Y,N,0,124,0
M191,08,8J,0,,0,,N,B,Y,N,0,124,0
T455,21,21C,0,,0,,N,B,Y,N,0,124,0
M0593,08,8F,0,,0,,N,B,Y,N,16,124,0
I788,05,5F,0,,0,,N,B,Y,N,0,124,0
J038,03,3D,0,,0,,N,B,Y,N,0,124,0
Q798,08,8R,0,,0,,N,B,Y,N,0,124,0
M4145,08,8H,0,,0,,N,B,Y,N,0,124,0
Q715,08,8R,0,,0,,N,B,Y,N,0,124,0
R962,05,5L,0,,0,,N,B,Y,N,0,124,0
K1379,03,3H,0,,0,,N,B,Y,N,0,124,0
S3661,06,6J,0,,0,,3,B,Y,N,0,124,0
F606,19,19H,0,,0,,N,B,Y,N,0,124,0
N841,13,13F,0,,0,,N,F,Y,N,0,124,0
J392,03,3G,0,,0,,N,B,Y,N,0,124,0
J393,03,3D,0,,0,,N,B,Y,N,0,124,0
J398,03,3D,0,,0,,N,B,Y,N,0,124,0
B677,18,18H,0,,0,,N,B,Y,N,0,124,0
J684,04,4F,0,,0,,N,B,Y,N,0,124,0
M8092,08,8E,0,,0,,N,B,Y,N,0,124,0
R892,23,23B,0,,0,,N,B,Y,N,0,124,0
M8703,08,8J,0,,0,,N,B,Y,N,0,124,0
Q8708,08,8R,0,,0,,N,B,Y,N,0,124,0
M9051,08,8J,0,,0,,N,B,N,N,0,124,0
M1398,08,8K,0,,0,E,N,B,Y,N,0,124,0
M6117,08,8M,0,,0,,N,B,Y,N,0,124,0
N802,13,13F,0,,0,,N,F,Y,N,1,124,0
M9944,30,,0,,0,,N,B,N,N,0,124,0
Q841,09,9D,0,,0,,N,B,Y,N,0,124,0
M5319,01,1J,0,,0,,N,B,Y,N,0,124,0
Q8703,08,8R,0,,0,,N,B,Y,N,0,124,0
M6123,08,8M,0,,0,,N,B,Y,N,0,124,0
A499,18,18A,0,,0,,N,B,Y,N,0,124,0
M4194,08,8H,0,,0,,N,B,Y,N,0,124,0
M533,08,8H,0,,0,,N,B,Y,N,0,124,0
Q516,13,13F,0,,0,,N,F,Y,N,0,124,0
M6219,08,8M,0,,0,,N,B,Y,N,0,124,0
N459,12,12C,0,,0,,N,M,Y,N,0,124,0
S52719,08,8Q,0,,0,,7,B,Y,N,0,124,0
M4916,08,8H,0,,0,,N,B,N,N,0,124,0
M6734,08,8M,0,,0,,N,B,Y,N,0,124,0
J661,04,4P,0,,0,,N,B,Y,N,1,124,0
H218,02,2D,0,,0,,N,B,Y,N,0,124,0
B981,30,,0,,0,,N,B,N,N,0,124,0
T092,08,8R,0,,0,,0,B,Y,N,0,124,0
K639,06,6J,0,,0,,N,B,Y,N,0,124,0
M9961,30,,0,,0,,N,B,N,N,0,124,0
M253,08,8R,0,,0,,N,B,Y,N,0,124,0
M7191,08,8M,0,,0,,N,B,Y,N,0,124,0
M6124,08,8M,0,,0,,N,B,Y,N,0,124,0
M2451,08,8R,0,,0,,N,B,Y,N,0,124,0
B978,30,,0,,0,,N,B,N,N,0,124,0
J682,04,4Q,0,,0,,N,B,Y,N,0,124,0
N343,11,11D,0,,0,,N,B,Y,N,0,124,0
S9082,09,9H,0,,0,,0,B,Y,N,0,124,0
J689,04,4F,0,,0,,N,B,Y,N,0,124,0
C573,13,13C,0,,0,,N,F,Y,N,0,124,0
B03,18,18F,0,,0,,N,B,Y,N,0,124,0
E877,11,11F,0,,0,,N,B,Y,N,0,124,0
E070,10,10E,0,,0,,N,B,Y,N,0,124,0
Q335,04,4Q,0,,0,,N,B,Y,N,0,124,0
T499,21,21C,0,,0,,N,B,Y,N,0,124,0
M0123,08,8G,0,,0,,N,B,N,N,0,124,0
E119,10,10F,0,,0,,N,B,Y,N,0,124,0
P362,15,,0,,0,,N,B,Y,N,0,0,0
S521,08,8P,0,,0,,0,B,Y,N,0,124,0
M0138,08,8G,0,,0,,N,B,N,N,0,124,0
P013,15,,0,,0,,N,B,Y,N,0,0,0
M890,08,8R,0,,0,,N,B,Y,N,0,124,0
O008,14,14F,0,,0,,N,F,Y,N,9,60,0
P922,15,,0,,0,,N,B,Y,N,0,0,0
M460,08,8H,0,,0,,N,B,Y,N,0,124,0
Z089,23,23C,0,,0,,N,B,Y,N,0,124,0
R798,23,23B,0,,0,,N,B,Y,N,0,124,0
D471,17,17B,0,,0,,N,B,Y,N,0,124,0
M1309,08,8K,0,,0,,N,B,Y,N,0,124,0
M1125,08,8J,0,,0,,N,B,Y,N,0,124,0
F408,19,19F,0,,0,,N,B,Y,N,0,124,0
J948,04,4N,0,,0,,N,B,Y,N,0,124,0
J949,04,4C,0,,0,,N,B,Y,N,0,124,0
E220,10,10E,0,,0,,N,B,Y,N,0,124,0
M4948,08,8H,0,,0,,N,B,N,N,0,124,0
M2519,08,8L,0,,0,,N,B,Y,N,0,124,0
M764,08,8M,0,,0,,N,B,Y,N,0,124,0
M4985,08,8H,0,,0,,N,B,N,N,0,124,0
P371,15,,0,,0,,N,B,Y,N,0,0,0
E678,10,10C,0,,0,,N,B,Y,N,0,124,0
M1392,08,8K,0,,0,E,N,B,Y,N,0,124,0
K1400,03,3H,0,,0,,N,B,Y,N,0,124,0
M2511,08,8L,0,,0,,N,B,Y,N,0,124,0
P722,15,,0,,0,,N,B,Y,N,0,0,0
Q910,19,19K,0,,0,,N,B,Y,N,0,124,0
T622,21,21C,0,,0,,N,B,Y,N,0,124,0
C437,09,9B,0,,0,,N,B,Y,N,0,124,0
D484,06,6A,0,,0,,N,B,Y,N,0,124,0
K0024,03,3H,0,,0,,N,B,Y,Y,0,124,28
A009,06,6G,0,,0,,N,B,Y,N,0,124,0
O300,14,14B,0,,0,,N,F,Y,N,9,60,0
M9411,08,8R,0,,0,,N,B,Y,N,0,124,0
K0519,03,3H,0,,0,,N,B,Y,Y,0,124,28
M0210,08,8J,0,,0,,N,B,Y,N,0,124,0
K0009,03,3H,0,,0,,N,B,Y,N,1,124,0
M8191,08,8J,0,,0,,N,B,Y,N,0,124,0
A600,12,12C,0,,0,D,N,B,Y,N,1,124,0
M4044,08,8H,0,,0,,N,B,Y,N,0,124,0
Z915,30,,0,,0,,N,B,N,N,0,124,0
K0021,03,3H,0,,0,,N,B,Y,Y,0,124,28
H026,09,9D,0,,0,,N,B,Y,N,0,124,0
Z608,23,23D,0,,0,,N,B,Y,N,0,124,0
M0227,08,8J,0,,0,,N,B,Y,N,0,124,0
M1311,08,8K,0,,0,,N,B,Y,N,0,124,0
K0026,03,3H,0,,0,,N,B,Y,Y,0,124,28
M2304,08,8Q,0,,0,,N,B,Y,N,0,124,0
M7258,08,8M,0,,0,,N,B,Y,N,0,124,0
H588,02,2D,0,,0,,N,B,N,N,0,124,0
M4320,08,8H,0,,0,,N,B,Y,N,0,124,0
T938,30,,0,,0,,N,B,N,N,0,124,0
S82109,08,8Q,0,,0,,0,B,Y,N,0,124,0
M728,08,8M,0,,0,,N,B,Y,N,0,124,0
N259,11,11H,0,,0,,N,B,Y,N,0,124,0
P102,15,,0,,0,,N,B,Y,N,0,0,0
S02510,03,3H,0,,0,,0,B,Y,N,0,124,0
G468,01,1F,0,,0,,N,B,N,N,0,124,0
Q339,04,4Q,0,,0,,N,B,Y,N,0,124,0
P003,15,,0,,0,,N,B,Y,N,0,0,0
K0049,03,3H,0,,0,,N,B,Y,Y,0,124,28
M4350,08,8H,0,,0,,N,B,Y,N,0,124,0
K130,03,3H,0,,0,,N,B,Y,N,0,124,0
K0052,03,3H,0,,0,,N,B,Y,Y,0,124,28
H570,02,2B,0,,0,,N,B,Y,N,0,124,0
M1319,08,8K,0,,0,,N,B,Y,N,0,124,0
D1004,03,3H,0,,0,,N,B,Y,N,0,124,0
Z809,23,23D,0,,0,,N,B,Y,N,0,124,0
M4828,08,8H,0,,0,,N,B,Y,N,0,124,0
Q542,12,12E,0,,0,,N,M,Y,N,0,124,0
M2462,08,8J,0,,0,,N,B,Y,N,0,124,0
M8080,08,8E,0,,0,,N,B,Y,N,0,124,0
M2521,08,8R,0,,0,,N,B,Y,N,0,124,0
L011,09,9G,0,,0,,N,B,Y,N,0,124,0
F328,19,19C,0,,0,,N,B,Y,N,0,124,0
K0082,03,3H,0,,0,,N,B,Y,Y,0,124,28
H442,02,2D,0,,0,,N,B,Y,N,0,124,0
K009,03,3H,0,,0,,N,B,Y,Y,0,124,28
M5489,08,8H,0,,0,,N,B,Y,N,0,124,0
M205,08,8R,0,,0,,N,B,Y,N,0,124,0
Z867,30,,0,,0,,N,B,N,N,0,124,0
T034,08,8R,0,,0,,0,B,Y,N,0,124,0
H708,03,3G,0,,0,,N,B,Y,N,0,124,0
A213,06,6J,0,,0,,N,B,Y,N,0,124,0
S42401,08,8Q,0,,0,,0,B,Y,N,0,124,0
F1724,20,20F,0,,0,,N,B,Y,N,0,124,0
C538,13,13A,0,,0,,N,F,Y,N,0,124,0
T55,21,21C,0,,0,,N,B,Y,N,0,124,0
M5329,08,8H,0,,0,,N,B,Y,N,0,124,0
B673,18,18H,0,,0,,N,B,Y,N,0,124,0
K022,03,3H,0,,0,,N,B,Y,Y,0,124,28
M4195,08,8H,0,,0,,N,B,Y,N,0,124,0
F1720,20,20F,0,,0,,N,B,Y,N,0,124,0
S72412,08,8A,0,,0,,8,B,Y,N,0,124,0
M626,08,8M,0,,0,,N,B,Y,N,0,124,0
T326,22,22A,0,,0,,N,B,Y,N,0,124,0
M1235,08,8J,0,,0,,N,B,Y,N,0,124,0
S52310,08,8P,0,,0,,7,B,Y,N,0,124,0
S82201,08,8Q,0,,0,,0,B,Y,N,0,124,0
H545,02,2D,0,,0,E,N,B,Y,N,0,124,0
M8397,08,8J,0,,0,,N,B,Y,N,16,124,0
K0311,03,3H,0,,0,,N,B,Y,Y,0,124,28
M0687,08,8F,0,,0,,N,B,Y,N,16,124,0
S867,08,8Q,0,,0,,0,B,Y,N,0,124,0
F1751,20,20B,0,,0,,N,B,Y,N,0,124,0
M0087,08,8G,0,,0,,N,B,Y,N,0,124,0
H522,02,2D,0,,0,,N,B,Y,N,0,124,0
O288,14,14E,0,,0,,N,F,Y,N,9,60,0
S243,01,1J,0,,0,,6,B,Y,N,0,124,0
P38,15,,0,,0,,N,B,Y,N,0,0,0
O879,14,14C,0,,0,,N,F,Y,N,9,60,0
M6241,08,8L,0,,0,,N,B,Y,N,0,124,0
M6024,08,8M,0,,0,,N,B,Y,N,0,124,0
K0330,03,3H,0,,0,,N,B,Y,Y,0,124,28
M9086,08,8J,0,,0,,N,B,N,N,0,124,0
K0339,03,3H,0,,0,,N,B,Y,Y,0,124,28
C111,03,3A,0,,0,,N,B,Y,N,0,124,0
T133,01,1J,0,,0,,0,B,Y,N,0,124,0
H690,03,3G,0,,0,,N,B,Y,N,0,124,0
K30,06,6M,0,,0,,N,B,Y,N,0,124,0
M5459,08,8H,0,,0,,N,B,Y,N,0,124,0
K0363,03,3H,0,,0,,N,B,Y,Y,0,124,28
S6310,08,8P,0,,0,,0,B,Y,N,0,124,0
A667,18,18H,0,,0,,N,B,Y,N,0,124,0
R065,03,3G,0,,0,,N,B,Y,N,0,124,0
Q069,01,1U,0,,0,,N,B,Y,N,0,124,0
K1322,03,3H,0,,0,E,N,B,Y,N,0,124,0
T188,06,6J,0,,0,,N,B,Y,N,0,124,0
K047,03,3H,0,,0,,N,B,Y,Y,0,124,28
G374,01,1E,0,,0,,N,B,Y,N,0,124,0
S9291,08,8P,0,,0,,0,B,Y,N,0,124,0
K0379,03,3H,0,,0,,N,B,Y,Y,0,124,28
M7046,08,8M,0,,0,,N,B,Y,N,0,124,0
J028,03,3D,0,,0,,N,B,Y,N,0,124,0
M4832,08,8H,0,,0,,N,B,Y,N,0,124,0
M0304,08,8J,0,,0,,N,B,N,N,0,124,0
K039,03,3H,0,,0,,N,B,Y,Y,0,124,28
K040,03,3H,0,,0,,N,B,Y,Y,0,124,28
S667,08,8P,0,,0,,0,B,Y,N,0,124,0
G904,01,1U,0,,0,,N,B,Y,N,0,124,0
S82118,08,8Q,0,,0,,8,B,Y,N,0,124,0
M4704,01,1U,0,,0,,N,B,Y,N,0,124,0
Q766,04,4Q,0,,0,,N,B,Y,N,0,124,0
K048,03,3H,0,,0,,N,B,Y,Y,0,124,28
D738,16,16C,0,,0,,N,B,Y,N,0,124,0
M819,08,8J,0,,0,,N,B,Y,N,0,124,0
A858,01,1K,0,,0,B,N,B,Y,N,0,124,0
F178,20,20B,0,,0,,N,B,Y,N,0,124,0
M4037,08,8H,0,,0,,N,B,Y,N,0,124,0
K0509,03,3H,0,,0,,N,B,Y,Y,0,124,28
M4903,08,8D,0,,0,,N,B,N,N,0,124,0
D729,16,16C,0,,0,,N,B,Y,N,0,124,0
M102,08,8J,0,,0,,N,B,Y,N,0,124,0
F983,19,19J,0,,0,,N,B,Y,N,0,124,0
A420,04,4C,0,,0,D,N,B,Y,N,0,124,0
K0522,03,3H,0,,0,,N,B,Y,Y,0,124,28
H402,02,2D,0,,0,,N,B,Y,Y,0,124,28
K0529,03,3H,0,,0,,N,B,Y,Y,0,124,28
K835,07,7E,0,,0,,N,B,Y,N,0,124,0
M4815,08,8H,0,,0,,N,B,Y,N,0,124,0
M4912,08,8H,0,,0,,N,B,N,N,0,124,0
O821,14,14A,0,,0,,N,F,Y,N,9,60,0
F331,19,19C,0,,0,,N,B,Y,N,0,124,0
M2407,08,8R,0,,0,,N,B,Y,N,0,124,0
A229,18,18H,0,,0,,N,B,Y,N,0,124,0
K056,03,3H,0,,0,,N,B,Y,Y,0,124,28
M623,08,8M,0,,0,,N,B,Y,N,0,124,0
F451,19,19D,0,,0,,N,B,Y,N,0,124,0
M549,08,8H,0,,0,,N,B,Y,N,0,124,0
B679,18,18H,0,,0,,N,B,Y,N,0,124,0
S000,09,9H,0,,0,,0,B,Y,N,0,124,0
E309,10,10E,0,,0,,N,B,Y,N,8,19,0
I779,05,5F,0,,0,,N,B,Y,N,0,124,0
M8549,08,8J,0,,0,,N,B,Y,N,0,124,0
M6780,08,8M,0,,0,,N,B,Y,N,0,124,0
I010,05,5R,0,,0,,N,B,Y,N,0,124,0
D691,16,16B,0,,0,,N,B,Y,N,0,124,0
M6217,08,8M,0,,0,,N,B,Y,N,0,124,0
F811,19,19J,0,,0,,N,B,Y,Y,0,124,28
M4317,08,8H,0,,0,,N,B,Y,N,0,124,0
K0684,03,3H,0,,0,,N,B,Y,Y,0,124,28
F605,19,19H,0,,0,,N,B,Y,N,0,124,0
M9932,30,,0,,0,,N,B,N,N,0,124,0
H029,02,2D,0,,0,,N,B,Y,N,0,124,0
M1300,08,8K,0,,0,,N,B,Y,N,0,124,0
R940,01,1U,0,,0,,N,B,Y,N,0,124,0
M850,08,8J,0,,0,,N,B,Y,N,0,124,0
M8561,08,8J,0,,0,,N,B,Y,N,0,124,0
M0633,08,8F,0,,0,,N,B,Y,N,0,124,0
M1108,08,8J,0,,0,,N,B,Y,N,0,124,0
P019,15,,0,,0,,N,B,Y,N,0,0,0
M2188,08,8R,0,,0,,N,B,Y,N,0,124,0
M9417,08,8R,0,,0,,N,B,Y,N,0,124,0
F329,19,19C,0,,0,,N,B,Y,N,0,124,0
Q960,12,12E,0,,0,,N,B,Y,N,0,124,0
M7938,09,9C,0,,0,,N,B,Y,N,0,124,0
K0042,03,3H,0,,0,,N,B,Y,Y,0,124,28
F552,20,20F,0,,0,,N,B,Y,N,0,124,0
M2508,08,8J,0,,0,,N,B,Y,N,0,124,0
K0723,03,3H,0,,0,,N,B,Y,Y,0,124,28
H113,02,2C,0,,0,,N,B,Y,N,0,124,0
T243,22,22B,0,,0,,N,B,Y,N,0,124,0
K0726,03,3H,0,,0,,N,B,Y,Y,0,124,28
M9902,30,,0,,0,,N,B,N,N,0,124,0
K0728,03,3H,0,,0,,N,B,Y,Y,0,124,28
K073,03,3H,0,,0,,N,B,Y,Y,0,124,28
M4693,08,8H,0,,0,,N,B,Y,N,0,124,0
A798,18,18H,0,,0,,N,B,Y,N,0,124,0
M2349,08,8R,0,,0,,N,B,Y,N,0,124,0
E299,10,10E,0,,0,,N,M,Y,N,0,124,0
C021,03,3A,0,,0,,N,B,Y,N,0,124,0
T411,21,21C,0,,0,,N,B,Y,N,0,124,0
K0739,03,3H,0,,0,,N,B,Y,Y,0,124,28
K074,03,3H,0,,0,,N,B,Y,Y,0,124,28
Q165,03,3G,0,,0,,N,B,Y,N,0,124,0
T469,21,21C,0,,0,,N,B,Y,N,0,124,0
M2117,08,8R,0,,0,,N,B,Y,N,0,124,0
K0755,03,3H,0,,0,,N,B,Y,Y,0,124,28
M6149,08,8M,0,,0,,N,B,Y,N,0,124,0
J709,04,4Q,0,,0,,N,B,Y,N,0,124,0
K076,03,3H,0,,0,,N,B,Y,Y,0,124,28
D815,16,16C,0,,0,,N,B,Y,N,0,124,0
M2551,08,8L,0,,0,,N,B,Y,N,0,124,0
K0762,03,3H,0,,0,,N,B,Y,Y,0,124,28
K501,06,6E,0,,0,,N,B,Y,N,0,124,0
Z318,23,23D,0,,0,,N,B,Y,N,9,60,0
A320,18,18H,0,,0,,N,B,Y,N,0,124,0
G400,01,1P,0,,0,,N,B,Y,N,0,124,0
M502,08,8H,0,,0,,N,B,Y,N,0,124,0
M216,08,8R,0,,0,,N,B,Y,N,0,124,0
L502,09,9D,0,,0,,N,B,Y,N,0,124,0
N872,13,13F,0,,0,,N,F,Y,N,0,124,0
O019,14,14L,0,,0,,N,F,Y,N,9,60,0
K0881,03,3H,0,,0,,N,B,Y,Y,0,124,28
M7699,08,8M,0,,0,,N,B,Y,N,0,124,0
F4323,19,19E,0,,0,,N,B,Y,N,0,124,0
K092,03,3H,0,,0,,N,B,Y,N,0,124,0
L271,09,9C,0,,0,,N,B,Y,N,0,124,0
P050,15,,0,,0,,N,B,Y,N,0,0,0
S707,09,9H,0,,0,,0,B,Y,N,0,124,0
M8200,08,8J,0,,0,,N,B,N,N,0,124,0
P008,15,,0,,0,,N,B,Y,N,0,0,0
M774,08,8M,0,,0,,N,B,Y,N,0,124,0
Z102,23,23D,0,,0,,N,B,Y,N,0,124,0
S52718,08,8Q,0,,0,,7,B,Y,N,0,124,0
H741,03,3G,0,,0,,N,B,Y,N,0,124,0
K0911,03,3H,0,,0,,N,B,Y,N,0,124,0
B871,09,9D,0,,0,,N,B,Y,N,0,124,0
K0918,03,3H,0,,0,,N,B,Y,N,0,124,0
D397,13,13A,0,,0,,N,F,Y,N,0,124,0
D020,03,3A,0,,0,,N,B,Y,N,0,124,0
M8084,08,8E,0,,0,,N,B,Y,N,0,124,0
T440,21,21C,0,,0,,N,B,Y,N,0,124,0
O325,14,14B,0,,0,,N,F,Y,N,9,60,0
K098,03,3H,0,,0,,N,B,Y,N,0,124,0
S82300,08,8Q,0,,0,,0,B,Y,N,0,124,0
L943,09,9D,0,,0,,N,B,Y,N,0,124,0
M4020,08,8H,0,,0,,N,B,Y,N,0,124,0
M0159,08,8J,0,,0,,N,B,N,N,0,124,0
Z981,30,,0,,0,,N,B,N,N,0,124,0
Q100,02,2D,0,,0,,N,B,Y,N,0,124,0
M6745,08,8M,0,,0,,N,B,Y,N,0,124,0
O055,14,14K,0,,0,,N,F,Y,N,9,60,0
M413,08,8H,0,,0,,N,B,Y,N,0,124,0
S060,01,1T,0,,0,,0,B,Y,N,0,124,0
H800,03,3G,0,,0,,N,B,Y,N,0,124,0
L640,09,9D,0,,0,,N,B,Y,N,0,124,0
M5327,08,8H,0,,0,,N,B,Y,N,0,124,0
K1023,03,3H,0,,0,,N,B,Y,N,0,124,0
R785,23,23B,0,,0,,N,B,Y,N,0,124,0
N902,13,13F,0,,0,,N,F,Y,N,0,124,0
A839,01,1K,0,,0,,N,B,Y,N,0,124,0
P969,15,,0,,0,,N,B,Y,N,0,0,0
O820,14,14A,0,,0,,N,F,Y,N,9,60,0
M1118,08,8J,0,,0,,N,B,Y,N,0,124,0
M6259,08,8M,0,,0,,N,B,Y,N,0,124,0
K1088,03,3H,0,,0,,N,B,Y,N,0,124,0
T301,22,22C,0,,0,,N,B,Y,N,0,124,0
B748,18,18H,0,,0,,N,B,Y,N,0,124,0
M0517,04,4P,0,,0,,N,B,Y,N,16,124,0
H019,02,2D,0,,0,,N,B,Y,N,0,124,0
D551,16,16A,0,,0,,N,B,Y,N,0,124,0
B718,06,6L,0,,0,,N,B,Y,N,0,124,0
K513,06,6E,0,,0,,N,B,Y,N,0,124,0
Q979,13,13F,0,,0,,N,B,Y,N,0,124,0
A962,18,18F,0,,0,,N,B,Y,N,0,124,0
M6599,08,8M,0,,0,,N,B,Y,N,0,124,0
M7798,08,8M,0,,0,,N,B,Y,N,0,124,0
M6101,08,8M,0,,0,,N,B,Y,N,0,124,0
F1700,20,20F,0,,0,,N,B,Y,N,0,124,0
D221,02,2D,0,,0,,N,B,Y,N,0,124,0
O659,14,14A,0,,0,,N,F,Y,N,9,60,0
M8564,08,8J,0,,0,,N,B,Y,N,0,124,0
J040,03,3D,0,,0,,N,B,Y,N,0,124,0
L700,09,9D,0,,0,,N,B,Y,N,0,124,0
M1224,08,8J,0,,0,,N,B,Y,N,0,124,0
S42411,08,8Q,0,,0,,7,B,Y,N,0,124,0
M2442,08,8Q,0,,0,,N,B,Y,N,0,124,0
Q958,23,23D,0,,0,,N,B,Y,N,0,124,0
Z387,15,,0,,0,,N,B,Y,N,0,0,0
I868,05,5F,0,,0,,N,B,Y,N,0,124,0
M8145,08,8J,0,,0,,N,B,Y,N,0,124,0
M4715,08,8H,0,,0,,N,B,Y,N,0,124,0
I694,01,1D,0,,0,,N,B,Y,N,0,124,0
M2470,08,8R,0,,0,,N,B,Y,N,0,124,0
A931,18,18F,0,,0,,N,B,Y,N,0,124,0
S670,21,21A,0,,0,,0,B,Y,N,0,124,0
D392,13,13A,0,,0,,N,F,Y,N,0,124,0
M069,08,8F,0,,0,,N,B,Y,N,0,124,0
M9036,08,8J,0,,0,,N,B,N,N,0,124,0
Q718,08,8R,0,,0,,N,B,Y,N,0,124,0
C023,03,3A,0,,0,,N,B,Y,N,0,124,0
M514,08,8H,0,,0,,N,B,Y,N,1,124,0
O322,14,14B,0,,0,,N,F,Y,N,9,60,0
M438,08,8H,0,,0,,N,B,Y,N,0,124,0
K313,06,6H,0,,0,,N,B,Y,N,0,124,0
M1255,08,8J,0,,0,,N,B,Y,N,0,124,0
H609,03,3G,0,,0,,N,B,Y,N,0,124,0
M4698,08,8H,0,,0,,N,B,Y,N,0,124,0
M4697,08,8H,0,,0,,N,B,Y,N,0,124,0
S0480,01,1J,0,,0,,0,B,Y,N,0,124,0
P140,15,,0,,0,,N,B,Y,N,0,0,0
T246,22,22C,0,,0,,N,B,Y,N,0,124,0
T232,22,22C,0,,0,,N,B,Y,N,0,124,0
M8213,08,8J,0,,0,,N,B,N,N,0,124,0
M6721,08,8M,0,,0,,N,B,Y,N,0,124,0
Q699,08,8R,0,,0,,N,B,Y,N,0,124,0
M4204,08,8J,0,,0,,N,B,Y,N,0,124,0
Z479,08,8N,0,,0,,N,B,Y,N,0,124,0
N411,12,12C,0,,0,,N,M,Y,N,1,124,0
M7947,09,9C,0,,0,,N,B,Y,N,0,124,0
T257,22,22B,0,,0,,N,B,Y,N,0,124,0
T363,21,21C,0,,0,,N,B,Y,N,0,124,0
M6200,08,8M,0,,0,,N,B,Y,N,0,124,0
M5404,09,9C,0,,0,,N,B,Y,N,0,124,0
Q649,11,11H,0,,0,,N,B,Y,N,0,124,0
Q139,02,2D,0,,0,,N,B,Y,N,0,124,0
M0311,08,8J,0,,0,,N,B,N,N,0,124,0
M8569,08,8J,0,,0,,N,B,Y,N,0,124,0
G239,01,1D,0,,0,,N,B,Y,N,0,124,0
M8187,08,8J,0,,0,,N,B,Y,N,0,124,0
M4654,08,8H,0,,0,,N,B,Y,N,0,124,0
M1258,08,8J,0,,0,,N,B,Y,N,0,124,0
M4299,08,8J,0,,0,,N,B,Y,N,0,124,0
M4650,08,8H,0,,0,,N,B,Y,N,0,124,0
M465,08,8H,0,,0,,N,B,Y,N,0,124,0
S523,08,8P,0,,0,,0,B,Y,N,0,124,0
M8144,08,8J,0,,0,,N,B,Y,N,0,124,0
Z386,15,,0,,0,,N,B,Y,N,0,0,0
A959,18,18F,0,,0,,N,B,Y,N,0,124,0
M4644,08,8H,0,,0,,N,B,Y,N,0,124,0
Z315,23,23D,0,,0,,N,B,Y,N,1,124,0
M8659,08,8D,0,,0,,N,B,Y,N,0,124,0
K0731,03,3H,0,,0,,N,B,Y,Y,0,124,28
F230,19,19A,0,,0,,N,B,Y,N,0,124,0
M4639,08,8H,0,,0,,N,B,Y,N,0,124,0
F813,19,19J,0,,0,,N,B,Y,Y,0,124,28
T16,03,3G,0,,0,,N,B,Y,N,0,124,0
M4729,08,8H,0,,0,,N,B,Y,N,0,124,0
M4634,08,8H,0,,0,,N,B,Y,N,0,124,0
D179,09,9D,0,,0,,N,B,Y,N,0,124,0
M4630,08,8H,0,,0,,N,B,Y,N,0,124,0
T461,21,21C,0,,0,,N,B,Y,N,0,124,0
E723,10,10D,0,,0,,N,B,Y,N,0,124,0
M2356,08,8R,0,,0,,N,B,Y,N,0,124,0
M4136,08,8H,0,,0,,N,B,Y,N,0,124,0
Z711,23,23D,0,,0,,N,B,Y,N,0,124,0
M0921,08,8J,0,,0,,N,B,N,N,0,124,0
M4623,08,8D,0,,0,,N,B,Y,N,0,124,0
M4621,08,8D,0,,0,,N,B,Y,N,0,124,0
M4620,08,8D,0,,0,,N,B,Y,N,0,124,0
M462,08,8D,0,,0,,N,B,Y,N,0,124,0
M4619,08,8H,0,,0,,N,B,Y,N,0,124,0
M4618,08,8H,0,,0,,N,B,Y,N,0,124,0
H907,03,3G,0,,0,,N,B,Y,N,0,124,0
C432,09,9B,0,,0,,N,B,Y,N,0,124,0
M1090,08,8J,0,,0,,N,B,Y,N,0,124,0
G633,01,1J,0,,0,,N,B,N,N,0,124,0
B083,18,18F,0,,0,,N,B,Y,N,0,124,0
T022,08,8R,0,,0,,0,B,Y,N,0,124,0
Z949,30,,0,,0,,N,B,N,N,0,124,0
F079,19,19K,0,,0,B,N,B,Y,N,0,124,0
M6622,08,8M,0,,0,,N,B,Y,N,0,124,0
N855,13,13F,0,,0,,N,F,Y,N,0,124,0
L303,09,9C,0,,0,,N,B,Y,N,0,124,0
M459,08,8F,0,,0,,N,B,Y,N,16,124,0
A630,09,9D,0,,0,,N,B,Y,N,1,124,0
M456,08,8F,0,,0,,N,B,Y,N,16,124,0
M4911,08,8H,0,,0,,N,B,N,N,0,124,0
M452,08,8F,0,,0,,N,B,Y,N,16,124,0
S7308,08,8C,0,,0,,0,B,Y,N,0,124,0
I318,05,5R,0,,0,,N,B,Y,N,0,124,0
K0711,03,3H,0,,0,,N,B,Y,N,0,124,0
Q300,03,3G,0,,0,,N,B,Y,N,0,124,0
O993,14,14B,0,,0,,N,F,Y,N,9,60,0
H739,03,3G,0,,0,,N,B,Y,N,0,124,0
L743,09,9D,0,,0,,N,B,Y,N,0,124,0
M9040,08,8J,0,,0,,N,B,N,N,0,124,0
I443,05,5L,0,,0,,N,B,Y,N,0,124,0
S2290,04,4G,0,,0,,0,B,Y,N,0,124,0
M1228,08,8J,0,,0,,N,B,Y,N,0,124,0
R789,23,23B,0,,0,,N,B,Y,N,0,124,0
M8348,08,8J,0,,0,,N,B,Y,N,1,124,0
O101,14,14B,0,,0,,N,F,Y,N,9,60,0
I289,05,5R,0,,0,,N,B,Y,N,0,124,0
Q353,03,3H,0,,0,,N,B,Y,N,0,124,0
Z823,23,23D,0,,0,,N,B,Y,N,0,124,0
F61,19,19H,0,,0,,N,B,Y,N,0,124,0
Q752,08,8R,0,,0,,N,B,Y,N,0,124,0
D106,03,3G,0,,0,,N,B,Y,N,0,124,0
L293,12,12E,0,,0,,N,B,Y,N,0,124,0
T782,21,21B,0,,0,,N,B,Y,N,0,124,0
H150,02,2D,0,,0,,N,B,Y,N,0,124,0
O909,14,14C,0,,0,,N,F,Y,N,9,60,0
Q779,08,8R,0,,0,,N,B,Y,N,0,124,0
S633,08,8P,0,,0,,0,B,Y,N,0,124,0
Z585,23,23D,0,,0,,N,B,Y,N,0,124,0
Z578,23,23D,0,,0,,N,B,Y,N,0,124,0
M2147,08,8R,0,,0,,N,B,Y,N,0,124,0
M6645,08,8M,0,,0,,N,B,Y,N,0,124,0
H431,02,2C,0,,0,,N,B,Y,N,0,124,0
S52500,08,8P,0,,0,,0,B,Y,N,0,124,0
M1214,08,8J,0,,0,,N,B,Y,N,0,124,0
Q539,12,12E,0,,0,,N,B,Y,N,0,124,0
M9952,30,,0,,0,,N,B,N,N,0,124,0
K118,03,3G,0,,0,,N,B,Y,N,0,124,0
S02500,03,3H,0,,0,,0,B,Y,N,0,124,0
B878,09,9D,0,,0,,N,B,Y,N,0,124,0
H162,02,2D,0,,0,,N,B,Y,N,0,124,0
M4326,08,8H,0,,0,,N,B,Y,N,0,124,0
T250,22,22C,0,,0,,N,B,Y,N,0,124,0
T316,22,22A,0,,0,,N,B,Y,N,0,124,0
M4323,08,8H,0,,0,,N,B,Y,N,0,124,0
Q175,03,3G,0,,0,,N,B,Y,N,0,124,0
Z583,23,23D,0,,0,,N,B,Y,N,0,124,0
Z305,23,23D,0,,0,,N,F,Y,N,1,124,0
B9680,30,,0,,0,,N,B,N,N,0,124,0
O651,14,14A,0,,0,,N,F,Y,N,9,60,0
K0046,03,3H,0,,0,,N,B,Y,Y,0,124,28
D27,13,13F,0,,0,,N,F,Y,N,0,124,0
I831,05,5F,0,,0,,N,B,Y,N,1,124,0
G729,01,1U,0,,0,,N,B,Y,N,0,124,0
C473,08,8E,0,,0,,N,B,Y,N,0,124,0
R104,06,6K,0,,0,,N,B,Y,N,0,124,0
Z980,30,,0,,0,,N,B,N,N,0,124,0
M4309,08,8H,0,,0,,N,B,Y,N,0,124,0
S741,01,1J,0,,0,,8,B,Y,N,0,124,0
T273,04,4Q,0,,0,,N,B,Y,N,0,124,0
M4305,08,8H,0,,0,,N,B,Y,N,0,124,0
S2281,04,4G,0,,0,,2,B,Y,N,0,124,0
M4303,08,8H,0,,0,,N,B,Y,N,0,124,0
M4302,08,8H,0,,0,,N,B,Y,N,0,124,0
R441,19,19L,0,,0,,N,B,Y,N,0,124,0
M4300,08,8H,0,,0,,N,B,Y,N,0,124,0
M4298,08,8J,0,,0,,N,B,Y,N,0,124,0
Q823,09,9D,0,,0,,N,B,Y,N,0,124,0
M4296,08,8J,0,,0,,N,B,Y,N,0,124,0
S519,21,21A,0,,0,,0,B,Y,N,0,124,0
S42311,08,8Q,0,,0,,7,B,Y,N,0,124,0
M6621,08,8M,0,,0,,N,B,Y,N,0,124,0
E755,10,10D,0,,0,,N,B,Y,N,0,124,0
Z924,30,,0,,0,,N,B,N,N,0,124,0
M4290,08,8J,0,,0,,N,B,Y,N,0,124,0
T023,08,8R,0,,0,,0,B,Y,N,0,124,0
M9435,08,8R,0,,0,,N,B,Y,N,0,124,0
P132,15,,0,,0,,N,B,Y,N,0,0,0
M4217,08,8J,0,,0,,N,B,Y,N,16,124,0
T730,21,21E,0,,0,,N,B,Y,N,0,124,0
M5320,08,8H,0,,0,,N,B,Y,N,0,124,0
S533,08,8P,0,,0,,0,B,Y,N,0,124,0
N498,12,12C,0,,0,,N,M,Y,N,0,124,0
K1201,03,3H,0,,0,,N,B,Y,N,0,124,0
M5396,08,8H,0,,0,,N,B,Y,N,0,124,0
M4207,08,8J,0,,0,,N,B,Y,N,0,124,0
M9389,08,8J,0,,0,,N,B,Y,N,0,124,0
M469,08,8H,0,,0,,N,B,Y,N,0,124,0
M4156,08,8H,0,,0,,N,B,Y,N,0,124,0
Z726,23,23D,0,,0,,N,B,Y,N,0,124,0
M6528,08,8M,0,,0,,N,B,Y,N,0,124,0
M9963,30,,0,,0,,N,B,N,N,0,124,0
M420,08,8J,0,,0,,N,B,Y,N,0,124,0
M8535,08,8J,0,,0,,N,B,Y,N,0,124,0
M4198,08,8H,0,,0,,N,B,Y,N,0,124,0
T028,21,21A,0,,0,,8,B,Y,N,0,124,0
B701,06,6L,0,,0,,N,B,Y,N,0,124,0
M8123,08,8J,0,,0,,N,B,Y,N,0,124,0
E883,10,10D,0,,0,,N,B,Y,N,0,124,0
K1212,03,3H,0,,0,,N,B,Y,N,0,124,0
H518,02,2B,0,,0,,N,B,Y,N,0,124,0
M4190,08,8H,0,,0,,N,B,Y,N,0,124,0
M7990,08,8L,0,,0,,N,B,Y,N,0,124,0
E320,16,16C,0,,0,,N,B,Y,N,0,124,0
M4187,08,8H,0,,0,,N,B,Y,N,0,124,0
Q605,11,11H,0,,0,,N,B,Y,N,0,124,0
S72416,08,8A,0,,0,,8,B,Y,N,0,124,0
N819,13,13F,0,,0,,N,F,Y,N,1,124,0
Z352,30,,0,,0,,N,F,N,N,9,60,0
Q161,03,3G,0,,0,,N,B,Y,N,0,124,0
M8701,08,8J,0,,0,,N,B,Y,N,0,124,0
M4180,08,8H,0,,0,,N,B,Y,N,0,124,0
D109,03,3G,0,,0,,N,B,Y,N,0,124,0
L504,09,9D,0,,0,,N,B,Y,N,0,124,0
M4157,08,8H,0,,0,,N,B,Y,N,0,124,0
M9420,08,8J,0,,0,,N,B,Y,N,0,124,0
M0366,08,8J,0,,0,,N,B,N,N,0,124,0
O224,14,14B,0,,0,,N,F,Y,N,9,60,0
M4386,08,8H,0,,0,,N,B,Y,N,0,124,0
E728,10,10D,0,,0,,N,B,Y,N,0,124,0
S092,03,3G,0,,0,,0,B,Y,N,0,124,0
M4146,08,8H,0,,0,,N,B,Y,N,0,124,0
M0640,08,8J,0,,0,,N,B,Y,N,0,124,0
G969,01,1H,0,,0,,N,B,Y,N,0,124,0
K1025,03,3H,0,,0,,N,B,Y,N,0,124,0
M4141,08,8H,0,,0,,N,B,Y,N,0,124,0
N61,09,9F,0,,0,,N,B,Y,N,0,124,0
N843,13,13F,0,,0,,N,F,Y,N,0,124,0
M2548,08,8R,0,,0,,N,B,Y,N,0,124,0
K0725,03,3H,0,,0,,N,B,Y,Y,0,124,28
K143,03,3H,0,,0,,N,B,Y,N,0,124,0
S3670,06,6J,0,,0,,3,B,Y,N,0,124,0
E830,10,10D,0,,0,,N,B,Y,N,0,124,0
M4131,08,8H,0,,0,,N,B,Y,N,0,124,0
T633,21,21C,0,,0,,N,B,Y,N,0,124,0
G405,01,1P,0,,0,,N,B,Y,N,0,124,0
M2543,08,8R,0,,0,,N,B,Y,N,0,124,0
M4055,08,8H,0,,0,,N,B,Y,N,0,124,0
M7049,08,8M,0,,0,,N,B,Y,N,0,124,0
E049,10,10E,0,,0,,N,B,Y,N,0,124,0
B948,18,18H,0,,0,,N,B,Y,Y,0,124,28
J452,04,4K,0,,0,,N,B,Y,N,0,124,0
D367,17,17C,0,,0,,N,B,Y,N,0,124,0
L579,09,9D,0,,0,,N,B,Y,N,0,124,0
N218,11,11E,0,,0,,N,B,Y,N,0,124,0
Z100,23,23D,0,,0,,N,B,Y,N,0,124,0
M8016,08,8E,0,,0,,N,F,Y,N,1,124,0
H812,03,3B,0,,0,,N,B,Y,N,0,124,0
H653,03,3D,0,,0,,N,B,Y,N,0,124,0
M4114,08,8H,0,,0,,N,B,Y,N,0,124,0
M9060,08,8J,0,,0,,N,B,N,N,0,124,0
M0317,08,8J,0,,0,,N,B,N,N,0,124,0
M6720,08,8M,0,,0,,N,B,Y,N,0,124,0
M4110,08,8H,0,,0,,N,B,Y,N,0,124,0
R874,23,23B,0,,0,,N,F,Y,N,0,124,0
M4109,08,8H,0,,0,,N,B,Y,N,0,124,0
H445,02,2D,0,,0,,N,B,Y,N,0,124,0
L414,09,9B,0,,0,,N,B,Y,N,0,124,0
M6597,08,8M,0,,0,,N,B,Y,N,0,124,0
L851,09,9D,0,,0,,N,B,Y,N,0,124,0
M158,08,8J,0,,0,,N,B,Y,N,16,124,0
T058,21,21A,0,,0,,8,B,Y,N,0,124,0
T466,21,21C,0,,0,,N,B,Y,N,0,124,0
M0816,08,8F,0,,0,,N,B,Y,N,0,124,0
R270,01,1U,0,,0,,N,B,Y,N,0,124,0
M4054,08,8H,0,,0,,N,B,Y,N,0,124,0
P138,15,,0,,0,,N,B,Y,N,0,0,0
E709,10,10D,0,,0,,N,B,Y,N,0,124,0
O356,14,14B,0,,0,,N,F,Y,N,9,60,0
M4930,08,8H,0,,0,,N,B,N,N,0,124,0
N853,13,13F,0,,0,,N,F,Y,N,0,124,0
S056,02,2D,0,,0,,0,B,Y,N,0,124,0
D441,10,10E,0,,0,,N,B,Y,N,0,124,0
O620,14,14A,0,,0,,N,F,Y,N,9,60,0
S42300,08,8Q,0,,0,,0,B,Y,N,0,124,0
M4047,08,8H,0,,0,,N,B,Y,N,0,124,0
G501,01,1J,0,,0,,N,B,Y,N,0,124,0
K761,07,7D,0,,0,,N,B,Y,N,0,124,0
M5411,01,1J,0,,0,E,N,B,Y,N,0,124,0
F911,19,19J,0,,0,,N,B,Y,N,0,124,0
I514,05,5R,0,,0,,N,B,Y,N,0,124,0
M5328,08,8H,0,,0,,N,B,Y,N,0,124,0
M4036,08,8H,0,,0,,N,B,Y,N,0,124,0
M4035,08,8H,0,,0,,N,B,Y,N,0,124,0
M403,08,8H,0,,0,,N,B,Y,N,0,124,0
I221,05,5A,0,,0,,N,B,Y,N,1,124,0
M4005,08,8H,0,,0,,N,B,Y,N,0,124,0
M8303,08,8J,0,,0,,N,F,Y,N,9,60,0
Z272,23,23D,0,,0,,N,B,Y,N,0,124,0
M4008,08,8H,0,,0,,N,B,Y,N,0,124,0
F539,19,19C,0,,0,,N,F,Y,N,9,60,0
M4019,08,8H,0,,0,,N,B,Y,N,0,124,0
M4018,08,8H,0,,0,,N,B,Y,N,0,124,0
M4017,08,8H,0,,0,,N,B,Y,N,0,124,0
T236,22,22C,0,,0,,N,B,Y,N,0,124,0
M9010,08,8D,0,,0,,N,B,N,N,0,124,0
K0050,03,3H,0,,0,,N,B,Y,Y,0,124,28
M0913,08,8J,0,,0,,N,B,N,N,0,124,0
F151,20,20E,0,,0,,N,B,Y,N,0,124,0
R850,23,23B,0,,0,,N,B,Y,N,0,124,0
M0360,08,8J,0,,0,,N,B,N,N,0,124,0
O695,14,14A,0,,0,,N,F,Y,N,9,60,0
D090,11,11C,0,,0,,N,B,Y,N,0,124,0
J178,04,4C,0,,0,,N,B,N,N,0,124,0
Q982,12,12E,0,,0,,N,B,Y,N,0,124,0
R110,06,6H,0,,0,,N,B,Y,N,0,124,0
Q512,13,13F,0,,0,,N,F,Y,N,0,124,0
H533,02,2D,0,,0,,N,B,Y,N,0,124,0
D287,13,13F,0,,0,,N,F,Y,N,0,124,0
Q8702,08,8R,0,,0,,N,B,Y,N,0,124,0
M8040,08,8E,0,,0,,N,B,Y,N,0,124,0
M4798,08,8H,0,,0,,N,B,Y,N,0,124,0
M7303,08,8G,0,,0,,N,B,N,N,0,124,0
Q218,05,5J,0,,0,,N,B,Y,N,0,124,0
D361,08,8R,0,,0,,N,B,Y,N,0,124,0
M352,08,8S,0,,0,,N,B,Y,Y,0,124,28
B664,04,4C,0,,0,,N,B,Y,N,0,124,0
R834,23,23B,0,,0,,N,B,Y,N,0,124,0
M9930,30,,0,,0,,N,B,N,N,0,124,0
Q912,19,19K,0,,0,,N,B,Y,N,0,124,0
M2532,08,8R,0,,0,,N,B,Y,N,0,124,0
M6802,08,8M,0,,0,,N,B,N,N,0,124,0
M4213,08,8J,0,,0,,N,B,Y,N,16,124,0
R451,19,19L,0,,0,,N,B,Y,N,0,124,0
M7992,08,8L,0,,0,,N,B,Y,N,0,124,0
Q754,08,8R,0,,0,,N,B,Y,N,0,124,0
M5405,09,9C,0,,0,,N,B,Y,N,0,124,0
T185,06,6J,0,,0,,N,B,Y,N,0,124,0
Q8281,09,9D,0,,0,,N,B,Y,N,0,124,0
T432,21,21C,0,,0,,N,B,Y,N,0,124,0
M6718,08,8M,0,,0,,N,B,Y,N,0,124,0
Q623,11,11H,0,,0,,N,B,Y,N,0,124,0
G245,02,2B,0,,0,,N,B,Y,N,0,124,0
M7790,08,8M,0,,0,,N,B,Y,N,0,124,0
H278,02,2D,0,,0,,N,B,Y,N,0,124,0
M303,08,8S,0,,0,,N,B,Y,N,0,124,0
C430,09,9B,0,,0,,N,B,Y,N,0,124,0
M4947,08,8H,0,,0,,N,B,N,N,0,124,0
M7921,01,1J,0,,0,E,N,B,Y,N,0,124,0
M4046,08,8H,0,,0,,N,B,Y,N,0,124,0
M2596,08,8L,0,,0,,N,B,Y,N,0,124,0
Z550,23,23D,0,,0,,N,B,Y,N,0,124,0
L254,09,9D,0,,0,,N,B,Y,N,0,124,0
M7198,08,8M,0,,0,,N,B,Y,N,0,124,0
S668,08,8P,0,,0,,0,B,Y,N,0,124,0
G934,01,1H,0,,0,B,N,B,Y,N,0,124,0
C601,12,12A,0,,0,,N,M,Y,N,0,124,0
M2589,08,8L,0,,0,,N,B,Y,N,0,124,0
M0815,08,8F,0,,0,,N,B,Y,N,0,124,0
M2586,08,8L,0,,0,,N,B,Y,N,0,124,0
K0060,03,3H,0,,0,,N,B,Y,N,0,124,0
F82,19,19J,0,,0,,N,B,Y,Y,0,124,28
Q828,09,9D,0,,0,,N,B,Y,N,0,124,0
M2581,08,8L,0,,0,,N,B,Y,N,0,124,0
M8652,08,8D,0,,0,,N,B,Y,N,0,124,0
S6309,08,8P,0,,0,,0,B,Y,N,0,124,0
I253,05,5R,0,,0,,N,B,Y,N,1,124,0
L728,09,9D,0,,0,,N,B,Y,N,0,124,0
M2577,08,8R,0,,0,,N,B,Y,N,0,124,0
M167,08,8J,0,,0,,N,B,Y,N,0,124,0
R633,10,10C,0,,0,,N,B,Y,N,0,124,0
L304,09,9D,0,,0,,N,B,Y,N,0,124,0
S0221,03,3F,0,,0,,0,B,Y,N,0,124,0
P923,15,,0,,0,,N,B,Y,N,0,0,0
Z509,23,23D,0,,0,,N,B,Y,N,0,124,0
K0029,03,3H,0,,0,,N,B,Y,Y,0,124,28
D559,16,16A,0,,0,,N,B,Y,N,0,124,0
M2566,08,8L,0,,0,,N,B,Y,N,0,124,0
Q8580,17,17C,0,,0,,N,B,Y,N,0,124,0
K700,07,7D,0,,0,,N,B,Y,N,1,124,0
S2770,04,4Q,0,,0,,2,B,Y,N,0,124,0
Q189,09,9D,0,,0,,N,B,Y,N,0,124,0
Z229,23,23D,0,,0,,N,B,Y,N,0,124,0
Z731,23,23D,0,,0,,N,B,Y,N,0,124,0
Z803,23,23D,0,,0,,N,B,Y,N,0,124,0
T240,22,22C,0,,0,,N,B,Y,N,0,124,0
M2555,08,8L,0,,0,,N,B,Y,N,0,124,0
M2554,08,8L,0,,0,,N,B,Y,N,0,124,0
P810,15,,0,,0,,N,B,Y,N,0,0,0
Z091,23,23C,0,,0,,N,B,Y,N,0,124,0
Z137,23,23D,0,,0,,N,B,Y,N,0,124,0
M888,08,8J,0,,0,,N,B,Y,N,0,124,0
M1180,08,8J,0,,0,,N,B,Y,N,0,124,0
S198,21,21A,0,,0,,0,B,Y,N,0,124,0
Z599,23,23D,0,,0,,N,B,Y,N,0,124,0
Q187,03,3H,0,,0,,N,B,Y,N,0,124,0
M2545,08,8R,0,,0,,N,B,Y,N,0,124,0
M729,08,8M,0,,0,,N,B,Y,N,0,124,0
M4129,08,8H,0,,0,,N,B,Y,N,0,124,0
L580,09,9C,0,,0,,N,B,Y,N,0,124,0
M2540,08,8R,0,,0,,N,B,Y,N,0,124,0
M9998,30,,0,,0,,N,B,N,N,0,124,0
T227,22,22B,0,,0,,N,B,Y,N,0,124,0
M541,01,1J,0,,0,E,N,B,Y,N,0,124,0
K123,03,3H,0,,0,,N,B,Y,N,0,124,0
M2535,08,8R,0,,0,,N,B,Y,N,0,124,0
P578,15,,0,,0,,N,B,Y,N,0,0,0
M8530,08,8J,0,,0,,N,B,Y,N,0,124,0
M4357,08,8H,0,,0,,N,B,Y,N,0,124,0
M2530,08,8R,0,,0,,N,B,Y,N,0,124,0
M7913,08,8L,0,,0,,N,B,Y,N,0,124,0
M2528,08,8R,0,,0,,N,B,Y,N,0,124,0
M1018,21,21C,0,,0,,N,B,Y,N,0,124,0
M2526,08,8R,0,,0,,N,B,Y,N,0,124,0
M7143,08,8M,0,,0,,N,B,Y,N,0,124,0
O811,14,14A,0,,0,,N,F,Y,N,9,60,0
D474,16,16C,0,,0,,N,B,Y,N,0,124,0
M4216,08,8J,0,,0,,N,B,Y,N,16,124,0
R865,18,18H,0,,0,,N,M,Y,N,0,124,0
K219,06,6M,0,,0,,N,B,Y,N,0,124,0
L708,09,9D,0,,0,,N,B,Y,N,0,124,0
K0019,03,3H,0,,0,,N,B,Y,Y,0,124,28
T241,22,22C,0,,0,,N,B,Y,N,0,124,0
P781,15,,0,,0,,N,B,Y,N,0,0,0
L710,09,9D,0,,0,,N,B,Y,N,0,124,0
Z591,23,23D,0,,0,,N,B,Y,N,0,124,0
M1097,08,8J,0,,0,,N,B,Y,N,0,124,0
M8112,08,8J,0,,0,,N,F,Y,N,1,124,0
O758,14,14A,0,,0,,N,F,Y,N,9,60,0
K1302,03,3H,0,,0,,N,B,Y,N,0,124,0
M012,08,8G,0,,0,,N,B,N,N,0,124,0
M6246,08,8L,0,,0,,N,B,Y,N,0,124,0
F1771,20,20B,0,,0,,N,B,Y,N,0,124,0
C491,08,8E,0,,0,,N,B,Y,N,0,124,0
A749,13,13D,0,,0,,N,B,Y,N,0,124,0
M6018,08,8M,0,,0,,N,B,Y,N,0,124,0
Q7131,08,8R,0,,0,,N,B,Y,N,0,124,0
M8211,08,8J,0,,0,,N,B,N,N,0,124,0
T193,13,13F,0,,0,,N,F,Y,N,0,124,0
O077,14,14K,0,,0,,N,F,Y,N,9,60,0
S529,08,8P,0,,0,,0,B,Y,N,0,124,0
O267,14,14B,0,,0,,N,F,Y,N,9,60,0
L810,09,9D,0,,0,,N,B,Y,N,0,124,0
L811,09,9D,0,,0,,N,B,Y,N,0,124,0
K0988,03,3H,0,,0,,N,B,Y,N,0,124,0
L816,09,9D,0,,0,,N,B,Y,N,0,124,0
L817,09,9D,0,,0,,N,B,Y,N,0,124,0
L818,09,9D,0,,0,,N,B,Y,N,0,124,0
K605,06,6J,0,,0,,N,B,Y,N,0,124,0
L8183,09,9D,0,,0,,N,B,Y,N,0,124,0
L278,09,9D,0,,0,,N,B,Y,N,0,124,0
S5270,08,8Q,0,,0,,0,B,Y,N,0,124,0
M9429,08,8J,0,,0,,N,B,Y,N,0,124,0
E834,10,10C,0,,0,,N,B,Y,N,0,124,0
L850,09,9D,0,,0,,N,B,Y,N,0,124,0
B675,07,7D,0,,0,,N,B,Y,N,0,124,0
T025,21,21A,0,,0,,8,B,Y,N,0,124,0
K053,03,3H,0,,0,,N,B,Y,Y,0,124,28
S968,08,8Q,0,,0,,0,B,Y,N,0,124,0
L86,10,10C,0,,0,,N,B,N,N,0,124,0
O649,14,14A,0,,0,,N,F,Y,N,9,60,0
L88,09,9G,0,,0,,N,B,Y,N,0,124,0
S144,01,1J,0,,0,,0,B,Y,N,0,124,0
M713,08,8M,0,,0,,N,B,Y,N,0,124,0
M1983,08,8J,0,,0,,N,B,Y,N,0,124,0
M2302,08,8Q,0,,0,,N,B,Y,N,0,124,0
S6270,08,8P,0,,0,,0,B,Y,N,0,124,0
M2456,08,8R,0,,0,,N,B,Y,N,0,124,0
A511,06,6J,0,,0,,N,B,Y,N,1,124,0
P011,15,,0,,0,,N,B,Y,N,0,0,0
S417,21,21A,0,,0,,0,B,Y,N,0,124,0
M1917,08,8J,0,,0,,N,B,Y,N,0,124,0
T206,22,22C,0,,0,,N,B,Y,N,0,124,0
L919,09,9D,0,,0,,N,B,Y,N,0,124,0
L920,09,9C,0,,0,,N,B,Y,N,0,124,0
I254,05,5R,0,,0,,N,B,Y,N,1,124,0
Q018,01,1U,0,,0,,N,B,Y,N,0,124,0
L929,09,9D,0,,0,,N,B,Y,N,0,124,0
M4608,08,8H,0,,0,,N,B,Y,N,0,124,0
L931,09,9B,0,,0,,N,B,Y,N,0,124,0
T0260,21,21A,0,,0,,8,B,Y,N,0,124,0
F551,20,20F,0,,0,,N,B,Y,N,0,124,0
L258,09,9D,0,,0,,N,B,Y,N,0,124,0
K0044,03,3H,0,,0,,N,B,Y,Y,0,124,28
K0928,03,3H,0,,0,,N,B,Y,N,0,124,0
M4635,08,8H,0,,0,,N,B,Y,N,0,124,0
M8100,08,8J,0,,0,,N,F,Y,N,31,124,0
T543,21,21C,0,,0,,N,B,Y,N,0,124,0
H302,02,2D,0,,0,,N,B,Y,N,0,124,0
A829,01,1K,0,,0,,N,B,Y,N,0,124,0
M8281,08,8J,0,,0,,N,B,N,N,0,124,0
M1185,08,8J,0,,0,,N,B,Y,N,0,124,0
P518,15,,0,,0,,N,B,Y,N,0,0,0
M9989,30,,0,,0,,N,B,N,N,0,124,0
M9012,08,8D,0,,0,,N,B,N,N,0,124,0
A361,03,3G,0,,0,,N,B,Y,N,0,124,0
S663,08,8P,0,,0,,0,B,Y,N,0,124,0
M7248,08,8M,0,,0,,N,B,Y,N,0,124,0
M7244,08,8M,0,,0,,N,B,Y,N,0,124,0
M8485,08,8R,0,,0,,N,B,Y,N,0,124,0
M8697,08,8D,0,,0,,N,B,Y,N,0,124,0
M1198,08,8J,0,,0,,N,B,Y,N,0,124,0
M7907,08,8L,0,,0,,N,B,Y,N,0,124,0
M7236,08,8M,0,,0,,N,B,Y,N,0,124,0
G937,01,1U,0,,0,,N,B,Y,N,0,19,0
K1481,03,3H,0,,0,,N,B,Y,N,0,124,0
M4939,08,8H,0,,0,,N,B,N,N,0,124,0
M6659,08,8M,0,,0,,N,B,Y,N,0,124,0
M257,08,8R,0,,0,,N,B,Y,N,0,124,0
L872,09,9D,0,,0,,N,B,Y,N,0,124,0
M001,08,8G,0,,0,,N,B,Y,N,0,124,0
S436,04,4Q,0,,0,,0,B,Y,N,0,124,0
M8334,08,8J,0,,0,,N,B,Y,N,16,124,0
M4295,08,8J,0,,0,,N,B,Y,N,0,124,0
T66,21,21E,0,,0,,N,B,Y,N,0,124,0
M1022,08,8J,0,,0,,N,B,Y,N,0,124,0
B342,18,18F,0,,0,,N,B,Y,N,0,124,0
M8107,08,8J,0,,0,,N,F,Y,N,31,124,0
C474,08,8E,0,,0,,N,B,Y,N,0,124,0
Z478,08,8N,0,,0,,N,B,Y,N,0,124,0
M5417,08,8H,0,,0,E,N,B,Y,N,0,124,0
A498,18,18H,0,,0,,N,B,Y,N,0,124,0
M8046,08,8E,0,,0,,N,B,Y,N,0,124,0
M6129,08,8M,0,,0,,N,B,Y,N,0,124,0
M4922,08,8H,0,,0,,N,B,N,N,0,124,0
L83,09,9D,0,,0,,N,B,Y,N,0,124,0
D1039,03,3H,0,,0,,N,B,Y,N,0,124,0
Z039,23,23D,0,,0,,N,B,Y,N,0,124,0
M0080,08,8G,0,,0,,N,B,Y,N,0,124,0
Z619,23,23D,0,,0,,N,B,Y,N,0,124,0
M0083,08,8G,0,,0,,N,B,Y,N,0,124,0
H348,02,2B,0,,0,,N,B,Y,N,0,124,0
M4881,08,8H,0,,0,,N,B,Y,N,0,124,0
M8937,08,8R,0,,0,,N,B,Y,N,0,124,0
Q602,11,11H,0,,0,,N,B,Y,N,0,124,0
M9110,08,8J,0,,0,,N,B,Y,N,0,124,0
M8699,08,8D,0,,0,,N,B,Y,N,0,124,0
S9290,08,8P,0,,0,,0,B,Y,N,0,124,0
S2791,04,4Q,0,,0,,0,B,Y,N,0,124,0
T349,21,21E,0,,0,,N,B,Y,N,0,124,0
Z113,23,23D,0,,0,,N,B,Y,N,0,124,0
H446,02,2C,0,,0,,N,B,Y,N,0,124,0
M221,08,8Q,0,,0,,N,B,Y,N,0,124,0
G404,01,1P,0,,0,,N,B,Y,N,0,124,0
M7039,08,8M,0,,0,,N,B,Y,N,0,124,0
M4906,08,8D,0,,0,,N,B,N,N,0,124,0
R75,16,16C,0,,0,,N,B,Y,N,0,124,0
L682,09,9D,0,,0,,N,B,Y,N,0,124,0
O632,14,14A,0,,0,,N,F,Y,N,9,60,0
M8384,08,8J,0,,0,,N,B,Y,N,16,124,0
F1772,20,20B,0,,0,,N,B,Y,N,0,124,0
Z842,23,23D,0,,0,,N,B,Y,N,0,124,0
S961,08,8Q,0,,0,,0,B,Y,N,0,124,0
M0111,08,8G,0,,0,D,N,B,N,N,0,124,0
M4684,08,8H,0,,0,,N,B,Y,N,0,124,0
E288,13,13F,0,,0,,N,F,Y,N,0,124,0
T369,21,21C,0,,0,,N,B,Y,N,0,124,0
M8906,08,8R,0,,0,,N,B,Y,N,0,124,0
C475,08,8E,0,,0,,N,B,Y,N,0,124,0
M2432,08,8Q,0,,0,,N,B,Y,N,0,124,0
M1041,08,8J,0,,0,,N,B,Y,N,0,124,0
T286,06,6J,0,,0,,N,B,Y,N,0,124,0
M7690,08,8M,0,,0,,N,B,Y,N,0,124,0
G562,01,1J,0,,0,,N,B,Y,N,0,124,0
N701,13,13E,0,,0,,N,F,Y,N,1,124,0
A601,12,12C,0,,0,D,N,B,Y,N,1,124,0
T091,21,21A,0,,0,,0,B,Y,N,0,124,0
M0126,08,8G,0,,0,,N,B,N,N,0,124,0
H499,02,2B,0,,0,,N,B,Y,N,0,124,0
M8207,08,8J,0,,0,,N,B,N,N,0,124,0
I99,05,5G,0,,0,,N,B,Y,N,0,124,0
P281,15,,0,,0,,N,B,Y,N,0,0,0
Q901,19,19K,0,,0,,N,B,Y,N,0,124,0
I7090,05,5F,0,,0,,N,B,Y,N,1,124,0
M0135,08,8G,0,,0,,N,B,N,N,0,124,0
T033,08,8R,0,,0,,0,B,Y,N,0,124,0
M705,08,8M,0,,0,,N,B,Y,N,0,124,0
M0140,08,8J,0,,0,,N,B,N,N,0,124,0
N053,11,11K,0,,0,E,N,B,Y,N,0,124,0
M5436,08,8H,0,,0,,N,B,Y,N,0,124,0
J039,03,3D,0,,0,,N,B,Y,N,0,124,0
A546,06,6J,0,,0,,N,B,Y,N,1,124,0
L508,09,9D,0,,0,,N,B,Y,N,0,124,0
M6606,08,8M,0,,0,,N,B,Y,N,0,124,0
F553,20,20F,0,,0,,N,B,Y,N,0,124,0
M0149,08,8J,0,,0,,N,B,N,N,0,124,0
A664,09,9C,0,,0,,N,B,Y,N,0,124,0
D307,11,11C,0,,0,,N,B,Y,N,0,124,0
E791,10,10D,0,,0,,N,B,Y,N,0,124,0
K1200,03,3H,0,,0,,N,B,Y,N,0,124,0
D334,01,1C,0,,0,,N,B,Y,N,0,124,0
S52017,08,8P,0,,0,,7,B,Y,N,0,124,0
M5465,08,8H,0,,0,,N,B,Y,N,0,124,0
Q763,08,8H,0,,0,,N,B,Y,N,0,124,0
K514,06,6E,0,,0,,N,B,Y,N,0,124,0
L558,09,9D,0,,0,,N,B,Y,N,0,124,0
F317,19,19C,0,,0,,N,B,Y,N,0,124,0
S510,21,21A,0,,0,,0,B,Y,N,0,124,0
O429,14,14B,0,,0,,N,F,Y,N,9,60,0
M4921,08,8H,0,,0,,N,B,N,N,0,124,0
M9981,30,,0,,0,,N,B,N,N,0,124,0
M8029,08,8E,0,,0,,N,B,Y,N,0,124,0
A068,18,18H,0,,0,,N,B,Y,N,0,124,0
M0181,08,8G,0,,0,,N,B,N,N,0,124,0
T190,11,11H,0,,0,,N,B,Y,N,0,124,0
S47,21,21A,0,,0,,0,B,Y,N,0,124,0
M6732,08,8M,0,,0,,N,B,Y,N,0,124,0
H331,02,2D,0,,0,,N,B,Y,N,0,124,0
M1126,08,8J,0,,0,,N,B,Y,N,0,124,0
M020,08,8J,0,,0,,N,B,Y,N,0,124,0
P504,15,,0,,0,,N,B,Y,N,0,0,0
L448,09,9B,0,,0,,N,B,Y,N,0,124,0
J638,04,4P,0,,0,,N,B,Y,N,1,124,0
M8587,08,8R,0,,0,,N,B,Y,N,0,124,0
R610,09,9D,0,,0,E,N,B,Y,N,0,124,0
S310,21,21A,0,,0,,0,B,Y,N,0,124,0
M0207,08,8J,0,,0,,N,B,Y,N,0,124,0
S52111,08,8P,0,,0,,7,B,Y,N,0,124,0
E613,10,10C,0,,0,E,N,B,Y,N,0,124,0
M021,08,8J,0,,0,,N,B,Y,N,0,124,0
M4103,08,8H,0,,0,,N,B,Y,N,0,124,0
M0211,08,8J,0,,0,,N,B,Y,N,0,124,0
M0212,08,8J,0,,0,,N,B,Y,N,0,124,0
M8597,08,8R,0,,0,,N,B,Y,N,0,124,0
H023,02,2D,0,,0,,N,B,Y,N,0,124,0
S050,02,2C,0,,0,,0,B,Y,N,0,124,0
S400,09,9H,0,,0,,0,B,Y,N,0,124,0
Z643,23,23D,0,,0,,N,B,Y,N,0,124,0
E065,10,10E,0,,0,,N,B,Y,N,0,124,0
S117,21,21A,0,,0,,0,B,Y,N,0,124,0
M0221,08,8J,0,,0,,N,B,Y,N,0,124,0
M0226,08,8J,0,,0,,N,B,Y,N,0,124,0
Z934,30,,0,,0,,N,B,N,N,0,124,0
S52013,08,8P,0,,0,,7,B,Y,N,0,124,0
D351,10,10E,0,,0,,N,B,Y,N,0,124,0
S763,08,8C,0,,0,,0,B,Y,N,0,124,0
M0229,08,8J,0,,0,,N,B,Y,N,0,124,0
M0230,08,8F,0,,0,,N,B,Y,N,16,124,0
M0232,08,8F,0,,0,,N,B,Y,N,16,124,0
S982,21,21A,0,,0,,0,B,Y,N,0,124,0
S460,08,8Q,0,,0,,0,B,Y,N,0,124,0
R861,23,23B,0,,0,,N,M,Y,N,0,124,0
M0185,08,8G,0,,0,,N,B,N,N,0,124,0
Z131,23,23D,0,,0,,N,B,Y,N,0,124,0
M0238,08,8F,0,,0,,N,B,Y,N,16,124,0
M1218,08,8J,0,,0,,N,B,Y,N,0,124,0
I229,05,5A,0,,0,,N,B,Y,N,1,124,0
M0281,08,8J,0,,0,,N,B,Y,N,0,124,0
M0282,08,8J,0,,0,,N,B,Y,N,0,124,0
M0283,08,8J,0,,0,,N,B,Y,N,0,124,0
N736,13,13F,0,,0,,N,F,Y,N,0,124,0
M9934,30,,0,,0,,N,B,N,N,0,124,0
M0288,08,8J,0,,0,,N,B,Y,N,0,124,0
G810,01,1D,0,,0,,N,B,Y,N,0,124,0
M1048,08,8J,0,,0,,N,B,Y,N,0,124,0
M5482,08,8H,0,,0,,N,B,Y,N,0,124,0
Z310,12,12E,0,,0,,N,B,Y,N,16,124,0
D123,06,6J,0,,0,,N,B,Y,N,0,124,0
F932,19,19J,0,,0,,N,B,Y,N,0,124,0
M7976,08,8L,0,,0,,N,B,Y,N,0,124,0
M0297,08,8J,0,,0,,N,B,Y,N,0,124,0
S863,08,8Q,0,,0,,0,B,Y,N,0,124,0
D059,09,9E,0,,0,,N,B,Y,N,0,124,0
R390,11,11F,0,,0,,N,B,Y,N,0,124,0
I809,05,5D,0,,0,,N,B,Y,N,0,124,0
T264,02,2D,0,,0,,N,B,Y,N,0,124,0
M9199,08,8J,0,,0,,N,B,Y,N,0,124,0
R232,23,23B,0,,0,,N,B,Y,N,0,124,0
K0388,03,3H,0,,0,,N,B,Y,Y,0,124,28
S6201,08,8P,0,,0,,0,B,Y,N,0,124,0
Q411,06,6J,0,,0,,N,B,Y,N,0,124,0
K509,06,6E,0,,0,,N,B,Y,N,0,124,0
M8995,08,8R,0,,0,,N,B,Y,N,0,124,0
R839,01,1U,0,,0,,N,B,Y,N,0,124,0
H351,02,2D,0,,0,,N,B,Y,N,0,124,0
P75,15,,0,,0,,N,B,N,N,0,0,0
Q504,13,13F,0,,0,,N,F,Y,N,0,124,0
N358,11,11G,0,,0,,N,B,Y,N,0,124,0
H050,02,2A,0,,0,,N,B,Y,N,0,124,0
O841,14,14A,0,,0,,N,F,Y,N,9,60,0
G580,01,1J,0,,0,,N,B,Y,N,0,124,0
M4184,08,8H,0,,0,,N,B,Y,N,0,124,0
M0320,08,8J,0,,0,,N,B,N,N,0,124,0
M1313,08,8K,0,,0,,N,B,Y,N,0,124,0
M1288,08,8K,0,,0,,N,B,Y,N,0,124,0
M0324,08,8J,0,,0,,N,B,N,N,0,124,0
H571,02,2D,0,,0,,N,B,Y,N,0,124,0
A303,18,18H,0,,0,,N,B,Y,N,0,124,0
K931,06,6J,0,,0,,N,B,N,N,0,124,0
E740,10,10D,0,,0,,N,B,Y,N,0,124,0
D034,09,9C,0,,0,,N,B,Y,N,0,124,0
D300,11,11C,0,,0,,N,B,Y,N,0,124,0
M4826,08,8H,0,,0,,N,B,Y,N,0,124,0
H288,02,2D,0,,0,,N,B,N,N,0,124,0
P838,15,,0,,0,,N,B,Y,N,0,0,0
B870,09,9D,0,,0,,N,B,Y,N,0,124,0
Z887,30,,0,,0,,N,B,N,N,0,124,0
R682,30,,0,,0,,N,B,N,N,0,124,0
M8980,08,8R,0,,0,,N,B,Y,N,0,124,0
M2139,01,1J,0,,0,,N,B,Y,N,0,124,0
M0136,08,8G,0,,0,,N,B,N,N,0,124,0
M0309,08,8J,0,,0,,N,B,N,N,0,124,0
B420,04,4C,0,,0,,N,B,Y,N,0,124,0
J312,03,3D,0,,0,,N,B,Y,N,0,124,0
Q701,08,8R,0,,0,,N,B,Y,N,0,124,0
N066,11,11H,0,,0,,N,B,Y,N,0,124,0
S52010,08,8P,0,,0,,7,B,Y,N,0,124,0
T340,21,21E,0,,0,,N,B,Y,N,0,124,0
M051,04,4P,0,,0,,N,B,Y,N,0,124,0
B429,18,18G,0,,0,,N,B,Y,N,0,124,0
K1211,03,3H,0,,0,,N,B,Y,N,0,124,0
M8216,08,8J,0,,0,,N,B,N,N,0,124,0
M8204,08,8J,0,,0,,N,B,N,N,0,124,0
M5423,08,8H,0,,0,,N,B,Y,N,0,124,0
Z598,23,23D,0,,0,,N,B,Y,N,0,124,0
M8732,08,8J,0,,0,,N,B,Y,N,0,124,0
M0518,04,4P,0,,0,,N,B,Y,N,16,124,0
M0519,04,4P,0,,0,,N,B,Y,N,16,124,0
S42007,08,8Q,0,,0,,0,B,Y,N,0,124,0
F349,19,19C,0,,0,,N,B,Y,N,0,124,0
O611,14,14A,0,,0,,N,F,Y,N,9,60,0
M4727,08,8H,0,,0,,N,B,Y,N,0,124,0
M4837,08,8H,0,,0,,N,B,Y,N,0,124,0
Z955,30,,0,,0,,N,B,N,N,0,124,0
M7905,08,8L,0,,0,,N,B,Y,N,0,124,0
A791,18,18H,0,,0,,N,B,Y,N,0,124,0
E780,10,10D,0,,0,,N,B,Y,N,0,124,0
M8517,08,8R,0,,0,,N,B,Y,N,0,124,0
A270,18,18K,0,,0,,N,B,Y,N,0,124,0
T210,22,22C,0,,0,,N,B,Y,N,0,124,0
M4899,08,8H,0,,0,,N,B,Y,N,0,124,0
M679,08,8M,0,,0,,N,B,Y,N,0,124,0
R945,07,7D,0,,0,,N,B,Y,N,0,124,0
S962,08,8Q,0,,0,,0,B,Y,N,0,124,0
M8516,08,8R,0,,0,,N,B,Y,N,0,124,0
H030,02,2D,0,,0,,N,B,N,N,0,124,0
T497,21,21C,0,,0,,N,B,Y,N,0,124,0
M0583,08,8F,0,,0,,N,B,Y,N,16,124,0
A001,06,6G,0,,0,,N,B,Y,N,0,124,0
M8954,08,8R,0,,0,,N,B,Y,N,0,124,0
D1033,03,3H,0,,0,,N,B,Y,N,0,124,0
M059,08,8F,0,,0,,N,B,Y,N,0,124,0
M8946,08,8J,0,,0,,N,B,Y,N,0,124,0
M7144,08,8M,0,,0,,N,B,Y,N,0,124,0
H258,02,2D,0,,0,,N,B,Y,N,31,124,0
M0595,08,8F,0,,0,,N,B,Y,N,16,124,0
M8137,08,8J,0,,0,,N,B,Y,N,0,124,0
M673,08,8M,0,,0,,N,B,Y,N,0,124,0
G255,01,1D,0,,0,,N,B,Y,N,0,124,0
M723,08,8M,0,,0,,N,B,Y,N,0,124,0
F1750,20,20B,0,,0,,N,B,Y,N,0,124,0
R879,23,23B,0,,0,,N,F,Y,N,0,124,0
M0604,08,8F,0,,0,,N,B,Y,N,16,124,0
M1384,08,8J,0,,0,,N,B,Y,N,0,124,0
M0607,08,8F,0,,0,,N,B,Y,N,16,124,0
Z260,23,23D,0,,0,,N,B,Y,N,0,124,0
B779,06,6L,0,,0,,N,B,Y,N,0,124,0
Q373,03,3H,0,,0,,N,B,Y,N,0,124,0
M7140,08,8M,0,,0,,N,B,Y,N,0,124,0
M7192,08,8M,0,,0,,N,B,Y,N,0,124,0
B977,30,,0,,0,,N,B,N,N,0,124,0
M4647,08,8H,0,,0,,N,B,Y,N,0,124,0
C323,03,3A,0,,0,,N,B,Y,N,0,124,0
Q655,08,8R,0,,0,,N,B,Y,N,0,124,0
M6095,08,8L,0,,0,,N,B,Y,N,0,124,0
T352,21,21E,0,,0,,N,B,Y,N,0,124,0
S52102,08,8P,0,,0,,0,B,Y,N,0,124,0
M0620,08,8F,0,,0,,N,B,Y,N,0,124,0
F348,19,19C,0,,0,,N,B,Y,N,0,124,0
M1399,08,8K,0,,0,E,N,B,Y,N,0,124,0
T567,21,21C,0,,0,,N,B,Y,N,0,124,0
M2187,08,8R,0,,0,,N,B,Y,N,0,124,0
J342,03,3F,0,,0,,N,B,Y,N,0,124,0
M4712,08,8H,0,,0,,N,B,Y,N,0,124,0
C102,03,3A,0,,0,,N,B,Y,N,0,124,0
M9990,30,,0,,0,,N,B,N,N,0,124,0
M7788,08,8M,0,,0,,N,B,Y,N,0,124,0
A561,13,13E,0,,0,,N,B,Y,N,0,124,0
G043,01,1K,0,,0,B,N,B,Y,N,0,124,0
M4108,08,8H,0,,0,,N,B,Y,N,0,124,0
M0634,08,8F,0,,0,,N,B,Y,N,0,124,0
N168,11,11H,0,,0,,N,B,N,N,0,124,0
M7659,08,8M,0,,0,,N,B,Y,N,0,124,0
M0637,08,8F,0,,0,,N,B,Y,N,0,124,0
K559,06,6J,0,,0,,N,B,Y,N,0,124,0
N311,11,11H,0,,0,,N,B,Y,N,0,124,0
M7069,08,8M,0,,0,,N,B,Y,N,0,124,0
M4360,08,8H,0,,0,,N,B,Y,N,0,124,0
M0644,08,8J,0,,0,,N,B,Y,N,0,124,0
M862,08,8D,0,,0,,N,B,Y,N,0,124,0
M8892,08,8J,0,,0,,N,B,Y,N,0,124,0
K033,03,3H,0,,0,,N,B,Y,Y,0,124,28
M0648,08,8J,0,,0,,N,B,Y,N,0,124,0
G590,01,1J,0,,0,,N,B,N,N,0,124,0
Q419,06,6J,0,,0,,N,B,Y,N,0,124,0
Q690,08,8R,0,,0,,N,B,Y,N,0,124,0
P522,15,,0,,0,,N,B,Y,N,0,0,0
Z035,05,5Q,0,,0,,N,B,Y,N,0,124,0
D060,13,13B,0,,0,,N,F,Y,N,0,124,0
M163,08,8J,0,,0,,N,B,Y,N,0,124,0
N488,12,12E,0,,0,,N,M,Y,N,0,124,0
G048,01,1K,0,,0,B,N,B,Y,N,0,124,0
M6733,08,8M,0,,0,,N,B,Y,N,0,124,0
M219,08,8R,0,,0,,N,B,Y,N,0,124,0
M4601,08,8H,0,,0,,N,B,Y,N,0,124,0
K0913,03,3H,0,,0,,N,B,Y,N,0,124,0
M0694,08,8F,0,,0,,N,B,Y,N,16,124,0
M0695,08,8F,0,,0,,N,B,Y,N,16,124,0
L298,09,9D,0,,0,,N,B,Y,N,0,124,0
B552,09,9C,0,,0,,N,B,Y,N,0,124,0
M8394,08,8J,0,,0,,N,B,Y,N,16,124,0
M0699,08,8F,0,,0,,N,B,Y,N,16,124,0
M0209,08,8J,0,,0,,N,B,Y,N,0,124,0
S72403,08,8A,0,,0,,8,B,Y,N,0,124,0
D401,12,12A,0,,0,,N,M,Y,N,0,124,0
Q661,08,8R,0,,0,,N,B,Y,N,0,124,0
D032,09,9C,0,,0,,N,B,Y,N,0,124,0
M6084,08,8L,0,,0,,N,B,Y,N,0,124,0
Z759,23,23D,0,,0,,N,B,Y,N,0,124,0
P942,15,,0,,0,,N,B,Y,N,0,0,0
Q712,08,8R,0,,0,,N,B,Y,N,0,124,0
G728,01,1U,0,,0,,N,B,Y,N,0,124,0
M766,08,8M,0,,0,,N,B,Y,N,0,124,0
Q4109,06,6J,0,,0,,N,B,Y,N,0,124,0
D312,02,2D,0,,0,,N,B,Y,N,0,124,0
P618,15,,0,,0,,N,B,Y,N,0,0,0
M7981,08,8L,0,,0,,N,B,Y,N,0,124,0
L628,09,9D,0,,0,,N,B,N,N,0,124,0
Q436,06,6J,0,,0,,N,B,Y,N,0,124,0
F59,19,19D,0,,0,,N,B,Y,N,0,124,0
M1095,08,8J,0,,0,,N,B,Y,N,0,124,0
H493,02,2B,0,,0,,N,B,Y,N,0,124,0
M6216,08,8M,0,,0,,N,B,Y,N,0,124,0
Q384,03,3H,0,,0,,N,B,Y,N,0,124,0
S72419,08,8A,0,,0,,8,B,Y,N,0,124,0
J391,03,3G,0,,0,,N,B,Y,N,0,124,0
D170,09,9D,0,,0,,N,B,Y,N,0,124,0
M0744,08,8J,0,,0,,N,B,N,N,16,124,0
M664,08,8M,0,,0,,N,B,Y,N,0,124,0
D043,09,9C,0,,0,,N,B,Y,N,0,124,0
N251,11,11H,0,,0,,N,B,Y,N,0,124,0
M7702,08,8M,0,,0,,N,B,Y,N,0,124,0
M0749,08,8J,0,,0,,N,B,N,N,16,124,0
Z593,23,23D,0,,0,,N,B,Y,N,0,124,0
M0752,08,8J,0,,0,,N,B,N,N,16,124,0
R835,18,18H,0,,0,,N,B,Y,N,0,124,0
A058,06,6G,0,,0,,N,B,Y,N,0,124,0
C570,13,13C,0,,0,,N,F,Y,N,0,124,0
M2571,08,8R,0,,0,,N,B,Y,N,0,124,0
M4609,08,8H,0,,0,,N,B,Y,N,0,124,0
Z960,11,11H,0,,0,,N,B,Y,N,0,124,0
H581,02,2D,0,,0,,N,B,N,N,0,124,0
M0760,08,8J,0,,0,,N,B,N,N,16,124,0
M0761,08,8J,0,,0,,N,B,N,N,16,124,0
M6262,08,8M,0,,0,,N,B,Y,N,0,124,0
M1113,08,8J,0,,0,,N,B,Y,N,0,124,0
S7241,08,8A,0,,0,,8,B,Y,N,0,124,0
H132,02,2D,0,,0,,N,B,N,N,0,124,0
C690,02,2E,0,,0,,N,B,Y,N,0,124,0
Q873,08,8R,0,,0,,N,B,Y,N,0,124,0
M080,08,8F,0,,0,,N,B,Y,N,0,124,0
A308,18,18H,0,,0,,N,B,Y,N,0,124,0
M6252,08,8M,0,,0,,N,B,Y,N,0,124,0
M794,09,9C,0,,0,,N,B,Y,N,0,124,0
A938,18,18F,0,,0,,N,B,Y,N,0,124,0
M8568,08,8J,0,,0,,N,B,Y,N,0,124,0
M762,08,8M,0,,0,,N,B,Y,N,0,124,0
K0319,03,3H,0,,0,,N,B,Y,Y,0,124,28
M9030,08,8J,0,,0,,N,B,N,N,0,124,0
M1217,08,8J,0,,0,,N,B,Y,N,0,124,0
K0051,03,3H,0,,0,,N,B,Y,Y,0,124,28
E739,06,6H,0,,0,,N,B,Y,N,0,124,0
M0811,08,8F,0,,0,,N,B,Y,N,0,124,0
S551,21,21A,0,,0,,7,B,Y,N,0,124,0
M0146,08,8J,0,,0,,N,B,N,N,0,124,0
M2428,08,8M,0,,0,,N,B,Y,N,0,124,0
M7010,08,8M,0,,0,,N,B,Y,N,0,124,0
M0819,08,8F,0,,0,,N,B,Y,N,0,124,0
M2454,08,8R,0,,0,,N,B,Y,N,0,124,0
M7195,08,8M,0,,0,,N,B,Y,N,0,124,0
Z854,30,,0,,0,,N,B,N,N,0,124,0
T151,02,2C,0,,0,,N,B,Y,N,0,124,0
A835,01,1K,0,,0,,N,B,Y,N,0,124,0
M0299,08,8J,0,,0,,N,B,Y,N,0,124,0
M5419,01,1J,0,,0,E,N,B,Y,N,0,124,0
J329,03,3D,0,,0,,N,B,Y,N,0,124,0
M4820,08,8H,0,,0,,N,B,Y,N,0,124,0
E281,13,13F,0,,0,,N,F,Y,N,0,124,0
M0831,08,8F,0,,0,,N,B,Y,N,0,124,0
R934,11,11F,0,,0,,N,B,Y,N,0,124,0
M0833,08,8F,0,,0,,N,B,Y,N,0,124,0
A832,01,1K,0,,0,,N,B,Y,N,0,124,0
L871,09,9D,0,,0,,N,B,Y,N,0,124,0
J920,04,4C,0,,0,,N,B,Y,N,0,124,0
G608,01,1J,0,,0,,N,B,Y,N,0,124,0
M6152,08,8M,0,,0,,N,B,Y,N,0,124,0
M0180,08,8G,0,,0,,N,B,N,N,0,124,0
M4316,08,8H,0,,0,,N,B,Y,N,0,124,0
M7994,08,8L,0,,0,,N,B,Y,N,0,124,0
M8719,08,8J,0,,0,,N,B,Y,N,0,124,0
D731,16,16C,0,,0,E,N,B,Y,N,0,124,0
S852,21,21A,0,,0,,8,B,Y,N,0,124,0
S411,21,21A,0,,0,,0,B,Y,N,0,124,0
M7306,08,8G,0,,0,,N,B,N,N,0,124,0
M2424,08,8M,0,,0,,N,B,Y,N,0,124,0
H938,03,3G,0,,0,,N,B,Y,N,0,124,0
M8313,08,8J,0,,0,,N,B,Y,N,31,124,0
M8649,08,8D,0,,0,,N,B,Y,N,0,124,0
M0764,08,8J,0,,0,,N,B,N,N,16,124,0
Q7620,08,8H,0,,0,,N,B,Y,N,0,124,0
Q273,05,5F,0,,0,,N,B,Y,N,0,124,0
A681,18,18H,0,,0,,N,B,Y,N,0,124,0
M2580,08,8L,0,,0,,N,B,Y,N,0,124,0
D040,09,9C,0,,0,,N,B,Y,N,0,124,0
D357,10,10E,0,,0,,N,B,Y,N,0,124,0
P521,15,,0,,0,,N,B,Y,N,0,0,0
C321,03,3A,0,,0,,N,B,Y,N,0,124,0
Q062,01,1U,0,,0,,N,B,Y,N,0,124,0
M7724,08,8M,0,,0,,N,B,Y,N,0,124,0
M6294,08,8M,0,,0,,N,B,Y,N,0,124,0
K0733,03,3H,0,,0,,N,B,Y,Y,0,124,28
A55,13,13D,0,,0,,N,B,Y,N,0,124,0
M9062,08,8J,0,,0,,N,B,N,N,0,124,0
E128,10,10A,0,,0,,N,B,Y,N,0,124,0
Z466,11,11H,0,,0,,N,B,Y,N,0,124,0
M0110,08,8G,0,,0,D,N,B,N,N,0,124,0
M9180,08,8J,0,,0,,N,B,Y,N,0,124,0
M833,08,8J,0,,0,,N,B,Y,N,0,124,0
M071,08,8F,0,,0,,N,B,N,N,0,124,0
M0912,08,8J,0,,0,,N,B,N,N,0,124,0
M4012,08,8H,0,,0,,N,B,Y,N,0,124,0
M4395,08,8H,0,,0,,N,B,Y,N,0,124,0
S601,09,9H,0,,0,,0,B,Y,N,0,124,0
B698,18,18H,0,,0,,N,B,Y,N,0,124,0
M092,08,8J,0,,0,,N,B,N,N,0,124,0
N804,13,13F,0,,0,,N,F,Y,N,1,124,0
M0746,08,8J,0,,0,,N,B,N,N,16,124,0
Z238,23,23D,0,,0,,N,B,Y,N,0,124,0
B588,18,18H,0,,0,D,N,B,Y,N,0,124,0
M150,08,8J,0,,0,,N,B,Y,N,16,124,0
Q615,11,11H,0,,0,,N,B,Y,N,0,124,0
A804,18,18F,0,,0,,N,B,Y,N,0,124,0
S42119,08,8Q,0,,0,,0,B,Y,N,0,124,0
K072,03,3H,0,,0,,N,B,Y,Y,0,124,28
M1099,08,8J,0,,0,,N,B,Y,N,0,124,0
L039,09,9G,0,,0,,N,B,Y,N,0,124,0
M6626,08,8M,0,,0,,N,B,Y,N,0,124,0
K449,06,6H,0,,0,,N,B,Y,N,0,124,0
A072,06,6G,0,,0,D,N,B,Y,N,0,124,0
M9393,08,8J,0,,0,,N,B,Y,N,0,124,0
M7132,08,8M,0,,0,,N,B,Y,N,0,124,0
M1004,08,8J,0,,0,,N,B,Y,N,0,124,0
T930,30,,0,,0,,N,B,N,N,0,124,0
G368,01,1E,0,,0,,N,B,Y,N,0,124,0
M4659,08,8H,0,,0,,N,B,Y,N,0,124,0
M8931,08,8R,0,,0,,N,B,Y,N,0,124,0
Q552,12,12E,0,,0,,N,M,Y,N,0,124,0
F661,19,19H,0,,0,,N,B,Y,N,0,124,0
M1011,21,21C,0,,0,,N,B,Y,N,0,124,0
D199,08,8R,0,,0,,N,B,Y,N,0,124,0
S0481,01,1J,0,,0,,0,B,Y,N,0,124,0
L8181,09,9D,0,,0,,N,B,Y,N,0,124,0
M1016,21,21C,0,,0,,N,B,Y,N,0,124,0
S135,08,8R,0,,0,,0,B,Y,N,0,124,0
R200,01,1U,0,,0,,N,B,Y,N,0,124,0
S2771,04,4Q,0,,0,,2,B,Y,N,0,124,0
C488,06,6A,0,,0,,N,B,Y,N,0,124,0
S541,01,1J,0,,0,,7,B,Y,N,0,124,0
O902,14,14C,0,,0,,N,F,Y,N,9,60,0
Z099,23,23C,0,,0,,N,B,Y,N,0,124,0
S9240,08,8P,0,,0,,0,B,Y,N,0,124,0
M0756,08,8J,0,,0,,N,B,N,N,16,124,0
M103,08,8J,0,,0,,N,B,Y,N,0,124,0
I958,05,5R,0,,0,,N,B,Y,N,0,124,0
Z551,23,23D,0,,0,,N,B,Y,N,0,124,0
M710,08,8M,0,,0,,N,B,Y,N,0,124,0
M670,08,8M,0,,0,,N,B,Y,N,0,124,0
M1035,08,8J,0,,0,,N,B,Y,N,0,124,0
M1094,08,8J,0,,0,,N,B,Y,N,0,124,0
H438,02,2D,0,,0,,N,B,Y,N,0,124,0
S836,08,8Q,0,,0,,0,B,Y,N,0,124,0
Z377,30,,0,,0,,N,F,N,N,9,60,0
M1042,08,8J,0,,0,,N,B,Y,N,0,124,0
M7114,08,8M,0,,0,,N,B,Y,N,0,124,0
O471,14,14J,0,,0,,N,F,Y,N,9,60,0
Q672,08,8R,0,,0,,N,B,Y,N,0,124,0
L688,09,9D,0,,0,,N,B,Y,N,0,124,0
L946,18,18H,0,,0,,N,B,Y,N,0,124,0
M498,08,8H,0,,0,,N,B,N,N,0,124,0
J042,03,3E,0,,0,,N,B,Y,N,0,124,0
M1091,08,8J,0,,0,,N,B,Y,N,0,124,0
Q4100,06,6J,0,,0,,N,B,Y,N,0,124,0
M8996,08,8R,0,,0,,N,B,Y,N,0,124,0
O042,14,14K,0,,0,,N,F,Y,N,9,60,0
R392,11,11F,0,,0,,N,B,Y,N,0,124,0
M9329,08,8J,0,,0,,N,B,Y,N,0,124,0
M7098,08,8M,0,,0,,N,B,Y,N,0,124,0
K1210,03,3H,0,,0,,N,B,Y,N,0,124,0
M6139,08,8M,0,,0,,N,B,Y,N,0,124,0
M141,08,8J,0,,0,,N,B,N,N,0,124,0
D049,09,9C,0,,0,,N,B,Y,N,0,124,0
L559,09,9D,0,,0,,N,B,Y,N,0,124,0
O911,14,14C,0,,0,,N,F,Y,N,9,60,0
M1106,08,8J,0,,0,,N,B,Y,N,0,124,0
M9037,08,8J,0,,0,,N,B,N,N,0,124,0
R611,09,9D,0,,0,E,N,B,Y,N,0,124,0
D230,09,9D,0,,0,,N,B,Y,N,0,124,0
M111,08,8J,0,,0,,N,B,Y,N,0,124,0
Q666,08,8R,0,,0,,N,B,Y,N,0,124,0
M8155,08,8J,0,,0,,N,B,Y,N,1,124,0
S9251,08,8P,0,,0,,0,B,Y,N,0,124,0
M7312,08,8M,0,,0,,N,B,N,N,0,124,0
O688,14,14A,0,,0,,N,F,Y,N,9,60,0
M6258,08,8M,0,,0,,N,B,Y,N,0,124,0
Z592,23,23D,0,,0,,N,B,Y,N,0,124,0
F24,19,19B,0,,0,,N,B,Y,N,0,124,0
M1008,08,8J,0,,0,,N,B,Y,N,0,124,0
I518,05,5G,0,,0,,N,B,Y,N,0,124,0
M112,08,8J,0,,0,,N,B,Y,N,0,124,0
M5389,08,8H,0,,0,,N,B,Y,N,0,124,0
M4219,08,8J,0,,0,,N,B,Y,N,16,124,0
M6214,08,8M,0,,0,,N,B,Y,N,0,124,0
M0189,08,8G,0,,0,,N,B,N,N,0,124,0
K1301,03,3H,0,,0,,N,B,Y,N,0,124,0
A260,18,18H,0,,0,,N,B,Y,N,0,124,0
M118,08,8J,0,,0,,N,B,Y,N,0,124,0
Z907,30,,0,,0,,N,B,N,N,0,124,0
S42309,08,8Q,0,,0,,0,B,Y,N,0,124,0
M1184,08,8J,0,,0,,N,B,Y,N,0,124,0
M1186,08,8J,0,,0,,N,B,Y,N,0,124,0
M0911,08,8J,0,,0,,N,B,N,N,0,124,0
M994,30,,0,,0,,N,B,N,N,0,124,0
D229,09,9D,0,,0,,N,B,Y,N,0,124,0
T423,21,21C,0,,0,,N,B,Y,N,0,124,0
O233,14,14B,0,,0,,N,F,Y,N,9,60,0
M1192,08,8J,0,,0,,N,B,Y,N,0,124,0
M8010,08,8E,0,,0,,N,F,Y,N,1,124,0
M1194,08,8J,0,,0,,N,B,Y,N,0,124,0
M7937,09,9C,0,,0,,N,B,Y,N,0,124,0
M4803,08,8H,0,,0,,N,B,Y,N,16,124,0
O075,14,14K,0,,0,,N,F,Y,N,9,60,0
B308,02,2D,0,,0,,N,B,Y,N,0,124,0
F1725,20,20F,0,,0,,N,B,Y,N,0,124,0
Z613,23,23D,0,,0,,N,B,Y,N,0,124,0
O813,14,14A,0,,0,,N,F,Y,N,9,60,0
M1201,08,8J,0,,0,,N,B,Y,N,0,124,0
Q279,05,5F,0,,0,,N,B,Y,N,0,124,0
Q664,08,8R,0,,0,,N,B,Y,N,0,124,0
Q500,13,13F,0,,0,,N,F,Y,N,0,124,0
M1206,08,8J,0,,0,,N,B,Y,N,0,124,0
M1207,08,8J,0,,0,,N,B,Y,N,0,124,0
D763,16,16C,0,,0,,N,B,Y,N,0,124,0
P052,15,,0,,0,,N,B,Y,N,0,0,0
S9271,08,8P,0,,0,,0,B,Y,N,0,124,0
M6727,08,8M,0,,0,,N,B,Y,N,0,124,0
M6505,08,8M,0,,0,,N,B,Y,N,0,124,0
Q670,08,8R,0,,0,,N,B,Y,N,0,124,0
N289,11,11H,0,,0,,N,B,Y,N,0,124,0
Q727,08,8R,0,,0,,N,B,Y,N,0,124,0
Q3841,03,3H,0,,0,,N,B,Y,N,0,124,0
M8967,08,8R,0,,0,,N,B,Y,N,0,124,0
K1172,03,3G,0,,0,,N,B,Y,N,0,124,0
H611,03,3G,0,,0,,N,B,Y,N,0,124,0
G991,01,1J,0,,0,,N,B,N,N,0,124,0
M8663,08,8D,0,,0,,N,B,Y,N,0,124,0
M471,08,8H,0,,0,,N,B,Y,N,0,124,0
G542,01,1J,0,,0,,N,B,Y,N,0,124,0
Z502,20,20A,0,,0,,N,B,Y,N,0,124,0
L560,09,9C,0,,0,,N,B,Y,N,0,124,0
M1227,08,8J,0,,0,,N,B,Y,N,0,124,0
M8894,08,8J,0,,0,,N,B,Y,N,0,124,0
A311,09,9C,0,,0,D,N,B,Y,N,0,124,0
A540,12,12C,0,,0,,N,B,Y,N,1,124,0
M1230,08,8J,0,,0,,N,B,Y,N,0,124,0
M1232,08,8J,0,,0,,N,B,Y,N,0,124,0
S5314,08,8Q,0,,0,,0,B,Y,N,0,124,0
M1234,08,8J,0,,0,,N,B,Y,N,0,124,0
Z871,30,,0,,0,,N,B,N,N,0,124,0
M1287,08,8K,0,,0,,N,B,Y,N,0,124,0
E612,10,10C,0,,0,E,N,B,Y,N,0,124,0
M9135,08,8J,0,,0,,N,B,Y,N,0,124,0
Z970,30,,0,,0,,N,B,N,N,0,124,0
M1241,08,8J,0,,0,,N,B,Y,N,0,124,0
Z712,23,23D,0,,0,,N,B,Y,N,0,124,0
M9492,08,8R,0,,0,,N,B,Y,N,0,124,0
M464,08,8H,0,,0,,N,B,Y,N,0,124,0
B573,18,18H,0,,0,,N,B,Y,N,0,124,0
K739,07,7D,0,,0,,N,B,Y,Y,0,124,28
M811,08,8J,0,,0,,N,F,Y,N,0,124,0
M5430,08,8H,0,,0,,N,B,Y,N,0,124,0
S72400,08,8A,0,,0,,8,B,Y,N,0,124,0
H052,02,2D,0,,0,,N,B,Y,N,0,124,0
S520,08,8P,0,,0,,0,B,Y,N,0,124,0
T0280,21,21A,0,,0,,8,B,Y,N,0,124,0
M0603,08,8F,0,,0,,N,B,Y,N,16,124,0
P590,15,,0,,0,,N,B,Y,N,0,0,0
G540,01,1J,0,,0,,N,B,Y,N,0,124,0
S6240,08,8P,0,,0,,0,B,Y,N,0,124,0
N083,11,11H,0,,0,,N,B,N,N,0,124,0
M4883,08,8H,0,,0,,N,B,Y,N,0,124,0
O699,14,14A,0,,0,,N,F,Y,N,9,60,0
M8300,08,8J,0,,0,,N,F,Y,N,9,60,0
M1281,08,8K,0,,0,,N,B,Y,N,0,124,0
S52307,08,8P,0,,0,,0,B,Y,N,0,124,0
M1284,08,8K,0,,0,,N,B,Y,N,0,124,0
A951,18,18F,0,,0,,N,B,Y,N,0,124,0
F739,19,19K,0,,0,,N,B,Y,N,0,124,0
M1237,08,8J,0,,0,,N,B,Y,N,0,124,0
M4192,08,8H,0,,0,,N,B,Y,N,0,124,0
M834,08,8J,0,,0,,N,B,Y,N,0,124,0
P230,15,,0,,0,,N,B,Y,N,0,0,0
S62107,08,8P,0,,0,,0,B,Y,N,0,124,0
P291,15,,0,,0,,N,B,Y,N,0,0,0
N491,12,12C,0,,0,,N,M,Y,N,0,124,0
E278,10,10E,0,,0,,N,B,Y,N,0,124,0
P155,15,,0,,0,,N,B,Y,N,0,0,0
Z763,23,23D,0,,0,,N,B,Y,N,0,124,0
L2480,09,9D,0,,0,,N,B,Y,N,0,124,0
S6308,08,8P,0,,0,,0,B,Y,N,0,124,0
S62109,08,8P,0,,0,,0,B,Y,N,0,124,0
M2133,01,1J,0,,0,,N,B,Y,N,0,124,0
M1312,08,8K,0,,0,,N,B,Y,N,0,124,0
M2504,08,8J,0,,0,,N,B,Y,N,0,124,0
M1314,08,8K,0,,0,,N,B,Y,N,0,124,0
M2399,08,8Q,0,,0,,N,B,Y,N,0,124,0
Z292,23,23D,0,,0,,N,B,Y,N,0,124,0
M7666,08,8M,0,,0,,N,B,Y,N,0,124,0
Q788,08,8R,0,,0,,N,B,Y,N,0,124,0
O900,14,14C,0,,0,,N,F,Y,N,9,60,0
M1380,08,8J,0,,0,,N,B,Y,N,0,124,0
M1381,08,8J,0,,0,,N,B,Y,N,0,124,0
J060,03,3D,0,,0,,N,B,Y,N,0,124,0
M8027,08,8E,0,,0,,N,B,Y,N,0,124,0
D573,16,16A,0,,0,,N,B,Y,N,0,124,0
F601,19,19H,0,,0,,N,B,Y,N,0,124,0
M1387,08,8J,0,,0,,N,B,Y,N,0,124,0
M5313,01,1J,0,,0,,N,B,Y,N,0,124,0
Z596,23,23D,0,,0,,N,B,Y,N,0,124,0
M139,08,8K,0,,0,E,N,B,Y,N,0,124,0
S799,21,21A,0,,0,,0,B,Y,N,0,124,0
G09,01,1U,0,,0,,N,B,Y,N,0,124,0
M767,08,8M,0,,0,,N,B,Y,N,0,124,0
S034,03,3H,0,,0,,0,B,Y,N,0,124,0
M1395,08,8K,0,,0,E,N,B,Y,N,0,124,0
D354,01,1C,0,,0,,N,B,Y,N,0,124,0
P370,15,,0,,0,,N,B,Y,N,0,0,0
K0362,03,3H,0,,0,,N,B,Y,Y,0,124,28
M249,08,8R,0,,0,,N,B,Y,N,0,124,0
M143,08,8J,0,,0,,N,B,N,N,0,124,0
M7939,09,9C,0,,0,,N,B,Y,N,0,124,0
G548,01,1J,0,,0,,N,B,Y,N,0,124,0
S747,01,1J,0,,0,,8,B,Y,N,0,124,0
M8195,08,8J,0,,0,,N,B,Y,N,0,124,0
Z081,23,23C,0,,0,,N,B,Y,N,0,124,0
I776,08,8S,0,,0,,N,B,Y,N,0,124,0
T244,22,22C,0,,0,,N,B,Y,N,0,124,0
M154,08,8J,0,,0,,N,B,Y,N,16,124,0
R481,19,19L,0,,0,,N,B,Y,N,0,124,0
Z742,23,23D,0,,0,,N,B,Y,N,0,124,0
S52203,08,8P,0,,0,,0,B,Y,N,0,124,0
M4708,01,1U,0,,0,,N,B,Y,N,0,124,0
Q551,12,12E,0,,0,,N,M,Y,N,0,124,0
P919,15,,0,,0,,N,B,Y,N,0,0,0
M5300,01,1J,0,,0,,N,B,Y,N,0,124,0
M052,08,8F,0,,0,,N,B,Y,N,0,124,0
D135,07,7D,0,,0,,N,B,Y,N,0,124,0
M4218,08,8J,0,,0,,N,B,Y,N,16,124,0
S818,09,9H,0,,0,,0,B,Y,N,0,124,0
M179,08,8J,0,,0,,N,B,Y,N,0,124,0
L980,09,9G,0,,0,,N,B,Y,N,0,124,0
J301,03,3D,0,,0,,N,B,Y,N,0,124,0
M183,08,8J,0,,0,,N,B,Y,N,0,124,0
L251,09,9D,0,,0,,N,B,Y,N,0,124,0
M1254,08,8J,0,,0,,N,B,Y,N,0,124,0
H043,02,2D,0,,0,,N,B,Y,N,0,124,0
M1903,08,8J,0,,0,,N,B,Y,N,0,124,0
I515,05,5R,0,,0,,N,B,Y,N,0,124,0
B742,18,18H,0,,0,,N,B,Y,N,0,124,0
T425,21,21C,0,,0,,N,B,Y,N,0,124,0
M1908,08,8J,0,,0,,N,B,Y,N,0,124,0
C4108,08,8E,0,,0,,N,B,Y,N,0,124,0
S0220,03,3F,0,,0,,0,B,Y,N,0,124,0
M1911,08,8J,0,,0,,N,B,Y,N,0,124,0
A079,06,6G,0,,0,,N,B,Y,N,0,124,0
R8761,23,23B,0,,0,,N,F,Y,N,0,124,0
P239,15,,0,,0,,N,B,Y,N,0,0,0
B810,06,6L,0,,0,,N,B,Y,N,0,124,0
M4124,08,8H,0,,0,,N,B,Y,N,0,124,0
K011,03,3H,0,,0,,N,B,Y,Y,0,124,28
M538,08,8H,0,,0,,N,B,Y,N,0,124,0
M2549,08,8R,0,,0,,N,B,Y,N,0,124,0
A000,06,6G,0,,0,,N,B,Y,N,0,124,0
M7676,08,8M,0,,0,,N,B,Y,N,0,124,0
M1929,08,8J,0,,0,,N,B,Y,N,0,124,0
M198,08,8J,0,,0,,N,B,Y,N,0,124,0
M7234,08,8M,0,,0,,N,B,Y,N,0,124,0
J123,04,4C,0,,0,D,N,B,Y,N,0,124,0
M1988,08,8J,0,,0,,N,B,Y,N,0,124,0
H536,02,2D,0,,0,,N,B,Y,N,0,124,0
G466,01,1F,0,,0,,N,B,N,N,0,124,0
H809,03,3G,0,,0,,N,B,Y,N,0,124,0
M0698,08,8F,0,,0,,N,B,Y,N,16,124,0
L247,09,9D,0,,0,,N,B,Y,N,0,124,0
R238,09,9D,0,,0,,N,B,Y,N,0,124,0
M200,08,8R,0,,0,,N,B,Y,N,0,124,0
K062,03,3H,0,,0,,N,B,Y,Y,0,124,28
M7970,08,8L,0,,0,,N,B,Y,N,0,124,0
G378,01,1E,0,,0,,N,B,Y,N,0,124,0
M204,08,8R,0,,0,,N,B,Y,N,0,124,0
M206,08,8R,0,,0,,N,B,Y,N,0,124,0
F515,19,19F,0,,0,,N,B,Y,N,0,124,0
C444,09,9B,0,,0,C,N,B,Y,N,0,124,0
M1129,08,8J,0,,0,,N,B,Y,N,0,124,0
N163,11,11H,0,,0,,N,B,N,N,0,124,0
M7729,08,8M,0,,0,,N,B,Y,N,0,124,0
M8127,08,8J,0,,0,,N,B,Y,N,0,124,0
T463,21,21C,0,,0,,N,B,Y,N,0,124,0
K412,06,6J,0,,0,,N,B,Y,N,0,124,0
P006,15,,0,,0,,N,B,Y,N,0,0,0
M6803,08,8M,0,,0,,N,B,N,N,0,124,0
M2109,08,8R,0,,0,,N,B,Y,N,0,124,0
A030,06,6G,0,,0,,N,B,Y,N,0,124,0
S9083,09,9H,0,,0,,0,B,Y,N,0,124,0
E729,10,10D,0,,0,,N,B,Y,N,0,124,0
M2113,08,8R,0,,0,,N,B,Y,N,0,124,0
S8210,08,8Q,0,,0,,0,B,Y,N,0,124,0
M9432,08,8R,0,,0,,N,B,Y,N,0,124,0
M2116,08,8R,0,,0,,N,B,Y,N,0,124,0
C402,08,8E,0,,0,,N,B,Y,N,0,124,0
M2119,08,8R,0,,0,,N,B,Y,N,0,124,0
M212,08,8R,0,,0,,N,B,Y,N,0,124,0
Z442,23,23D,0,,0,,N,B,Y,N,0,124,0
N47,12,12C,0,,0,,N,M,Y,N,0,124,0
C4111,08,8E,0,,0,,N,B,Y,N,0,124,0
A923,18,18F,0,,0,,N,B,Y,N,0,124,0
T788,21,21E,0,,0,,N,B,Y,N,0,124,0
S7304,08,8C,0,,0,,0,B,Y,N,0,124,0
D1013,03,3H,0,,0,,N,B,Y,N,0,124,0
M2128,08,8R,0,,0,,N,B,Y,N,0,124,0
T783,21,21B,0,,0,,N,B,Y,N,0,124,0
Q4471,07,7D,0,,0,,N,B,Y,N,0,124,0
O814,14,14A,0,,0,,N,F,Y,N,9,60,0
M404,08,8H,0,,0,,N,B,Y,N,0,124,0
L651,09,9D,0,,0,,N,B,Y,N,0,124,0
M161,08,8J,0,,0,,N,B,Y,N,0,124,0
K1442,03,3H,0,,0,,N,B,Y,N,0,124,0
M2144,08,8R,0,,0,,N,B,Y,N,0,124,0
M4888,08,8H,0,,0,,N,B,Y,N,0,124,0
P780,15,,0,,0,,N,B,Y,N,0,0,0
F182,20,20F,0,,0,,N,B,Y,N,0,124,0
L235,09,9D,0,,0,,N,B,Y,N,0,124,0
S62101,08,8P,0,,0,,0,B,Y,N,0,124,0
M905,08,8J,0,,0,,N,B,N,N,0,124,0
M798,08,8L,0,,0,,N,B,Y,N,0,124,0
M2167,08,8R,0,,0,,N,B,Y,N,0,124,0
M4724,08,8H,0,,0,,N,B,Y,N,0,124,0
M4183,08,8H,0,,0,,N,B,Y,N,0,124,0
M990,30,,0,,0,,N,B,N,N,0,124,0
B966,30,,0,,0,,N,B,N,N,0,124,0
S52312,08,8P,0,,0,,7,B,Y,N,0,124,0
D132,06,6J,0,,0,,N,B,Y,N,0,124,0
M2175,08,8R,0,,0,,N,B,Y,N,0,124,0
M4691,08,8H,0,,0,,N,B,Y,N,0,124,0
M7232,08,8M,0,,0,,N,B,Y,N,0,124,0
M4799,08,8H,0,,0,,N,B,Y,N,0,124,0
E784,10,10D,0,,0,,N,B,Y,N,0,124,0
P114,15,,0,,0,,N,B,Y,N,0,0,0
S941,01,1J,0,,0,,0,B,Y,N,0,124,0
N881,13,13F,0,,0,,N,F,Y,N,0,124,0
E804,07,7D,0,,0,,N,B,Y,N,0,124,0
M997,30,,0,,0,,N,B,N,N,0,124,0
P017,15,,0,,0,,N,B,Y,N,0,0,0
H045,02,2D,0,,0,,N,B,Y,N,0,124,0
A362,03,3G,0,,0,,N,B,Y,N,0,124,0
P039,15,,0,,0,,N,B,Y,N,0,0,0
A57,12,12C,0,,0,,N,B,Y,N,1,124,0
M2190,08,8R,0,,0,,N,B,Y,N,0,124,0
Z303,13,13F,0,,0,,N,F,Y,N,1,124,0
M2418,08,8R,0,,0,,N,B,Y,N,0,124,0
M7142,08,8M,0,,0,,N,B,Y,N,0,124,0
M2195,08,8R,0,,0,,N,B,Y,N,0,124,0
D294,12,12E,0,,0,,N,M,Y,N,0,124,0
C498,08,8E,0,,0,,N,B,Y,N,0,124,0
M222,08,8Q,0,,0,,N,B,Y,N,0,124,0
P960,15,,0,,0,,N,B,Y,N,0,0,0
M8786,08,8J,0,,0,,N,B,Y,N,0,124,0
M7237,08,8M,0,,0,,N,B,Y,N,0,124,0
C508,09,9E,0,,0,,N,B,Y,N,0,124,0
M2300,08,8Q,0,,0,,N,B,Y,N,0,124,0
M6215,08,8M,0,,0,,N,B,Y,N,0,124,0
M4058,08,8H,0,,0,,N,B,Y,N,0,124,0
K0366,03,3H,0,,0,,N,B,Y,Y,0,124,28
B354,09,9D,0,,0,,N,B,Y,N,0,124,0
M2306,08,8Q,0,,0,,N,B,Y,N,0,124,0
M2309,08,8Q,0,,0,,N,B,Y,N,0,124,0
M231,08,8Q,0,,0,,N,B,Y,N,0,124,0
Q381,03,3H,0,,0,,N,B,Y,N,0,124,0
M1918,08,8J,0,,0,,N,B,Y,N,0,124,0
E641,10,10C,0,,0,E,N,B,Y,N,0,124,0
S825,08,8Q,0,,0,,0,B,Y,N,0,124,0
C409,08,8E,0,,0,,N,B,Y,N,0,124,0
O002,14,14F,0,,0,,N,F,Y,N,9,60,0
S309,09,9H,0,,0,,0,B,Y,N,0,124,0
M2321,08,8Q,0,,0,,N,B,Y,N,0,124,0
G979,01,1U,0,,0,,N,B,Y,N,0,124,0
T881,21,21D,0,,0,,N,B,Y,N,0,124,0
B976,30,,0,,0,,N,B,N,N,0,124,0
M2325,08,8Q,0,,0,,N,B,Y,N,0,124,0
T314,22,22A,0,,0,,N,B,Y,N,0,124,0
C540,13,13A,0,,0,,N,F,Y,N,0,124,0
Q269,05,5J,0,,0,,N,B,Y,N,0,124,0
E260,10,10E,0,,0,,N,B,Y,N,0,124,0
M2332,08,8Q,0,,0,,N,B,Y,N,0,124,0
M2333,08,8Q,0,,0,,N,B,Y,N,0,124,0
K030,03,3H,0,,0,,N,B,Y,Y,0,124,28
M2335,08,8Q,0,,0,,N,B,Y,N,0,124,0
R772,23,23B,0,,0,,N,B,Y,N,0,124,0
M9185,08,8J,0,,0,,N,B,Y,N,0,124,0
R864,23,23B,0,,0,,N,M,Y,N,0,124,0
N419,12,12C,0,,0,,N,M,Y,N,1,124,0
M8704,08,8J,0,,0,,N,B,Y,N,0,124,0
M2343,08,8R,0,,0,,N,B,Y,N,0,124,0
O992,14,14B,0,,0,,N,F,Y,N,9,60,0
M2345,08,8R,0,,0,,N,B,Y,N,0,124,0
Z835,23,23D,0,,0,,N,B,Y,N,0,124,0
M2347,08,8R,0,,0,,N,B,Y,N,0,124,0
C753,01,1C,0,,0,,N,B,Y,N,0,124,0
N978,13,13F,0,,0,,N,F,Y,N,9,60,0
M2350,08,8R,0,,0,,N,B,Y,N,0,124,0
M4356,08,8H,0,,0,,N,B,Y,N,0,124,0
Z429,09,9D,0,,0,,N,B,Y,N,0,124,0
M2354,08,8R,0,,0,,N,B,Y,N,0,124,0
D891,17,17B,0,,0,,N,B,Y,N,0,124,0
K0520,03,3H,0,,0,,N,B,Y,Y,0,124,28
M6513,08,8M,0,,0,,N,B,Y,N,0,124,0
M755,08,8M,0,,0,,N,B,Y,N,0,124,0
I279,05,5R,0,,0,,N,B,Y,N,0,124,0
R855,18,18H,0,,0,,N,B,Y,N,0,124,0
M9384,08,8J,0,,0,,N,B,Y,N,0,124,0
H312,02,2D,0,,0,,N,B,Y,N,0,124,0
M2363,08,8Q,0,,0,,N,B,Y,N,0,124,0
S4240,08,8Q,0,,0,,0,B,Y,N,0,124,0
H133,02,2A,0,,0,,N,B,N,N,0,124,0
M238,08,8Q,0,,0,,N,B,Y,N,0,124,0
M8316,08,8J,0,,0,,N,B,Y,N,31,124,0
M8099,08,8E,0,,0,,N,B,Y,N,0,124,0
M4937,08,8H,0,,0,,N,B,N,N,0,124,0
A670,09,9D,0,,0,,N,B,Y,N,0,124,0
Q969,12,12E,0,,0,,N,B,Y,N,0,124,0
M2386,08,8Q,0,,0,,N,B,Y,N,0,124,0
G568,01,1J,0,,0,,N,B,Y,N,0,124,0
E298,10,10E,0,,0,,N,M,Y,N,0,124,0
M239,08,8Q,0,,0,,N,B,Y,N,0,124,0
C765,17,17C,0,,0,,N,B,Y,N,0,124,0
F950,01,1U,0,,0,,N,B,Y,N,0,124,0
O355,14,14B,0,,0,,N,F,Y,N,9,60,0
M2394,08,8Q,0,,0,,N,B,Y,N,0,124,0
M6509,08,8M,0,,0,,N,B,Y,N,0,124,0
E060,10,10E,0,,0,,N,B,Y,N,0,124,0
M4128,08,8H,0,,0,,N,B,Y,N,0,124,0
R450,19,19L,0,,0,,N,B,Y,N,0,124,0
A545,03,3D,0,,0,,N,B,Y,N,0,124,0
M2401,08,8R,0,,0,,N,B,Y,N,0,124,0
M8500,08,8J,0,,0,,N,B,Y,N,0,124,0
S52217,08,8P,0,,0,,7,B,Y,N,0,124,0
M2408,08,8R,0,,0,,N,B,Y,N,0,124,0
N809,13,13F,0,,0,,N,F,Y,N,1,124,0
S42404,08,8Q,0,,0,,0,B,Y,N,0,124,0
M880,08,8J,0,,0,,N,B,Y,N,0,124,0
T042,21,21A,0,,0,,0,B,Y,N,0,124,0
M1985,08,8J,0,,0,,N,B,Y,N,0,124,0
M2414,08,8P,0,,0,,N,B,Y,N,0,124,0
D309,11,11C,0,,0,,N,B,Y,N,0,124,0
S52302,08,8P,0,,0,,0,B,Y,N,0,124,0
E724,10,10D,0,,0,,N,B,Y,N,0,124,0
M242,08,8M,0,,0,,N,B,Y,N,0,124,0
M6741,08,8M,0,,0,,N,B,Y,N,0,124,0
Z931,30,,0,,0,,N,B,N,N,0,124,0
S878,21,21A,0,,0,,0,B,Y,N,0,124,0
T408,21,21C,0,,0,,N,B,Y,N,0,124,0
M2425,08,8M,0,,0,,N,B,Y,N,0,124,0
E668,10,10C,0,,0,,N,B,Y,N,0,124,0
Q372,03,3H,0,,0,,N,B,Y,N,0,124,0
M8050,08,8E,0,,0,,N,B,Y,N,1,124,0
T361,21,21C,0,,0,,N,B,Y,N,0,124,0
O324,14,14B,0,,0,,N,F,Y,N,9,60,0
A512,18,18H,0,,0,,N,B,Y,N,1,124,0
M2435,08,8R,0,,0,,N,B,Y,N,0,124,0
P022,15,,0,,0,,N,B,Y,N,0,0,0
Z280,23,23D,0,,0,,N,B,Y,N,0,124,0
Q8705,08,8R,0,,0,,N,B,Y,N,0,124,0
M244,08,8R,0,,0,,N,B,Y,N,0,124,0
M8391,08,8J,0,,0,,N,B,Y,N,16,124,0
M2441,08,8Q,0,,0,,N,B,Y,N,0,124,0
H481,02,2B,0,,0,,N,B,N,N,0,124,0
K0365,03,3H,0,,0,,N,B,Y,Y,0,124,28
P042,15,,0,,0,,N,B,Y,N,0,0,0
L210,09,9D,0,,0,,N,B,Y,N,0,124,0
M2447,08,8Q,0,,0,,N,B,Y,N,0,124,0
R522,23,23B,0,,0,,N,B,Y,N,0,124,0
O078,14,14H,0,,0,,N,F,Y,N,9,60,0
M2324,08,8Q,0,,0,,N,B,Y,N,0,124,0
M9065,08,8J,0,,0,,N,B,N,N,0,124,0
S380,13,13F,0,,0,,0,B,Y,N,0,124,0
M4632,08,8H,0,,0,,N,B,Y,N,0,124,0
A250,18,18H,0,,0,,N,B,Y,N,0,124,0
M7966,08,8L,0,,0,,N,B,Y,N,0,124,0
M6013,08,8M,0,,0,,N,B,Y,N,0,124,0
A031,06,6G,0,,0,,N,B,Y,N,0,124,0
G574,01,1J,0,,0,,N,B,Y,N,0,124,0
M2461,08,8J,0,,0,,N,B,Y,N,0,124,0
I089,05,5K,0,,0,,N,B,Y,N,0,124,0
Z049,23,23D,0,,0,,N,B,Y,N,0,124,0
M2466,08,8J,0,,0,,N,B,Y,N,0,124,0
M0928,08,8J,0,,0,,N,B,N,N,0,124,0
P130,15,,0,,0,,N,B,Y,N,0,0,0
Z370,30,,0,,0,,N,F,N,N,9,60,0
I712,05,5F,0,,0,,N,B,Y,N,0,124,0
K102,03,3H,0,,0,,N,B,Y,N,0,124,0
S5088,09,9H,0,,0,,0,B,Y,N,0,124,0
M2481,08,8R,0,,0,,N,B,Y,N,0,124,0
M6593,08,8M,0,,0,,N,B,Y,N,0,124,0
M0183,08,8G,0,,0,,N,B,N,N,0,124,0
H474,01,1U,0,,0,,N,B,Y,N,0,124,0
F1740,20,20B,0,,0,,N,B,Y,N,0,124,0
Q748,08,8R,0,,0,,N,B,Y,N,0,124,0
Z220,23,23D,0,,0,,N,B,Y,N,0,124,0
M2491,08,8R,0,,0,,N,B,Y,N,0,124,0
K1461,03,3H,0,,0,,N,B,Y,N,0,124,0
Q524,13,13F,0,,0,,N,F,Y,N,0,124,0
M2495,08,8R,0,,0,,N,B,Y,N,0,124,0
M8792,08,8J,0,,0,,N,B,Y,N,0,124,0
Q312,03,3G,0,,0,,N,B,Y,N,0,124,0
K1160,03,3G,0,,0,,N,B,Y,N,0,124,0
M2500,08,8J,0,,0,,N,B,Y,N,0,124,0
L759,09,9D,0,,0,,N,B,Y,N,0,124,0
M0234,08,8F,0,,0,,N,B,Y,N,16,124,0
M4122,08,8H,0,,0,,N,B,Y,N,0,124,0
M8493,08,8R,0,,0,,N,B,Y,N,0,124,0
M2507,08,8J,0,,0,,N,B,Y,N,0,124,0
Z354,30,,0,,0,,N,F,N,N,9,60,0
M251,08,8L,0,,0,,N,B,Y,N,0,124,0
J350,03,3D,0,,0,,N,B,Y,N,0,124,0
N418,12,12C,0,,0,,N,M,Y,N,1,124,0
D1007,03,3H,0,,0,,N,B,Y,N,0,124,0
K0758,03,3H,0,,0,,N,B,Y,Y,0,124,28
M2515,08,8L,0,,0,,N,B,Y,N,0,124,0
E769,10,10D,0,,0,,N,B,Y,N,0,124,0
M4045,08,8H,0,,0,,N,B,Y,N,0,124,0
D473,17,17B,0,,0,,N,B,Y,N,0,124,0
M2520,08,8R,0,,0,,N,B,Y,N,0,124,0
G040,01,1K,0,,0,,N,B,Y,N,0,124,0
M2522,08,8R,0,,0,,N,B,Y,N,0,124,0
Q360,03,3H,0,,0,,N,B,Y,N,0,124,0
G407,01,1P,0,,0,,N,B,Y,N,0,124,0
Z905,23,23D,0,,0,,N,B,Y,N,0,124,0
M6512,08,8M,0,,0,,N,B,Y,N,0,124,0
K227,06,6H,0,,0,,N,B,Y,N,0,124,0
Q628,11,11H,0,,0,,N,B,Y,N,0,124,0
A059,06,6G,0,,0,,N,B,Y,N,0,124,0
M0588,08,8F,0,,0,,N,B,Y,N,16,124,0
M8690,08,8D,0,,0,,N,B,Y,N,0,124,0
S651,21,21A,0,,0,,7,B,Y,N,0,124,0
S637,08,8P,0,,0,,0,B,Y,N,0,124,0
L305,09,9D,0,,0,,N,B,Y,N,0,124,0
M4007,08,8H,0,,0,,N,B,Y,N,0,124,0
M491,08,8H,0,,0,,N,B,N,N,0,124,0
C676,11,11C,0,,0,,N,B,Y,N,0,124,0
K0043,03,3H,0,,0,,N,B,Y,Y,0,124,28
Z723,23,23D,0,,0,,N,B,Y,N,0,124,0
M8680,08,8D,0,,0,,N,B,Y,N,0,124,0
M868,08,8D,0,,0,,N,B,Y,N,0,124,0
M8941,08,8J,0,,0,,N,B,Y,N,0,124,0
M8667,08,8D,0,,0,,N,B,Y,N,0,124,0
Q7130,08,8R,0,,0,,N,B,Y,N,0,124,0
S823,08,8Q,0,,0,,0,B,Y,N,0,124,0
P789,15,,0,,0,,N,B,Y,N,0,0,0
D444,01,1C,0,,0,,N,B,Y,N,0,124,0
M9016,08,8D,0,,0,,N,B,N,N,0,124,0
M7957,08,8R,0,,0,,N,B,Y,N,0,124,0
N972,13,13F,0,,0,,N,F,Y,N,9,60,0
M8926,08,8R,0,,0,,N,B,Y,N,0,19,0
M8657,08,8D,0,,0,,N,B,Y,N,0,124,0
M8150,08,8J,0,,0,,N,B,Y,N,1,124,0
S0691,01,1R,0,,0,,0,B,Y,N,0,124,0
S5082,09,9H,0,,0,,0,B,Y,N,0,124,0
M8653,08,8D,0,,0,,N,B,Y,N,0,124,0
N162,11,11H,0,,0,,N,B,N,N,0,124,0
K0722,03,3H,0,,0,,N,B,Y,Y,0,124,28
M4989,08,8H,0,,0,,N,B,N,N,0,124,0
A304,18,18H,0,,0,,N,B,Y,N,0,124,0
S902,09,9H,0,,0,,0,B,Y,N,0,124,0
M1019,21,21C,0,,0,,N,B,Y,N,0,124,0
M9493,08,8R,0,,0,,N,B,Y,N,0,124,0
E751,01,1D,0,,0,,N,B,Y,N,0,124,0
P510,15,,0,,0,,N,B,Y,N,0,0,0
M8637,08,8D,0,,0,,N,B,Y,N,0,124,0
L981,09,9C,0,,0,,N,B,Y,N,0,124,0
M2173,08,8R,0,,0,,N,B,Y,N,0,124,0
M8562,08,8J,0,,0,,N,B,Y,N,0,124,0
M864,08,8D,0,,0,,N,B,Y,N,0,124,0
S0482,01,1J,0,,0,,0,B,Y,N,0,124,0
M8638,08,8D,0,,0,,N,B,Y,N,0,124,0
R529,23,23B,0,,0,,N,B,Y,N,0,124,0
M8636,08,8D,0,,0,,N,B,Y,N,0,124,0
M9100,08,8J,0,,0,,N,B,Y,N,0,124,0
R824,10,10C,0,,0,,N,B,Y,N,0,124,0
M6153,08,8M,0,,0,,N,B,Y,N,0,124,0
M8631,08,8D,0,,0,,N,B,Y,N,0,124,0
S927,08,8P,0,,0,,0,B,Y,N,0,124,0
Q647,11,11H,0,,0,,N,B,Y,N,0,124,0
M6502,08,8M,0,,0,,N,B,Y,N,0,124,0
M7107,08,8M,0,,0,,N,B,Y,N,0,124,0
E344,23,23D,0,,0,,N,B,Y,N,0,124,0
N905,13,13F,0,,0,,N,F,Y,N,0,124,0
H931,03,3G,0,,0,,N,B,Y,N,0,124,0
G543,01,1J,0,,0,,N,B,Y,N,0,124,0
Z282,23,23D,0,,0,,N,B,Y,N,0,124,0
O062,14,14K,0,,0,,N,F,Y,N,9,60,0
D033,09,9C,0,,0,,N,B,Y,N,0,124,0
P760,15,,0,,0,,N,B,Y,N,0,0,0
Z121,23,23D,0,,0,,N,B,Y,N,0,124,0
Z761,23,23D,0,,0,,N,B,Y,N,0,10,0
M0325,08,8J,0,,0,,N,B,N,N,0,124,0
Q410,06,6J,0,,0,,N,B,Y,N,0,124,0
N742,13,13E,0,,0,,N,F,N,N,0,124,0
L233,09,9D,0,,0,,N,B,Y,N,0,124,0
N271,11,11H,0,,0,,N,B,Y,N,0,124,0
Z570,23,23D,0,,0,,N,B,Y,N,0,124,0
M4725,08,8H,0,,0,,N,B,Y,N,0,124,0
S5312,08,8Q,0,,0,,0,B,Y,N,0,124,0
Z268,23,23D,0,,0,,N,B,Y,N,0,124,0
M8598,08,8R,0,,0,,N,B,Y,N,0,124,0
Q170,03,3G,0,,0,,N,B,Y,N,0,124,0
M8595,08,8R,0,,0,,N,B,Y,N,0,124,0
Z391,14,14D,0,,0,,N,F,Y,N,9,60,0
S8281,08,8Q,0,,0,,0,B,Y,N,0,124,0
F800,19,19J,0,,0,,N,B,Y,Y,0,124,28
I708,05,5F,0,,0,,N,B,Y,N,1,124,0
H048,02,2D,0,,0,,N,B,Y,N,0,124,0
S861,08,8Q,0,,0,,0,B,Y,N,0,124,0
M8560,08,8J,0,,0,,N,B,Y,N,0,124,0
R21,09,9D,0,,0,E,N,B,Y,N,0,124,0
T507,21,21C,0,,0,,N,B,Y,N,0,124,0
Q650,08,8R,0,,0,,N,B,Y,N,0,124,0
Z618,23,23D,0,,0,,N,B,Y,N,0,124,0
D037,09,9C,0,,0,,N,B,Y,N,0,124,0
G259,01,1D,0,,0,,N,B,Y,N,1,124,0
M8512,08,8R,0,,0,,N,B,Y,N,0,124,0
L538,09,9D,0,,0,,N,B,Y,N,0,124,0
M858,08,8R,0,,0,,N,B,Y,N,0,124,0
H590,02,2D,0,,0,,N,B,Y,N,0,124,0
B000,09,9B,0,,0,D,N,B,Y,N,0,124,0
P133,15,,0,,0,,N,B,Y,N,0,0,0
Q303,03,3G,0,,0,,N,B,Y,N,0,124,0
M490,08,8D,0,,0,,N,B,N,N,0,124,0
P251,15,,0,,0,,N,B,Y,N,0,0,0
Z421,09,9D,0,,0,,N,B,Y,N,0,124,0
G821,01,1A,0,,0,,N,B,Y,N,0,124,0
L246,09,9D,0,,0,,N,B,Y,N,0,124,0
M8558,08,8J,0,,0,,N,B,Y,N,0,124,0
B351,09,9D,0,,0,,N,B,Y,N,0,124,0
M8556,08,8J,0,,0,,N,B,Y,N,0,124,0
H058,02,2D,0,,0,,N,B,Y,N,0,124,0
M4723,08,8H,0,,0,,N,B,Y,N,0,124,0
M8552,08,8J,0,,0,,N,B,Y,N,0,124,0
G544,01,1J,0,,0,,N,B,Y,N,0,124,0
M8723,08,8J,0,,0,,N,B,Y,N,0,124,0
A691,03,3D,0,,0,,N,B,Y,N,0,124,0
M2503,08,8J,0,,0,,N,B,Y,N,0,124,0
A568,12,12C,0,,0,,N,B,Y,N,1,124,0
F632,19,19H,0,,0,,N,B,Y,N,0,124,0
M8543,08,8J,0,,0,,N,B,Y,N,0,124,0
M8542,08,8J,0,,0,,N,B,Y,N,0,124,0
O347,14,14B,0,,0,,N,F,Y,N,9,60,0
N762,13,13D,0,,0,,N,F,Y,N,0,124,0
M854,08,8J,0,,0,,N,B,Y,N,0,124,0
K621,06,6J,0,,0,,N,B,Y,N,0,124,0
O109,14,14B,0,,0,,N,F,Y,N,9,60,0
M8536,08,8J,0,,0,,N,B,Y,N,0,124,0
C433,09,9B,0,,0,,N,B,Y,N,0,124,0
S408,09,9H,0,,0,,0,B,Y,N,0,124,0
Z8964,30,,0,,0,,N,B,N,N,0,124,0
M8715,08,8J,0,,0,,N,B,Y,N,0,124,0
K0539,03,3H,0,,0,,N,B,Y,Y,0,124,28
S2280,04,4G,0,,0,,0,B,Y,N,0,124,0
M7646,08,8M,0,,0,,N,B,Y,N,0,124,0
S508,09,9H,0,,0,,0,B,Y,N,0,124,0
M8520,08,8R,0,,0,,N,B,Y,N,0,124,0
M4720,08,8H,0,,0,,N,B,Y,N,0,124,0
M9419,08,8R,0,,0,,N,B,Y,N,0,124,0
A749,12,12C,0,,0,,N,B,Y,N,0,124,0
T430,21,21C,0,,0,,N,B,Y,N,0,124,0
K293,06,6M,0,,0,,N,B,Y,N,0,124,0
L282,09,9D,0,,0,,N,B,Y,N,0,124,0
M5458,08,8H,0,,0,,N,B,Y,N,0,124,0
T110,09,9H,0,,0,,0,B,Y,N,0,124,0
N890,13,13F,0,,0,,N,F,Y,N,0,124,0
M8509,08,8J,0,,0,,N,B,Y,N,0,124,0
E850,08,8S,0,,0,,N,B,Y,N,0,124,0
L8182,09,9D,0,,0,,N,B,Y,N,0,124,0
M9392,08,8J,0,,0,,N,B,Y,N,0,124,0
T934,30,,0,,0,,N,B,N,N,0,124,0
M8146,08,8J,0,,0,,N,B,Y,N,0,124,0
Z031,17,17C,0,,0,,N,B,Y,N,0,124,0
F170,20,20F,0,,0,,N,B,Y,N,0,124,0
C005,03,3A,0,,0,,N,B,Y,N,0,124,0
Q042,01,1U,0,,0,,N,B,Y,N,0,124,0
M436,08,8H,0,,0,,N,B,Y,N,0,124,0
M1928,08,8J,0,,0,,N,B,Y,N,0,124,0
S631,08,8P,0,,0,,0,B,Y,N,0,124,0
M7116,08,8M,0,,0,,N,B,Y,N,0,124,0
S82311,08,8Q,0,,0,,8,B,Y,N,0,124,0
M8495,08,8R,0,,0,,N,B,Y,N,0,124,0
M8494,08,8R,0,,0,,N,B,Y,N,0,124,0
F1201,20,20F,0,,0,,N,B,Y,N,0,124,0
M7159,08,8M,0,,0,,N,B,Y,N,0,124,0
S228,04,4G,0,,0,,0,B,Y,N,0,124,0
M6710,08,8M,0,,0,,N,B,Y,N,0,124,0
M8529,08,8R,0,,0,,N,B,Y,N,0,124,0
M4831,08,8H,0,,0,,N,B,Y,N,0,124,0
L598,09,9D,0,,0,,N,B,Y,N,0,124,0
J61,04,4P,0,,0,,N,B,Y,N,1,124,0
Z419,23,23D,0,,0,,N,B,Y,N,0,124,0
M8320,08,8J,0,,0,,N,B,Y,N,16,124,0
F54,19,19L,0,,0,,N,B,Y,N,0,124,0
M8480,08,8R,0,,0,,N,B,Y,N,0,124,0
M848,08,8R,0,,0,,N,B,Y,N,0,124,0
M8142,08,8J,0,,0,,N,B,Y,N,0,124,0
Z361,14,14E,0,,0,,N,F,Y,N,9,60,0
M0152,08,8J,0,,0,,N,B,N,N,0,124,0
M8720,08,8J,0,,0,,N,B,Y,N,0,124,0
M8934,08,8R,0,,0,,N,B,Y,N,0,124,0
N739,13,13E,0,,0,,N,F,Y,N,0,124,0
E831,10,10C,0,,0,,N,B,Y,N,0,124,0
P749,15,,0,,0,,N,B,Y,N,0,0,0
M7630,08,8M,0,,0,,N,B,Y,N,0,124,0
A053,06,6G,0,,0,,N,B,Y,N,0,124,0
Q789,08,8R,0,,0,,N,B,Y,N,0,124,0
K0020,03,3H,0,,0,,N,B,Y,Y,0,124,28
S0671,01,1R,0,,0,,1,B,Y,N,0,124,0
Q700,08,8R,0,,0,,N,B,Y,N,0,124,0
E161,10,10E,0,,0,,N,B,Y,N,0,124,0
U831,30,,0,,0,,N,B,N,N,0,124,0
G041,01,1A,0,,0,,N,B,Y,N,0,124,0
Q141,02,2D,0,,0,,N,B,Y,N,0,124,0
T610,21,21C,0,,0,,N,B,Y,N,0,124,0
M488,08,8H,0,,0,,N,B,Y,N,0,124,0
F400,19,19F,0,,0,,N,B,Y,N,0,124,0
T468,21,21C,0,,0,,N,B,Y,N,0,124,0
E731,06,6H,0,,0,,N,B,Y,N,0,124,0
Q040,01,1U,0,,0,,N,B,Y,N,0,124,0
T179,04,4Q,0,,0,,N,B,Y,N,0,124,0
T494,21,21C,0,,0,,N,B,Y,N,0,124,0
G560,01,1J,0,,0,,N,B,Y,N,0,124,0
M6212,08,8M,0,,0,,N,B,Y,N,0,124,0
F621,19,19H,0,,0,,N,B,Y,N,0,124,0
M804,08,8E,0,,0,,N,B,Y,N,0,124,0
E233,10,10E,0,,0,,N,B,Y,N,0,124,0
M4681,08,8H,0,,0,,N,B,Y,N,0,124,0
M7954,08,8R,0,,0,,N,B,Y,N,0,124,0
K638,06,6J,0,,0,,N,B,Y,N,0,124,0
M4038,08,8H,0,,0,,N,B,Y,N,0,124,0
C049,03,3A,0,,0,,N,B,Y,N,0,124,0
M4933,08,8H,0,,0,,N,B,N,N,0,124,0
Q258,05,5F,0,,0,,N,B,Y,N,0,124,0
B303,02,2D,0,,0,,N,B,Y,N,0,124,0
M7794,08,8M,0,,0,,N,B,Y,N,0,124,0
M8302,08,8J,0,,0,,N,F,Y,N,9,60,0
K512,06,6E,0,,0,,N,B,Y,N,0,124,0
M2440,08,8R,0,,0,,N,B,Y,N,0,124,0
G636,01,1J,0,,0,,N,B,N,N,0,124,0
M4686,08,8H,0,,0,,N,B,Y,N,0,124,0
O337,14,14B,0,,0,,N,F,Y,N,9,60,0
L021,09,9G,0,,0,,N,B,Y,N,0,124,0
M8386,08,8J,0,,0,,N,B,Y,N,16,124,0
M0606,08,8F,0,,0,,N,B,Y,N,16,124,0
M2311,08,8Q,0,,0,,N,B,Y,N,0,124,0
S6088,09,9H,0,,0,,0,B,Y,N,0,124,0
M9999,30,,0,,0,,N,B,N,N,0,124,0
J359,03,3G,0,,0,,N,B,Y,N,0,124,0
M0307,08,8J,0,,0,,N,B,N,N,0,124,0
M8482,08,8R,0,,0,,N,B,Y,N,0,124,0
M8895,08,8J,0,,0,,N,B,Y,N,0,124,0
H401,02,2D,0,,0,,N,B,Y,Y,0,124,28
Z708,23,23D,0,,0,,N,B,Y,N,1,124,0
R208,01,1U,0,,0,,N,B,Y,N,0,124,0
S760,08,8C,0,,0,,0,B,Y,N,0,124,0
T192,13,13F,0,,0,,N,F,Y,N,0,124,0
P228,15,,0,,0,,N,B,Y,N,0,0,0
A660,09,9D,0,,0,,N,B,Y,N,0,124,0
M0284,08,8J,0,,0,,N,B,Y,N,0,124,0
T321,22,22B,0,,0,,N,B,Y,N,0,124,0
M8344,08,8J,0,,0,,N,B,Y,N,1,124,0
O034,14,14H,0,,0,,N,F,Y,N,9,60,0
S740,01,1J,0,,0,,8,B,Y,N,0,124,0
N12,11,11D,0,,0,,N,B,Y,N,0,124,0
G546,01,1J,0,,0,,N,B,Y,N,0,124,0
Z373,30,,0,,0,,N,F,N,N,9,60,0
M8085,08,8E,0,,0,,N,B,Y,N,0,124,0
I703,05,5F,0,,0,,N,B,Y,N,1,124,0
Z530,23,23D,0,,0,,N,B,Y,N,0,124,0
S758,21,21A,0,,0,,0,B,Y,N,0,124,0
M1394,08,8K,0,,0,E,N,B,Y,N,0,124,0
E018,10,10E,0,,0,,N,B,Y,N,0,124,0
C672,11,11C,0,,0,,N,B,Y,N,0,124,0
Z376,30,,0,,0,,N,F,N,N,9,60,0
M8327,08,8J,0,,0,,N,B,Y,N,16,124,0
F633,19,19H,0,,0,,N,B,Y,N,0,124,0
M8325,08,8J,0,,0,,N,B,Y,N,16,124,0
M4806,08,8H,0,,0,,N,B,Y,N,16,124,0
M8323,08,8J,0,,0,,N,B,Y,N,16,124,0
K0480,03,3H,0,,0,,N,B,Y,Y,0,124,28
M8321,08,8J,0,,0,,N,B,Y,N,16,124,0
Z828,23,23D,0,,0,,N,B,Y,N,0,124,0
M2598,08,8L,0,,0,,N,B,Y,N,0,124,0
M8633,08,8D,0,,0,,N,B,Y,N,0,124,0
M2380,08,8Q,0,,0,,N,B,Y,N,0,124,0
M8317,08,8J,0,,0,,N,B,Y,N,31,124,0
L024,09,9G,0,,0,,N,B,Y,N,0,124,0
M9488,08,8R,0,,0,,N,B,Y,N,0,124,0
Q900,19,19K,0,,0,,N,B,Y,N,0,124,0
Z581,23,23D,0,,0,,N,B,Y,N,0,124,0
M8306,08,8J,0,,0,,N,F,Y,N,9,60,0
Z222,23,23D,0,,0,,N,B,Y,N,0,124,0
M8309,08,8J,0,,0,,N,F,Y,N,9,60,0
A849,01,1K,0,,0,,N,B,Y,N,0,124,0
M7097,08,8M,0,,0,,N,B,Y,N,0,124,0
K0088,03,3H,0,,0,,N,B,Y,Y,0,124,28
M8304,08,8J,0,,0,,N,F,Y,N,9,60,0
T914,30,,0,,0,,N,B,N,N,0,124,0
J00,03,3D,0,,0,,N,B,Y,N,0,124,0
M8301,08,8J,0,,0,,N,F,Y,N,9,60,0
N910,13,13F,0,,0,,N,F,Y,N,9,60,0
M860,08,8D,0,,0,,N,B,Y,N,0,124,0
R291,01,1U,0,,0,,N,B,Y,N,0,124,0
C048,03,3A,0,,0,,N,B,Y,N,0,124,0
T922,30,,0,,0,,N,B,N,N,0,124,0
Q875,15,,0,,0,,N,B,Y,N,0,124,0
T230,22,22C,0,,0,,N,B,Y,N,0,124,0
M8282,08,8J,0,,0,,N,B,N,N,0,124,0
Q349,04,4Q,0,,0,,N,B,Y,N,0,124,0
T758,21,21E,0,,0,,N,B,Y,N,0,124,0
M828,08,8J,0,,0,,N,B,N,N,0,124,0
E898,10,10E,0,,0,,N,B,Y,N,0,124,0
M6092,08,8L,0,,0,,N,B,Y,N,0,124,0
Q374,03,3H,0,,0,,N,B,Y,N,0,124,0
Z875,30,,0,,0,,N,F,N,N,0,124,0
M8214,08,8J,0,,0,,N,B,N,N,0,124,0
K0738,03,3H,0,,0,,N,B,Y,Y,0,124,28
M8210,08,8J,0,,0,,N,B,N,N,0,124,0
C318,03,3A,0,,0,,N,B,Y,N,0,124,0
T029,21,21A,0,,0,,0,B,Y,N,0,124,0
R260,01,1U,0,,0,,N,B,Y,N,0,124,0
A041,06,6G,0,,0,,N,B,Y,N,0,124,0
M8205,08,8J,0,,0,,N,B,N,N,0,124,0
M8312,08,8J,0,,0,,N,B,Y,N,31,124,0
Z741,23,23D,0,,0,,N,B,Y,N,0,124,0
M9048,08,8J,0,,0,,N,B,N,N,0,124,0
R233,16,16B,0,,0,,N,B,Y,N,0,124,0
S82106,08,8Q,0,,0,,0,B,Y,N,0,124,0
T885,21,21D,0,,0,,N,B,Y,N,0,124,0
Z639,23,23D,0,,0,,N,B,Y,N,0,124,0
S42000,08,8Q,0,,0,,0,B,Y,N,0,124,0
K137,03,3H,0,,0,,N,B,Y,N,0,124,0
M0641,08,8J,0,,0,,N,B,Y,N,0,124,0
O654,14,14A,0,,0,,N,F,Y,N,9,60,0
Z8943,30,,0,,0,,N,B,N,N,0,124,0
M4817,08,8H,0,,0,,N,B,Y,N,0,124,0
S771,21,21A,0,,0,,0,B,Y,N,0,124,0
M7935,09,9C,0,,0,,N,B,Y,N,0,124,0
N856,13,13F,0,,0,,N,F,Y,N,0,124,0
O411,14,14B,0,,0,,N,F,Y,N,9,60,0
I139,05,5H,0,,0,,N,B,Y,N,1,124,0
K0622,03,3H,0,,0,,N,B,Y,Y,0,124,28
Z652,23,23D,0,,0,,N,B,Y,N,0,124,0
R502,21,21C,0,,0,,N,B,Y,N,0,124,0
D434,01,1C,0,,0,,N,B,Y,N,0,124,0
P93,15,,0,,0,,N,B,Y,N,0,0,0
L552,09,9D,0,,0,,N,B,Y,N,0,124,0
H357,02,2D,0,,0,,N,B,Y,N,0,124,0
M2367,08,8Q,0,,0,,N,B,Y,N,0,124,0
O052,14,14K,0,,0,,N,F,Y,N,9,60,0
G970,01,1U,0,,0,,N,B,Y,N,0,124,0
O430,14,14B,0,,0,,N,F,Y,N,9,60,0
T650,21,21C,0,,0,,N,B,Y,N,0,124,0
S72410,08,8A,0,,0,,8,B,Y,N,0,124,0
M6736,08,8M,0,,0,,N,B,Y,N,0,124,0
M8159,08,8J,0,,0,,N,B,Y,N,1,124,0
L45,09,9B,0,,0,,N,B,N,N,0,124,0
M0291,08,8J,0,,0,,N,B,Y,N,0,124,0
O971,30,,0,,0,,N,F,N,N,9,60,0
Z388,15,,0,,0,,N,B,Y,N,0,0,0
T427,21,21C,0,,0,,N,B,Y,N,0,124,0
M9323,08,8J,0,,0,,N,B,Y,N,0,124,0
M0769,08,8J,0,,0,,N,B,N,N,16,124,0
Z459,23,23D,0,,0,,N,B,Y,N,0,124,0
R844,23,23B,0,,0,,N,B,Y,N,0,124,0
M8784,08,8J,0,,0,,N,B,Y,N,0,124,0
M8149,08,8J,0,,0,,N,B,Y,N,0,124,0
M4946,08,8H,0,,0,,N,B,N,N,0,124,0
P809,15,,0,,0,,N,B,Y,N,0,0,0
L918,09,9D,0,,0,,N,B,Y,N,0,124,0
M9439,08,8R,0,,0,,N,B,Y,N,0,124,0
M8315,08,8J,0,,0,,N,B,Y,N,31,124,0
M8140,08,8J,0,,0,,N,B,Y,N,0,124,0
Z504,23,23A,0,,0,,N,B,Y,N,0,124,0
H524,02,2D,0,,0,,N,B,Y,N,0,124,0
S4308,08,8Q,0,,0,,0,B,Y,N,0,124,0
N759,13,13D,0,,0,,N,F,Y,N,0,124,0
P100,15,,0,,0,,N,B,Y,N,0,0,0
M8132,08,8J,0,,0,,N,B,Y,N,0,124,0
P529,15,,0,,0,,N,B,Y,N,0,0,0
M8055,08,8E,0,,0,,N,B,Y,N,1,124,0
M813,08,8J,0,,0,,N,B,Y,N,0,124,0
M8129,08,8J,0,,0,,N,B,Y,N,0,124,0
S833,08,8Q,0,,0,,0,B,Y,N,0,124,0
M9943,30,,0,,0,,N,B,N,N,0,124,0
Q428,06,6J,0,,0,,N,B,Y,N,0,124,0
M0208,08,8J,0,,0,,N,B,Y,N,0,124,0
M7286,08,8M,0,,0,,N,B,Y,N,0,124,0
M0599,08,8F,0,,0,,N,B,Y,N,16,124,0
K1021,03,3H,0,,0,,N,B,Y,N,0,124,0
H451,02,2A,0,,0,,N,B,N,N,0,124,0
K1373,03,3H,0,,0,,N,B,Y,N,0,124,0
M8126,08,8J,0,,0,,N,B,Y,N,0,124,0
A211,18,18H,0,,0,,N,B,Y,N,0,124,0
A082,06,6G,0,,0,,N,B,Y,N,0,124,0
F448,19,19F,0,,0,,N,B,Y,N,0,124,0
P134,15,,0,,0,,N,B,Y,N,0,0,0
M7926,01,1J,0,,0,E,N,B,Y,N,0,124,0
M8962,08,8R,0,,0,,N,B,Y,N,0,124,0
M9427,08,8J,0,,0,,N,B,Y,N,0,124,0
M2480,08,8R,0,,0,,N,B,Y,N,0,124,0
N907,13,13F,0,,0,,N,F,Y,N,0,124,0
R779,23,23B,0,,0,,N,B,Y,N,0,124,0
R64,23,23B,0,,0,E,N,B,Y,N,0,124,0
M4795,08,8H,0,,0,,N,B,Y,N,0,124,0
S080,21,21A,0,,0,,0,B,Y,N,0,124,0
T098,21,21A,0,,0,,0,B,Y,N,0,124,0
N428,12,12E,0,,0,,N,M,Y,N,1,124,0
L043,16,16C,0,,0,E,N,B,Y,N,0,124,0
S879,21,21A,0,,0,,0,B,Y,N,0,124,0
M4801,08,8H,0,,0,,N,B,Y,N,16,124,0
M8009,08,8E,0,,0,,N,F,Y,N,31,124,0
O664,14,14A,0,,0,,N,F,Y,N,9,60,0
M4014,08,8H,0,,0,,N,B,Y,N,0,124,0
I7011,11,11K,0,,0,,N,B,Y,N,1,124,0
O329,14,14B,0,,0,,N,F,Y,N,9,60,0
P543,15,,0,,0,,N,B,Y,N,0,0,0
M2506,08,8J,0,,0,,N,B,Y,N,0,124,0
S62110,08,8P,0,,0,,0,B,Y,N,0,124,0
M4811,08,8H,0,,0,,N,B,Y,N,0,124,0
M4812,08,8H,0,,0,,N,B,Y,N,0,124,0
M6240,08,8L,0,,0,,N,B,Y,N,0,124,0
B668,18,18H,0,,0,,N,B,Y,N,0,124,0
M4816,08,8H,0,,0,,N,B,Y,N,0,124,0
K0063,03,3H,0,,0,,N,B,Y,N,0,124,0
M495,08,8E,0,,0,,N,B,N,N,0,124,0
M482,08,8H,0,,0,,N,B,Y,N,0,124,0
M4688,08,8H,0,,0,,N,B,Y,N,0,124,0
L308,09,9D,0,,0,,N,B,Y,N,0,124,0
L042,16,16C,0,,0,E,N,B,Y,N,0,124,0
L519,09,9B,0,,0,,N,B,Y,N,0,124,0
M4824,08,8H,0,,0,,N,B,Y,N,0,124,0
E001,10,10E,0,,0,,N,B,Y,N,0,124,0
R730,10,10C,0,,0,,N,B,Y,N,0,124,0
S32612,08,8B,0,,0,,6,B,Y,N,0,124,0
M4640,08,8H,0,,0,,N,B,Y,N,0,124,0
S8201,08,8Q,0,,0,,0,B,Y,N,0,124,0
M7975,08,8L,0,,0,,N,B,Y,N,0,124,0
M4942,08,8H,0,,0,,N,B,N,N,0,124,0
M4834,08,8H,0,,0,,N,B,Y,N,0,124,0
O418,14,14B,0,,0,,N,F,Y,N,9,60,0
K224,06,6H,0,,0,,N,B,Y,N,0,124,0
M2389,08,8Q,0,,0,,N,B,Y,N,0,124,0
M4839,08,8H,0,,0,,N,B,Y,N,0,124,0
H202,02,2D,0,,0,,N,B,Y,N,0,124,0
M8199,08,8J,0,,0,,N,B,Y,N,0,124,0
M7092,08,8M,0,,0,,N,B,Y,N,0,124,0
T518,21,21C,0,,0,,N,B,Y,N,0,124,0
S440,01,1J,0,,0,,7,B,Y,N,0,124,0
M2579,08,8R,0,,0,,N,B,Y,N,0,124,0
S559,21,21A,0,,0,,0,B,Y,N,0,124,0
M4782,08,8H,0,,0,,N,B,Y,N,0,124,0
K1209,03,3H,0,,0,,N,B,Y,N,0,124,0
M4606,08,8H,0,,0,,N,B,Y,N,0,124,0
Q6749,08,8R,0,,0,,N,B,Y,N,0,124,0
S210,21,21A,0,,0,,0,B,Y,N,0,124,0
K037,03,3H,0,,0,,N,B,Y,Y,0,124,28
S921,08,8Q,0,,0,,0,B,Y,N,0,124,0
S52207,08,8P,0,,0,,0,B,Y,N,0,124,0
S333,08,8C,0,,0,,0,B,Y,N,0,124,0
L7088,09,9D,0,,0,,N,B,Y,N,0,124,0
M8789,08,8J,0,,0,,N,B,Y,N,0,124,0
H193,02,2D,0,,0,,N,B,N,N,0,124,0
M4880,08,8H,0,,0,,N,B,Y,N,0,124,0
M8998,08,8R,0,,0,,N,B,Y,N,0,124,0
M4882,08,8H,0,,0,,N,B,Y,N,0,124,0
M8913,08,8R,0,,0,,N,B,Y,N,0,19,0
S6303,08,8P,0,,0,,0,B,Y,N,0,124,0
M9424,08,8J,0,,0,,N,B,Y,N,0,124,0
Q844,09,9D,0,,0,,N,B,Y,N,0,124,0
S761,08,8C,0,,0,,0,B,Y,N,0,124,0
S52112,08,8P,0,,0,,7,B,Y,N,0,124,0
M4889,08,8H,0,,0,,N,B,Y,N,0,124,0
S82309,08,8Q,0,,0,,0,B,Y,N,0,124,0
A045,06,6G,0,,0,,N,B,Y,N,0,124,0
M4895,08,8H,0,,0,,N,B,Y,N,0,124,0
M7917,08,8L,0,,0,,N,B,Y,N,0,124,0
Q402,06,6J,0,,0,,N,B,Y,N,0,124,0
Z301,23,23D,0,,0,,N,F,Y,N,1,124,0
M4900,08,8D,0,,0,,N,B,N,N,0,124,0
K821,07,7E,0,,0,,N,B,Y,N,0,124,0
T0291,21,21A,0,,0,,0,B,Y,N,0,124,0
K051,03,3H,0,,0,,N,B,Y,Y,0,124,28
M9414,08,8R,0,,0,,N,B,Y,N,0,124,0
H221,02,2D,0,,0,,N,B,N,N,0,124,0
T366,21,21C,0,,0,,N,B,Y,N,0,124,0
T781,21,21B,0,,0,,N,B,Y,N,0,124,0
O079,14,14H,0,,0,,N,F,Y,N,9,60,0
M4910,08,8H,0,,0,,N,B,N,N,0,124,0
M4710,08,8H,0,,0,,N,B,Y,N,0,124,0
B680,06,6L,0,,0,,N,B,Y,N,0,124,0
M8794,08,8J,0,,0,,N,B,Y,N,0,124,0
M6611,08,8M,0,,0,,N,B,Y,N,0,124,0
M4915,08,8H,0,,0,,N,B,N,N,0,124,0
M4917,08,8H,0,,0,,N,B,N,N,0,124,0
S229,04,4G,0,,0,,0,B,Y,N,0,124,0
E899,10,10E,0,,0,,N,B,Y,N,0,124,0
M624,08,8L,0,,0,,N,B,Y,N,0,124,0
Q3861,03,3H,0,,0,,N,B,Y,N,0,124,0
M0085,08,8G,0,,0,,N,B,Y,N,0,124,0
S52000,08,8P,0,,0,,0,B,Y,N,0,124,0
M4925,08,8H,0,,0,,N,B,N,N,0,124,0
M1316,08,8K,0,,0,,N,B,Y,N,0,124,0
P288,15,,0,,0,,N,B,Y,N,0,0,0
M820,08,8J,0,,0,,N,B,N,N,0,124,0
M0326,08,8J,0,,0,,N,B,N,N,0,124,0
M2484,08,8R,0,,0,,N,B,Y,N,0,124,0
T337,21,21E,0,,0,,N,B,Y,N,0,124,0
T571,21,21C,0,,0,,N,B,Y,N,0,124,0
C069,03,3A,0,,0,,N,B,Y,N,0,124,0
L010,09,9G,0,,0,,N,B,Y,N,0,124,0
T444,21,21C,0,,0,,N,B,Y,N,0,124,0
S42415,08,8Q,0,,0,,7,B,Y,N,0,124,0
D091,11,11C,0,,0,,N,B,Y,N,0,124,0
L751,09,9D,0,,0,,N,B,Y,N,0,124,0
N943,13,13F,0,,0,,N,F,Y,N,1,124,0
N914,13,13F,0,,0,,N,F,Y,N,9,60,0
M2104,08,8R,0,,0,,N,B,Y,N,0,124,0
M4944,08,8H,0,,0,,N,B,N,N,0,124,0
M4945,08,8H,0,,0,,N,B,N,N,0,124,0
M4807,08,8H,0,,0,,N,B,Y,N,16,124,0
M1924,08,8J,0,,0,,N,B,Y,N,0,124,0
Z313,23,23D,0,,0,,N,B,Y,N,9,60,0
K0308,03,3H,0,,0,,N,B,Y,Y,0,124,28
S52210,08,8P,0,,0,,7,B,Y,N,0,124,0
T121,08,8Q,0,,0,,0,B,Y,N,0,124,0
Q7501,08,8R,0,,0,,N,B,Y,N,0,124,0
T355,21,21E,0,,0,,N,B,Y,N,0,124,0
B301,02,2D,0,,0,,N,B,Y,N,0,124,0
C103,03,3A,0,,0,,N,B,Y,N,0,124,0
R193,06,6J,0,,0,,N,B,Y,N,0,124,0
M4983,08,8H,0,,0,,N,B,N,N,0,124,0
M4313,08,8H,0,,0,,N,B,Y,N,0,124,0
M4986,08,8H,0,,0,,N,B,N,N,0,124,0
G232,01,1D,0,,0,,N,B,Y,N,0,124,0
A698,18,18H,0,,0,,N,B,Y,N,0,124,0
N422,12,12E,0,,0,,N,M,Y,N,1,124,0
K0513,03,3H,0,,0,,N,B,Y,Y,0,124,28
H044,02,2D,0,,0,,N,B,Y,N,0,124,0
K0919,03,3H,0,,0,,N,B,Y,N,0,124,0
T145,21,21A,0,,0,,0,B,Y,N,0,124,0
M511,08,8H,0,,0,,N,B,Y,N,0,124,0
S52710,08,8Q,0,,0,,7,B,Y,N,0,124,0
Q939,19,19K,0,,0,,N,B,Y,N,0,124,0
M2592,08,8L,0,,0,,N,B,Y,N,0,124,0
K0704,03,3H,0,,0,,N,B,Y,N,0,124,0
E348,10,10E,0,,0,,N,B,Y,N,0,124,0
M4043,08,8H,0,,0,,N,B,Y,N,0,124,0
M5302,01,1J,0,,0,,N,B,Y,N,0,124,0
P520,15,,0,,0,,N,B,Y,N,0,0,0
M5309,01,1J,0,,0,,N,B,Y,N,0,124,0
M6596,08,8M,0,,0,,N,B,Y,N,0,124,0
A267,18,18H,0,,0,,N,B,Y,N,0,124,0
C313,03,3A,0,,0,,N,B,Y,N,0,124,0
Q309,03,3G,0,,0,,N,B,Y,N,0,124,0
H259,02,2D,0,,0,,N,B,Y,N,31,124,0
C629,12,12A,0,,0,,N,M,Y,N,0,124,0
T138,21,21A,0,,0,,0,B,Y,N,0,124,0
M8021,08,8E,0,,0,,N,B,Y,N,0,124,0
J988,04,4Q,0,,0,,N,B,Y,N,0,124,0
M5323,08,8H,0,,0,,N,B,Y,N,0,124,0
M5325,08,8H,0,,0,,N,B,Y,N,0,124,0
S800,09,9H,0,,0,,0,B,Y,N,0,124,0
M0367,08,8J,0,,0,,N,B,N,N,0,124,0
P150,15,,0,,0,,N,B,Y,N,0,0,0
K0984,03,3H,0,,0,,N,B,Y,N,0,124,0
A064,07,7D,0,,0,,N,B,Y,N,0,124,0
Z650,23,23D,0,,0,,N,B,Y,N,0,124,0
F910,19,19J,0,,0,,N,B,Y,N,0,124,0
S3210,08,8H,0,,0,,6,B,Y,N,0,124,0
H190,02,2D,0,,0,,N,B,N,N,0,124,0
R769,16,16C,0,,0,,N,B,Y,N,0,124,0
M4132,08,8H,0,,0,,N,B,Y,N,0,124,0
D720,16,16C,0,,0,,N,B,Y,N,0,124,0
M539,08,8H,0,,0,,N,B,Y,N,0,124,0
Z488,23,23D,0,,0,,N,B,Y,N,0,124,0
T905,30,,0,,0,,N,B,N,N,0,124,0
M5393,08,8H,0,,0,,N,B,Y,N,0,124,0
M5394,08,8H,0,,0,,N,B,Y,N,0,124,0
M6799,08,8M,0,,0,,N,B,Y,N,0,124,0
H628,03,3G,0,,0,,N,B,N,N,0,124,0
Z491,11,11B,0,,0,,N,B,Y,N,0,124,0
M0130,08,8G,0,,0,,N,B,N,N,0,124,0
F658,19,19H,0,,0,,N,B,Y,N,0,124,0
M5400,09,9C,0,,0,,N,B,Y,N,0,124,0
K0735,03,3H,0,,0,,N,B,Y,Y,0,124,28
M5402,09,9C,0,,0,,N,B,Y,N,0,124,0
Z903,23,23D,0,,0,,N,B,Y,N,0,124,0
Z411,09,9D,0,,0,,N,B,Y,N,0,124,0
K0027,03,3H,0,,0,,N,B,Y,Y,0,124,28
L279,09,9D,0,,0,,N,B,Y,N,0,124,0
M5407,09,9C,0,,0,,N,B,Y,N,0,124,0
M5408,09,9C,0,,0,,N,B,Y,N,0,124,0
T873,08,8R,0,,0,,N,B,Y,N,0,124,0
N143,11,11H,0,,0,,N,B,Y,N,0,124,0
E505,02,2D,0,,0,E,N,B,Y,N,0,124,0
M0289,08,8J,0,,0,,N,B,Y,N,0,124,0
F604,19,19H,0,,0,,N,B,Y,N,0,124,0
M5413,01,1J,0,,0,E,N,B,Y,N,0,124,0
E063,10,10E,0,,0,,N,B,Y,N,0,124,0
M5415,08,8H,0,,0,E,N,B,Y,N,0,124,0
D420,01,1C,0,,0,,N,B,Y,N,0,124,0
K257,06,6D,0,,0,,N,B,Y,N,0,124,0
H749,03,3G,0,,0,,N,B,Y,N,0,124,0
E512,01,1D,0,,0,E,N,B,Y,N,0,124,0
D152,04,4M,0,,0,,N,B,Y,N,0,124,0
N884,13,13F,0,,0,,N,F,Y,N,0,124,0
M8984,08,8R,0,,0,,N,B,Y,N,0,124,0
M1909,08,8J,0,,0,,N,B,Y,N,0,124,0
L131,09,9C,0,,0,,N,B,Y,N,0,124,0
M5437,08,8H,0,,0,,N,B,Y,N,0,124,0
H189,02,2D,0,,0,,N,B,Y,N,0,124,0
D0338,09,9C,0,,0,,N,B,Y,N,0,124,0
Q914,19,19K,0,,0,,N,B,Y,N,0,124,0
Q562,13,13F,0,,0,,N,B,Y,N,0,124,0
M8991,08,8R,0,,0,,N,B,Y,N,0,124,0
Z724,23,23D,0,,0,,N,B,Y,N,0,124,0
F1000,20,20A,0,,0,,N,B,Y,N,0,124,0
M8395,08,8J,0,,0,,N,B,Y,N,16,124,0
P542,15,,0,,0,,N,B,Y,N,0,0,0
M5450,08,8H,0,,0,,N,B,Y,N,0,124,0
H471,01,1U,0,,0,,N,B,Y,N,0,124,0
Q102,02,2D,0,,0,,N,B,Y,N,0,124,0
M0119,08,8G,0,,0,D,N,B,N,N,0,124,0
E753,10,10D,0,,0,,N,B,Y,N,0,124,0
M546,08,8H,0,,0,,N,B,Y,N,0,124,0
R073,05,5Q,0,,0,,N,B,Y,N,0,124,0
M5464,08,8H,0,,0,,N,B,Y,N,0,124,0
M6020,08,8M,0,,0,,N,B,Y,N,0,124,0
M7922,01,1J,0,,0,E,N,B,Y,N,0,124,0
Q186,03,3H,0,,0,,N,B,Y,N,0,124,0
L658,09,9D,0,,0,,N,B,Y,N,0,124,0
M0923,08,8J,0,,0,,N,B,N,N,0,124,0
T590,21,21C,0,,0,,N,B,Y,N,0,124,0
J65,04,4P,0,,0,,N,B,Y,N,1,124,0
M4355,08,8H,0,,0,,N,B,Y,N,0,124,0
M9387,08,8J,0,,0,,N,B,Y,N,0,124,0
T038,08,8R,0,,0,,0,B,Y,N,0,124,0
M4039,08,8H,0,,0,,N,B,Y,N,0,124,0
M6749,08,8M,0,,0,,N,B,Y,N,0,124,0
K769,07,7D,0,,0,,N,B,Y,N,0,124,0
M0700,08,8F,0,,0,,N,B,N,N,16,124,0
M5490,08,8H,0,,0,,N,B,Y,N,0,124,0
O262,14,14B,0,,0,,N,F,Y,N,9,60,0
M5492,08,8H,0,,0,,N,B,Y,N,0,124,0
S82313,08,8Q,0,,0,,8,B,Y,N,0,124,0
B518,18,18C,0,,0,,N,B,Y,N,0,124,0
M7383,08,8M,0,,0,,N,B,N,N,0,124,0
L234,09,9D,0,,0,,N,B,Y,N,0,124,0
S821,08,8Q,0,,0,,0,B,Y,N,0,124,0
M5499,08,8H,0,,0,,N,B,Y,N,0,124,0
Q913,19,19K,0,,0,,N,B,Y,N,0,124,0
Q528,13,13F,0,,0,,N,F,Y,N,0,124,0
B575,18,18H,0,,0,,N,B,Y,N,0,124,0
Q642,11,11H,0,,0,,N,B,Y,N,0,124,0
H802,03,3G,0,,0,,N,B,Y,N,0,124,0
M4153,08,8H,0,,0,,N,B,Y,N,0,124,0
M9386,08,8J,0,,0,,N,B,Y,N,0,124,0
D381,04,4M,0,,0,,N,B,Y,N,0,124,0
F454,19,19D,0,,0,,N,B,Y,N,0,124,0
M601,08,8M,0,,0,,N,B,Y,N,0,124,0
M6011,08,8M,0,,0,,N,B,Y,N,0,124,0
Q288,05,5F,0,,0,,N,B,Y,N,0,124,0
T420,21,21C,0,,0,,N,B,Y,N,0,124,0
M9985,30,,0,,0,,N,B,N,N,0,124,0
H354,02,2D,0,,0,,N,B,Y,N,0,124,0
L732,09,9C,0,,0,,N,B,Y,N,0,124,0
G521,01,1J,0,,0,,N,B,Y,N,0,124,0
Q846,09,9D,0,,0,,N,B,Y,N,0,124,0
Q540,12,12E,0,,0,,N,M,Y,N,0,124,0
T150,02,2C,0,,0,,N,B,Y,N,0,124,0
M8215,08,8J,0,,0,,N,B,N,N,0,124,0
O645,14,14A,0,,0,,N,F,Y,N,9,60,0
K915,07,7E,0,,0,,N,B,Y,N,0,124,0
O969,30,,0,,0,,N,F,N,N,9,60,0
T952,30,,0,,0,,N,B,N,N,0,124,0
C632,12,12A,0,,0,,N,M,Y,N,0,124,0
M6029,08,8M,0,,0,,N,B,Y,N,0,124,0
M608,08,8L,0,,0,,N,B,Y,N,0,124,0
D151,05,5R,0,,0,,N,B,Y,N,0,124,0
P95,30,,0,,0,,N,B,N,N,0,0,0
M1259,08,8J,0,,0,,N,B,Y,N,0,124,0
M6087,08,8L,0,,0,,N,B,Y,N,0,124,0
T329,22,22A,0,,0,,N,B,Y,N,0,124,0
B711,06,6L,0,,0,,N,B,Y,N,0,124,0
F1223,20,20F,0,,0,,N,B,Y,N,0,124,0
M363,08,8J,0,,0,,N,B,N,N,0,124,0
S42301,08,8Q,0,,0,,0,B,Y,N,0,124,0
H108,02,2D,0,,0,,N,B,Y,N,0,124,0
M7101,08,8M,0,,0,,N,B,Y,N,0,124,0
S4302,08,8Q,0,,0,,0,B,Y,N,0,124,0
F730,19,19K,0,,0,,N,B,Y,N,0,124,0
Q6741,08,8R,0,,0,,N,B,Y,N,0,124,0
I220,05,5A,0,,0,,N,B,Y,N,1,124,0
K070,03,3H,0,,0,,N,B,Y,N,0,124,0
M8388,08,8J,0,,0,,N,B,Y,N,16,124,0
M0322,08,8J,0,,0,,N,B,N,N,0,124,0
S5083,09,9H,0,,0,,0,B,Y,N,0,124,0
M6146,08,8M,0,,0,,N,B,Y,N,0,124,0
Q438,06,6J,0,,0,,N,B,Y,N,0,124,0
F781,19,19K,0,,0,,N,B,Y,N,0,124,0
M1246,08,8J,0,,0,,N,B,Y,N,0,124,0
E139,10,10F,0,,0,,N,B,Y,N,0,124,0
M6209,08,8M,0,,0,,N,B,Y,N,0,124,0
M6111,08,8M,0,,0,,N,B,Y,N,0,124,0
Z629,23,23D,0,,0,,N,B,Y,N,0,124,0
Z519,30,,0,,0,,N,B,N,N,0,124,0
L941,09,9D,0,,0,,N,B,Y,N,0,124,0
D1019,03,3H,0,,0,,N,B,Y,N,0,124,0
H801,03,3G,0,,0,,N,B,Y,N,0,124,0
Z580,23,23D,0,,0,,N,B,Y,N,0,124,0
M4886,08,8H,0,,0,,N,B,Y,N,0,124,0
M612,08,8M,0,,0,,N,B,Y,N,0,124,0
Z601,23,23D,0,,0,,N,B,Y,N,0,124,0
Q619,11,11H,0,,0,,N,B,Y,N,0,124,0
E504,02,2D,0,,0,E,N,B,Y,N,0,124,0
N057,11,11K,0,,0,E,N,B,Y,N,0,124,0
M6503,08,8M,0,,0,,N,B,Y,N,0,124,0
K0751,03,3H,0,,0,,N,B,Y,Y,0,124,28
B8310,01,1K,0,,0,,N,B,Y,N,0,124,0
Z544,23,23D,0,,0,,N,B,Y,N,0,124,0
F611,19,19H,0,,0,,N,B,Y,N,0,124,0
E503,02,2D,0,,0,E,N,B,Y,N,0,124,0
C499,08,8E,0,,0,,N,B,Y,N,0,124,0
O211,14,14B,0,,0,,N,F,Y,N,9,60,0
M6132,08,8M,0,,0,,N,B,Y,N,0,124,0
M6133,08,8M,0,,0,,N,B,Y,N,0,124,0
M4891,08,8H,0,,0,,N,B,Y,N,0,124,0
M6135,08,8M,0,,0,,N,B,Y,N,0,124,0
T171,03,3F,0,,0,,N,B,Y,N,0,124,0
M4646,08,8H,0,,0,,N,B,Y,N,0,124,0
Z902,04,4Q,0,,0,,N,B,Y,N,0,124,0
N96,13,13F,0,,0,,N,F,Y,N,9,60,0
F429,19,19G,0,,0,,N,B,Y,N,0,124,0
N279,11,11H,0,,0,,N,B,Y,N,0,124,0
N291,11,11D,0,,0,,N,B,N,N,0,124,0
P070,15,,0,,0,,N,B,Y,N,0,0,0
M2496,08,8R,0,,0,,N,B,Y,N,0,124,0
M6798,08,8M,0,,0,,N,B,Y,N,0,124,0
M7948,09,9C,0,,0,,N,B,Y,N,0,124,0
M615,08,8M,0,,0,,N,B,Y,N,0,124,0
F1774,20,20B,0,,0,,N,B,Y,N,0,124,0
S030,03,3H,0,,0,,0,B,Y,N,0,124,0
T446,21,21C,0,,0,,N,B,Y,N,0,124,0
K580,06,6H,0,,0,,N,B,Y,N,0,124,0
M4143,08,8H,0,,0,,N,B,Y,N,0,124,0
N056,11,11H,0,,0,E,N,B,Y,N,0,124,0
M7152,08,8M,0,,0,,N,B,Y,N,0,124,0
M8907,08,8R,0,,0,,N,B,Y,N,0,124,0
K006,03,3H,0,,0,,N,B,Y,N,0,124,0
M0649,08,8J,0,,0,,N,B,Y,N,0,124,0
Z224,23,23D,0,,0,,N,B,Y,N,0,124,0
Z922,30,,0,,0,,N,B,N,N,0,124,0
M7251,08,8M,0,,0,,N,B,Y,N,0,124,0
K141,03,3H,0,,0,,N,B,Y,N,0,124,0
M1240,08,8J,0,,0,,N,B,Y,N,0,124,0
O979,30,,0,,0,,N,F,N,N,9,60,0
M6197,08,8M,0,,0,,N,B,Y,N,0,124,0
F798,19,19K,0,,0,,N,B,Y,N,0,124,0
O351,14,14B,0,,0,,N,F,Y,N,9,60,0
M929,08,8J,0,,0,,N,B,Y,N,0,124,0
N879,13,13F,0,,0,,N,F,Y,N,0,124,0
B081,09,9D,0,,0,,N,B,Y,N,0,124,0
L510,09,9B,0,,0,,N,B,Y,N,0,124,0
Q868,15,,0,,0,,N,B,Y,N,0,124,0
M8339,08,8J,0,,0,,N,B,Y,N,16,124,0
M6206,08,8M,0,,0,,N,B,Y,N,0,124,0
B09,18,18F,0,,0,,N,B,Y,N,0,124,0
H541,02,2D,0,,0,E,N,B,Y,N,0,124,0
Q923,23,23D,0,,0,,N,B,Y,N,0,124,0
Q771,08,8R,0,,0,,N,B,Y,N,0,124,0
M4324,08,8H,0,,0,,N,B,Y,N,0,124,0
S468,08,8Q,0,,0,,0,B,Y,N,0,124,0
Q774,08,8R,0,,0,,N,B,Y,N,0,124,0
R837,23,23B,0,,0,,N,B,Y,N,0,124,0
H477,01,1U,0,,0,,N,B,Y,N,0,124,0
Q618,11,11H,0,,0,,N,B,Y,N,0,124,0
T458,21,21C,0,,0,,N,B,Y,N,0,124,0
A820,01,1K,0,,0,,N,B,Y,N,0,124,0
M7283,08,8M,0,,0,,N,B,Y,N,0,124,0
H212,02,2D,0,,0,,N,B,Y,N,0,124,0
Q184,03,3H,0,,0,,N,B,Y,N,0,124,0
M8532,08,8J,0,,0,,N,B,Y,N,0,124,0
M364,08,8J,0,,0,,N,B,N,N,0,124,0
M259,08,8L,0,,0,,N,B,Y,N,0,124,0
N138,11,11H,0,,0,,N,B,Y,N,0,124,0
Q544,12,12E,0,,0,,N,M,Y,N,0,124,0
M5449,08,8H,0,,0,,N,B,Y,N,0,124,0
M6233,08,8M,0,,0,,N,B,Y,N,0,124,0
M6235,08,8M,0,,0,,N,B,Y,N,0,124,0
M1249,08,8J,0,,0,,N,B,Y,N,0,124,0
L7080,09,9D,0,,0,,N,B,Y,N,0,124,0
P283,15,,0,,0,,N,B,Y,N,0,0,0
M6243,08,8L,0,,0,,N,B,Y,N,0,124,0
H902,03,3G,0,,0,,N,B,Y,N,0,124,0
G958,01,1U,0,,0,,N,B,Y,N,0,124,0
S82210,08,8Q,0,,0,,8,B,Y,N,0,124,0
T319,22,22A,0,,0,,N,B,Y,N,0,124,0
S055,02,2D,0,,0,,0,B,Y,N,0,124,0
R781,23,23B,0,,0,,N,B,Y,N,0,124,0
M6251,08,8M,0,,0,,N,B,Y,N,0,124,0
Q245,05,5J,0,,0,,N,B,Y,N,0,124,0
M6256,08,8M,0,,0,,N,B,Y,N,0,124,0
F653,19,19H,0,,0,,N,B,Y,N,0,124,0
E754,01,1D,0,,0,,N,B,Y,N,0,124,0
M148,08,8J,0,,0,,N,B,N,N,0,124,0
Z988,30,,0,,0,,N,B,N,N,0,124,0
M6261,08,8M,0,,0,,N,B,Y,N,0,124,0
M7245,08,8M,0,,0,,N,B,Y,N,0,124,0
G998,01,1H,0,,0,,N,B,N,N,0,124,0
T356,21,21E,0,,0,,N,B,Y,N,0,124,0
M9082,08,8J,0,,0,,N,B,N,N,0,124,0
M6267,08,8M,0,,0,,N,B,Y,N,0,124,0
T378,21,21C,0,,0,,N,B,Y,N,0,124,0
Z843,23,23D,0,,0,,N,B,Y,N,0,124,0
M2320,08,8Q,0,,0,,N,B,Y,N,0,124,0
S420,08,8Q,0,,0,,0,B,Y,N,0,124,0
M002,08,8G,0,,0,,N,B,Y,N,0,124,0
M7944,09,9C,0,,0,,N,B,Y,N,0,124,0
N500,12,12E,0,,0,,N,M,Y,N,0,124,0
M7149,08,8M,0,,0,,N,B,Y,N,0,124,0
Z424,09,9D,0,,0,,N,B,Y,N,0,124,0
Q272,05,5F,0,,0,,N,B,Y,N,0,124,0
H269,02,2D,0,,0,,N,B,Y,N,0,124,0
H061,02,2D,0,,0,,N,B,N,N,0,124,0
E500,02,2D,0,,0,E,N,B,Y,N,0,124,0
H328,02,2D,0,,0,E,N,B,N,N,0,124,0
S625,08,8P,0,,0,,0,B,Y,N,0,124,0
M0682,08,8F,0,,0,,N,B,Y,N,16,124,0
C679,11,11C,0,,0,,N,B,Y,N,0,124,0
Z125,23,23D,0,,0,,N,M,Y,N,0,124,0
C4102,08,8E,0,,0,,N,B,Y,N,0,124,0
M6299,08,8M,0,,0,,N,B,Y,N,0,124,0
Q970,13,13F,0,,0,,N,B,Y,N,0,124,0
O752,14,14A,0,,0,,N,F,Y,N,9,60,0
M9038,08,8J,0,,0,,N,B,N,N,0,124,0
Q682,08,8R,0,,0,,N,B,Y,N,0,124,0
G532,01,1J,0,,0,,N,B,N,N,0,124,0
M4293,08,8J,0,,0,,N,B,Y,N,0,124,0
M8133,08,8J,0,,0,,N,B,Y,N,0,124,0
L8180,09,9D,0,,0,,N,B,Y,N,0,124,0
C0211,03,3A,0,,0,,N,B,Y,N,0,124,0
L509,09,9D,0,,0,,N,B,Y,N,0,124,0
M5456,08,8H,0,,0,,N,B,Y,N,0,124,0
M4649,08,8H,0,,0,,N,B,Y,N,0,124,0
M7126,08,8M,0,,0,,N,B,Y,N,0,124,0
S8081,09,9H,0,,0,,0,B,Y,N,0,124,0
M0214,08,8J,0,,0,,N,B,Y,N,0,124,0
M0132,08,8G,0,,0,,N,B,N,N,0,124,0
F790,19,19K,0,,0,,N,B,Y,N,0,124,0
Q359,03,3H,0,,0,,N,B,Y,N,0,124,0
N732,13,13E,0,,0,,N,F,Y,N,0,124,0
O815,14,14A,0,,0,,N,F,Y,N,9,60,0
Z558,23,23D,0,,0,,N,B,Y,N,0,124,0
A920,18,18F,0,,0,,N,B,Y,N,0,124,0
S853,21,21A,0,,0,,0,B,Y,N,0,124,0
K0300,03,3H,0,,0,,N,B,Y,Y,0,124,28
T480,21,21C,0,,0,,N,B,Y,N,0,124,0
T024,21,21A,0,,0,,0,B,Y,N,0,124,0
E507,02,2D,0,,0,E,N,B,Y,N,0,124,0
Q078,01,1U,0,,0,,N,B,Y,N,0,124,0
E301,10,10E,0,,0,,N,B,Y,N,0,10,0
Q441,07,7D,0,,0,,N,B,Y,N,0,124,0
Z952,30,,0,,0,,N,B,N,N,0,124,0
F654,19,19H,0,,0,,N,B,Y,N,0,124,0
G328,01,1D,0,,0,,N,B,N,N,1,124,0
K0001,03,3H,0,,0,,N,B,Y,N,1,124,0
O031,14,14H,0,,0,,N,F,Y,N,9,60,0
L440,09,9B,0,,0,,N,B,Y,N,0,124,0
Z900,01,1U,0,,0,,N,B,Y,N,0,124,0
L950,09,9C,0,,0,,N,B,Y,N,0,124,0
M8162,08,8J,0,,0,,N,B,Y,N,0,124,0
G508,01,1J,0,,0,,N,B,Y,N,0,124,0
B980,30,,0,,0,,N,B,N,N,0,124,0
D740,16,16A,0,,0,,N,B,Y,N,0,124,0
M162,08,8J,0,,0,,N,B,Y,N,0,124,0
M6650,08,8M,0,,0,,N,B,Y,N,0,124,0
E700,10,10D,0,,0,,N,B,Y,N,0,124,0
Q320,03,3G,0,,0,,N,B,Y,N,0,124,0
L650,09,9D,0,,0,,N,B,Y,N,0,124,0
Q431,06,6J,0,,0,,N,B,Y,N,0,124,0
Z8921,30,,0,,0,,N,B,N,N,0,124,0
B373,13,13D,0,,0,,N,F,Y,N,0,124,0
M6514,08,8M,0,,0,,N,B,Y,N,0,124,0
Z964,30,,0,,0,,N,B,N,N,0,124,0
B07,09,9D,0,,0,,N,B,Y,N,0,124,0
S02517,03,3H,0,,0,,0,B,Y,N,0,124,0
M0608,08,8F,0,,0,,N,B,Y,N,16,124,0
M652,08,8M,0,,0,,N,B,Y,N,0,124,0
R860,23,23B,0,,0,,N,M,Y,N,0,124,0
M9018,08,8D,0,,0,,N,B,N,N,0,124,0
A033,06,6G,0,,0,,N,B,Y,N,0,124,0
D1651,03,3H,0,,0,,N,B,Y,N,0,124,0
L601,09,9D,0,,0,,N,B,Y,N,0,124,0
M7730,08,8R,0,,0,,N,B,Y,N,0,124,0
M6527,08,8M,0,,0,,N,B,Y,N,0,124,0
M7987,08,8L,0,,0,,N,B,Y,N,0,124,0
M5388,08,8H,0,,0,,N,B,Y,N,0,124,0
M653,08,8M,0,,0,,N,B,Y,N,0,124,0
M6539,08,8M,0,,0,,N,B,Y,N,0,124,0
F1731,20,20B,0,,0,,N,B,Y,N,0,124,0
Z242,23,23D,0,,0,,N,B,Y,N,0,124,0
M6096,08,8L,0,,0,,N,B,Y,N,0,124,0
N059,11,11H,0,,0,E,N,B,Y,N,0,124,0
D1807,05,5R,0,,0,,N,B,Y,N,0,124,0
M6580,08,8M,0,,0,,N,B,Y,N,0,124,0
M6581,08,8M,0,,0,,N,B,Y,N,0,124,0
I728,05,5F,0,,0,,N,B,Y,N,0,124,0
K0010,03,3H,0,,0,,N,B,Y,Y,0,124,28
Z516,23,23D,0,,0,,N,B,Y,N,0,124,0
T010,21,21A,0,,0,,0,B,Y,N,0,124,0
M8952,08,8R,0,,0,,N,B,Y,N,0,124,0
M6587,08,8M,0,,0,,N,B,Y,N,0,124,0
M6588,08,8M,0,,0,,N,B,Y,N,0,124,0
M771,08,8M,0,,0,,N,B,Y,N,0,124,0
N085,11,11H,0,,0,,N,B,N,N,0,124,0
C0614,03,3A,0,,0,,N,B,Y,N,0,124,0
M8987,08,8R,0,,0,,N,B,Y,N,0,124,0
A067,09,9C,0,,0,,N,B,Y,N,0,124,0
O754,14,14A,0,,0,,N,F,Y,N,9,60,0
M6595,08,8M,0,,0,,N,B,Y,N,0,124,0
S527,08,8Q,0,,0,,0,B,Y,N,0,124,0
M6740,08,8M,0,,0,,N,B,Y,N,0,124,0
M2544,08,8R,0,,0,,N,B,Y,N,0,124,0
T539,21,21C,0,,0,,N,B,Y,N,0,124,0
K380,06,6J,0,,0,,N,B,Y,N,0,124,0
R859,23,23B,0,,0,,N,B,Y,N,0,124,0
M8551,08,8J,0,,0,,N,B,Y,N,0,124,0
M6609,08,8M,0,,0,,N,B,Y,N,0,124,0
O057,14,14K,0,,0,,N,F,Y,N,9,60,0
M9911,30,,0,,0,,N,B,N,N,0,124,0
M1203,08,8J,0,,0,,N,B,Y,N,0,124,0
N765,13,13D,0,,0,,N,F,Y,N,0,124,0
M2422,08,8M,0,,0,,N,B,Y,N,0,124,0
M715,08,8M,0,,0,,N,B,Y,N,0,124,0
Q558,12,12E,0,,0,,N,M,Y,N,0,124,0
K0619,03,3H,0,,0,,N,B,Y,Y,0,124,28
G518,01,1J,0,,0,,N,B,Y,N,0,124,0
S5290,08,8P,0,,0,,0,B,Y,N,0,124,0
S6231,08,8P,0,,0,,0,B,Y,N,0,124,0
F3200,19,19C,0,,0,,N,B,Y,N,0,124,0
T212,22,22C,0,,0,,N,B,Y,N,0,124,0
Z038,23,23D,0,,0,,N,B,Y,N,0,124,0
Q725,08,8R,0,,0,,N,B,Y,N,0,124,0
M8904,08,8R,0,,0,,N,B,Y,N,0,124,0
M611,08,8M,0,,0,,N,B,Y,N,0,124,0
S52101,08,8P,0,,0,,0,B,Y,N,0,124,0
M6631,08,8M,0,,0,,N,B,Y,N,0,124,0
S42102,08,8Q,0,,0,,0,B,Y,N,0,124,0
M6633,08,8M,0,,0,,N,B,Y,N,0,124,0
Z364,14,14E,0,,0,,N,F,Y,N,9,60,0
Z040,23,23D,0,,0,,N,B,Y,N,0,124,0
M6636,08,8M,0,,0,,N,B,Y,N,0,124,0
M6637,08,8M,0,,0,,N,B,Y,N,0,124,0
M6638,08,8M,0,,0,,N,B,Y,N,0,124,0
T542,21,21C,0,,0,,N,B,Y,N,0,124,0
M4814,08,8H,0,,0,,N,B,Y,N,0,124,0
C442,09,9B,0,,0,C,N,B,Y,N,0,124,0
M8909,08,8R,0,,0,,N,B,Y,N,0,124,0
M6516,08,8M,0,,0,,N,B,Y,N,0,124,0
B942,18,18H,0,,0,,N,B,Y,Y,0,124,28
K0115,03,3H,0,,0,,N,B,Y,Y,0,124,28
M0914,08,8J,0,,0,,N,B,N,N,0,124,0
M6629,08,8M,0,,0,,N,B,Y,N,0,124,0
Q860,15,,0,,0,,N,B,Y,N,0,0,0
M6295,08,8M,0,,0,,N,B,Y,N,0,124,0
Q437,06,6J,0,,0,,N,B,Y,N,0,124,0
K828,07,7E,0,,0,,N,B,Y,N,0,124,0
S52319,08,8P,0,,0,,7,B,Y,N,0,124,0
M6656,08,8M,0,,0,,N,B,Y,N,0,124,0
A840,01,1K,0,,0,,N,B,Y,N,0,124,0
H100,02,2D,0,,0,,N,B,Y,N,0,124,0
M7096,08,8M,0,,0,,N,B,Y,N,0,124,0
M8515,08,8R,0,,0,,N,B,Y,N,0,124,0
M6711,08,8M,0,,0,,N,B,Y,N,0,124,0
M153,08,8J,0,,0,,N,B,Y,N,16,124,0
M6724,08,8M,0,,0,,N,B,Y,N,0,124,0
D339,01,1C,0,,0,,N,B,Y,N,0,124,0
E129,10,10F,0,,0,,N,B,Y,N,0,124,0
M2127,08,8R,0,,0,,N,B,Y,N,0,124,0
M672,08,8M,0,,0,,N,B,Y,N,0,124,0
A922,01,1K,0,,0,,N,B,Y,N,0,124,0
B54,18,18C,0,,0,,N,B,Y,N,0,124,0
M4352,08,8H,0,,0,,N,B,Y,N,0,124,0
L139,09,9B,0,,0,,N,B,Y,N,0,124,0
M0639,08,8F,0,,0,,N,B,Y,N,0,124,0
Q8928,10,10E,0,,0,,N,B,Y,N,0,124,0
M6728,08,8M,0,,0,,N,B,Y,N,0,124,0
C574,13,13C,0,,0,,N,F,Y,N,0,124,0
E214,10,10E,0,,0,,N,B,Y,N,0,124,0
L023,09,9G,0,,0,,N,B,Y,N,0,124,0
M6731,08,8M,0,,0,,N,B,Y,N,0,124,0
S542,01,1J,0,,0,,7,B,Y,N,0,124,0
M6735,08,8M,0,,0,,N,B,Y,N,0,124,0
M6583,08,8M,0,,0,,N,B,Y,N,0,124,0
K108,03,3H,0,,0,,N,B,Y,N,0,124,0
M674,08,8M,0,,0,,N,B,Y,N,0,124,0
P569,15,,0,,0,,N,B,Y,N,0,0,0
K1182,03,3G,0,,0,,N,B,Y,N,0,124,0
M0216,08,8J,0,,0,,N,B,Y,N,0,124,0
S598,21,21A,0,,0,,0,B,Y,N,0,124,0
S957,21,21A,0,,0,,0,B,Y,N,0,124,0
D550,16,16A,0,,0,,N,B,Y,N,0,124,0
M942,08,8J,0,,0,,N,B,Y,N,0,124,0
O920,14,14C,0,,0,,N,F,Y,N,9,60,0
Z237,23,23D,0,,0,,N,B,Y,N,0,124,0
M6782,08,8M,0,,0,,N,B,Y,N,0,124,0
D140,03,3G,0,,0,,N,B,Y,N,0,124,0
M6784,08,8M,0,,0,,N,B,Y,N,0,124,0
D141,03,3G,0,,0,,N,B,Y,N,0,124,0
M0217,08,8J,0,,0,,N,B,Y,N,0,124,0
D039,09,9C,0,,0,,N,B,Y,N,0,124,0
M6788,08,8M,0,,0,,N,B,Y,N,0,124,0
K515,06,6E,0,,0,,N,B,Y,N,0,124,0
M213,01,1J,0,,0,,N,B,Y,N,0,124,0
P027,15,,0,,0,,N,B,Y,N,0,0,0
M6796,08,8M,0,,0,,N,B,Y,N,0,124,0
M6797,08,8M,0,,0,,N,B,Y,N,0,124,0
K0058,03,3H,0,,0,,N,B,Y,Y,0,124,28
M8993,08,8R,0,,0,,N,B,Y,N,0,124,0
K1008,03,3H,0,,0,,N,B,Y,N,0,124,0
Q902,19,19K,0,,0,,N,B,Y,N,0,124,0
E168,10,10E,0,,0,,N,B,Y,N,0,124,0
M6805,08,8M,0,,0,,N,B,N,N,0,124,0
E073,10,10E,0,,0,,N,B,Y,N,0,124,0
F1524,20,20E,0,,0,,N,B,Y,N,0,124,0
M6880,08,8M,0,,0,,N,B,N,N,0,124,0
M8708,08,8J,0,,0,,N,B,Y,N,0,124,0
M240,08,8R,0,,0,,N,B,Y,N,0,124,0
L512,09,9B,0,,0,,N,B,Y,N,0,124,0
T402,21,21C,0,,0,,N,B,Y,N,0,124,0
M959,08,8R,0,,0,,N,B,Y,N,0,124,0
R461,19,19L,0,,0,,N,B,Y,N,0,124,0
D337,01,1C,0,,0,,N,B,Y,N,0,124,0
M7000,08,8M,0,,0,,N,B,Y,N,0,124,0
R932,07,7E,0,,0,,N,B,Y,N,0,124,0
M7009,08,8M,0,,0,,N,B,Y,N,0,124,0
D225,09,9D,0,,0,,N,B,Y,N,0,124,0
M620,08,8M,0,,0,,N,B,Y,N,0,124,0
M7014,08,8M,0,,0,,N,B,Y,N,0,124,0
N763,13,13D,0,,0,,N,F,Y,N,0,124,0
M4399,08,8H,0,,0,,N,B,Y,N,0,124,0
M7022,08,8M,0,,0,,N,B,Y,N,0,124,0
F512,19,19F,0,,0,,N,B,Y,N,0,124,0
M703,08,8M,0,,0,,N,B,Y,N,0,124,0
K253,06,6D,0,,0,,N,B,Y,N,0,124,0
R828,11,11F,0,,0,,N,B,Y,N,0,124,0
D588,16,16A,0,,0,,N,B,Y,N,0,124,0
S82119,08,8Q,0,,0,,8,B,Y,N,0,124,0
E771,10,10D,0,,0,,N,B,Y,N,0,124,0
C020,03,3A,0,,0,,N,B,Y,N,0,124,0
F428,19,19G,0,,0,,N,B,Y,N,0,124,0
B692,09,9D,0,,0,,N,B,Y,N,0,124,0
M7056,08,8M,0,,0,,N,B,Y,N,0,124,0
B671,04,4C,0,,0,,N,B,Y,N,0,124,0
M6730,08,8M,0,,0,,N,B,Y,N,0,124,0
M7749,08,8M,0,,0,,N,B,Y,N,0,124,0
G451,01,1G,0,,0,,N,B,Y,N,0,124,0
M840,08,8R,0,,0,,N,B,Y,N,0,124,0
M5488,08,8H,0,,0,,N,B,Y,N,0,124,0
L681,09,9D,0,,0,,N,B,Y,N,0,124,0
M8721,08,8J,0,,0,,N,B,Y,N,0,124,0
M6151,08,8M,0,,0,,N,B,Y,N,0,124,0
R196,30,,0,,0,,N,B,N,N,0,124,0
O681,14,14A,0,,0,,N,F,Y,N,9,60,0
B250,04,4C,0,,0,D,N,B,Y,N,0,124,0
K0111,03,3H,0,,0,,N,B,Y,Y,0,124,28
M7986,08,8L,0,,0,,N,B,Y,N,0,124,0
M9982,30,,0,,0,,N,B,N,N,0,124,0
M7087,08,8M,0,,0,,N,B,Y,N,0,124,0
L300,09,9D,0,,0,,N,B,Y,N,0,124,0
B484,18,18G,0,,0,,N,B,Y,N,0,124,0
M8350,08,8J,0,,0,E,N,B,Y,N,16,124,0
M7281,08,8M,0,,0,,N,B,Y,N,0,124,0
T481,21,21C,0,,0,,N,B,Y,N,0,124,0
Q434,06,6J,0,,0,,N,B,Y,N,0,124,0
M7094,08,8M,0,,0,,N,B,Y,N,0,124,0
S315,13,13F,0,,0,,0,B,Y,N,0,124,0
G028,01,1K,0,,0,,N,B,N,N,0,124,0
F430,19,19E,0,,0,,N,B,Y,N,0,124,0
M7099,08,8M,0,,0,,N,B,Y,N,0,124,0
S52209,08,8P,0,,0,,0,B,Y,N,0,124,0
T900,30,,0,,0,,N,B,N,N,0,124,0
G219,01,1D,0,,0,,N,B,Y,N,0,124,0
M7102,08,8M,0,,0,,N,B,Y,N,0,124,0
T277,04,4Q,0,,0,,N,B,Y,N,0,124,0
O046,14,14H,0,,0,,N,F,Y,N,9,60,0
M7106,08,8M,0,,0,,N,B,Y,N,0,124,0
M8023,08,8E,0,,0,,N,B,Y,N,0,124,0
Z028,30,,0,,0,,N,B,N,N,0,124,0
G442,01,1Q,0,,0,,N,B,Y,N,0,124,0
P525,15,,0,,0,,N,B,Y,N,0,0,0
P293,15,,0,,0,,N,B,Y,N,0,0,0
O053,14,14H,0,,0,,N,F,Y,N,9,60,0
H580,01,1D,0,,0,,N,B,N,N,0,124,0
P502,15,,0,,0,,N,B,Y,N,0,0,0
Q986,12,12E,0,,0,,N,B,Y,N,0,124,0
M7115,08,8M,0,,0,,N,B,Y,N,0,124,0
N894,13,13F,0,,0,,N,F,Y,N,0,124,0
B271,18,18F,0,,0,,N,B,Y,N,0,124,0
M8660,08,8D,0,,0,,N,B,Y,N,0,124,0
M8505,08,8J,0,,0,,N,B,Y,N,0,124,0
L540,09,9D,0,,0,,N,B,N,N,0,124,0
E744,10,10D,0,,0,,N,B,Y,N,0,124,0
T293,22,22B,0,,0,,N,B,Y,N,0,124,0
M6126,08,8M,0,,0,,N,B,Y,N,0,124,0
K1028,03,3H,0,,0,,N,B,Y,N,0,124,0
G992,01,1U,0,,0,,N,B,N,N,0,124,0
M9035,08,8J,0,,0,,N,B,N,N,0,124,0
M1021,08,8J,0,,0,,N,B,Y,N,0,124,0
E531,10,10C,0,,0,E,N,B,Y,N,0,124,0
Q403,06,6J,0,,0,,N,B,Y,N,0,124,0
Z897,30,,0,,0,,N,B,N,N,0,124,0
F519,19,19F,0,,0,,N,B,Y,N,0,124,0
S197,21,21A,0,,0,,0,B,Y,N,0,124,0
M7154,08,8M,0,,0,,N,B,Y,N,0,124,0
P219,15,,0,,0,,N,B,Y,N,0,0,0
M7156,08,8M,0,,0,,N,B,Y,N,0,124,0
P250,15,,0,,0,,N,B,Y,N,0,0,0
Z637,23,23D,0,,0,,N,B,Y,N,0,124,0
M4829,08,8H,0,,0,,N,B,Y,N,0,124,0
M658,08,8M,0,,0,,N,B,Y,N,0,124,0
N906,13,13F,0,,0,,N,F,Y,N,0,124,0
K0628,03,3H,0,,0,,N,B,Y,Y,0,124,28
H810,03,3B,0,,0,,N,B,Y,N,0,124,0
M6204,08,8M,0,,0,,N,B,Y,N,0,124,0
M6543,08,8M,0,,0,,N,B,Y,N,0,124,0
T478,21,21C,0,,0,,N,B,Y,N,0,124,0
T270,04,4Q,0,,0,,N,B,Y,N,0,124,0
A540,13,13D,0,,0,,N,B,Y,N,0,124,0
M484,08,8E,0,,0,,N,B,Y,N,0,124,0
G541,01,1J,0,,0,,N,B,Y,N,0,124,0
M0310,08,8J,0,,0,,N,B,N,N,0,124,0
M8797,08,8J,0,,0,,N,B,Y,N,0,124,0
M7197,08,8M,0,,0,,N,B,Y,N,0,124,0
B909,04,4P,0,,0,,N,B,Y,N,1,124,0
Z382,15,,0,,0,,N,B,Y,N,0,0,0
F799,19,19K,0,,0,,N,B,Y,N,0,124,0
I251,05,5G,0,,0,,N,B,Y,N,1,124,0
M721,08,8M,0,,0,,N,B,Y,N,0,124,0
C447,09,9B,0,,0,C,N,B,Y,N,0,124,0
F900,19,19J,0,,0,,N,B,Y,N,0,124,0
H908,03,3G,0,,0,,N,B,Y,N,0,124,0
H187,02,2D,0,,0,,N,B,Y,N,0,124,0
S920,08,8Q,0,,0,,0,B,Y,N,0,124,0
M4805,08,8H,0,,0,,N,B,Y,N,16,124,0
L059,09,9G,0,,0,,N,B,Y,N,0,124,0
C419,08,8E,0,,0,,N,B,Y,N,0,124,0
M7231,08,8M,0,,0,,N,B,Y,N,0,124,0
Z918,30,,0,,0,,N,B,N,N,0,124,0
Q8920,10,10E,0,,0,,N,B,Y,N,0,124,0
B744,18,18H,0,,0,,N,B,Y,N,0,124,0
T433,21,21C,0,,0,,N,B,Y,N,0,124,0
N603,09,9F,0,,0,,N,B,Y,N,0,124,0
T634,21,21C,0,,0,,N,B,Y,N,0,124,0
F528,19,19M,0,,0,,N,B,Y,N,0,124,0
F912,19,19J,0,,0,,N,B,Y,N,0,124,0
C0613,03,3A,0,,0,,N,B,Y,N,0,124,0
M1102,08,8J,0,,0,,N,B,Y,N,0,124,0
G838,01,1U,0,,0,,N,B,Y,N,0,124,0
Q440,07,7D,0,,0,,N,B,Y,N,0,124,0
M8089,08,8E,0,,0,,N,B,Y,N,0,124,0
S3631,06,6J,0,,0,,3,B,Y,N,0,124,0
M7246,08,8M,0,,0,,N,B,Y,N,0,124,0
T902,30,,0,,0,,N,B,N,N,0,124,0
Z302,12,12D,0,,0,,N,B,Y,N,1,124,0
M2315,08,8Q,0,,0,,N,B,Y,N,0,124,0
M7685,08,8M,0,,0,,N,B,Y,N,0,124,0
M4319,08,8H,0,,0,,N,B,Y,N,0,124,0
S42417,08,8Q,0,,0,,7,B,Y,N,0,124,0
M1037,08,8J,0,,0,,N,B,Y,N,0,124,0
S02514,03,3H,0,,0,,0,B,Y,N,0,124,0
G26,01,1D,0,,0,,N,B,N,N,1,124,0
M7256,08,8M,0,,0,,N,B,Y,N,0,124,0
Z833,23,23D,0,,0,,N,B,Y,N,0,124,0
I950,05,5R,0,,0,,N,B,Y,N,0,124,0
Z363,14,14E,0,,0,,N,F,Y,N,9,60,0
M7260,08,8M,0,,0,,N,B,Y,N,0,124,0
D380,03,3A,0,,0,,N,B,Y,N,0,124,0
G530,01,1J,0,,0,,N,B,N,N,0,124,0
M7029,08,8M,0,,0,,N,B,Y,N,0,124,0
J321,03,3D,0,,0,,N,B,Y,N,0,124,0
I775,05,5F,0,,0,,N,B,Y,N,0,124,0
M0596,08,8F,0,,0,,N,B,Y,N,16,124,0
J683,04,4Q,0,,0,,N,B,Y,N,0,124,0
M2527,08,8R,0,,0,,N,B,Y,N,0,124,0
C0611,03,3A,0,,0,,N,B,Y,N,0,124,0
M7280,08,8M,0,,0,,N,B,Y,N,0,124,0
M2578,08,8R,0,,0,,N,B,Y,N,0,124,0
Z572,23,23D,0,,0,,N,B,Y,N,0,124,0
O320,14,14B,0,,0,,N,F,Y,N,9,60,0
R511,01,1Q,0,,0,,N,B,Y,N,0,124,0
M7287,08,8M,0,,0,,N,B,Y,N,0,124,0
E569,10,10C,0,,0,E,N,B,Y,N,0,124,0
Q7500,08,8R,0,,0,,N,B,Y,N,0,124,0
S3660,06,6J,0,,0,,3,B,Y,N,0,124,0
Z520,23,23D,0,,0,,N,B,Y,N,0,124,0
Z029,30,,0,,0,,N,B,N,N,0,124,0
M7294,08,8M,0,,0,,N,B,Y,N,0,124,0
M6886,08,8M,0,,0,,N,B,N,N,0,124,0
M1027,08,8J,0,,0,,N,B,Y,N,0,124,0
M7757,08,8M,0,,0,,N,B,Y,N,0,124,0
T591,21,21C,0,,0,,N,B,Y,N,0,124,0
M6785,08,8M,0,,0,,N,B,Y,N,0,124,0
M6635,08,8M,0,,0,,N,B,Y,N,0,124,0
O669,14,14A,0,,0,,N,F,Y,N,9,60,0
M7185,08,8M,0,,0,,N,B,Y,N,0,124,0
M7995,08,8L,0,,0,,N,B,Y,N,0,124,0
N991,11,11G,0,,0,,N,B,Y,N,0,124,0
R008,05,5R,0,,0,,N,B,Y,N,0,124,0
P131,15,,0,,0,,N,B,Y,N,0,0,0
M7308,08,8G,0,,0,,N,B,N,N,0,124,0
D231,02,2D,0,,0,,N,B,Y,N,0,124,0
T541,21,21C,0,,0,,N,B,Y,N,0,124,0
T000,09,9H,0,,0,,0,B,Y,N,0,124,0
M0765,08,8J,0,,0,,N,B,N,N,16,124,0
O368,14,14B,0,,0,,N,F,Y,N,9,60,0
Z733,23,23D,0,,0,,N,B,Y,N,0,124,0
M7315,08,8M,0,,0,,N,B,N,N,0,124,0
M8883,08,8J,0,,0,,N,B,Y,N,0,124,0
M7317,08,8M,0,,0,,N,B,N,N,0,124,0
O054,14,14H,0,,0,,N,F,Y,N,9,60,0
F4321,19,19E,0,,0,,N,B,Y,N,0,124,0
E300,10,10E,0,,0,,N,B,Y,N,0,124,0
M4653,08,8H,0,,0,,N,B,Y,N,0,124,0
H912,03,3G,0,,0,,N,B,Y,N,0,124,0
M7382,08,8M,0,,0,,N,B,N,N,0,124,0
K1185,03,3G,0,,0,,N,B,Y,N,0,124,0
M7384,08,8M,0,,0,,N,B,N,N,0,124,0
M082,08,8F,0,,0,,N,B,Y,N,0,124,0
R872,23,23B,0,,0,,N,F,Y,N,0,124,0
M7387,08,8M,0,,0,,N,B,N,N,0,124,0
S42009,08,8Q,0,,0,,0,B,Y,N,0,124,0
Z380,15,,0,,0,,N,B,Y,N,0,0,0
G10,01,1D,0,,0,,N,B,Y,N,0,124,0
H534,02,2B,0,,0,,N,B,Y,N,0,124,0
Q702,08,8R,0,,0,,N,B,Y,N,0,124,0
A370,04,4L,0,,0,,N,B,Y,N,0,124,0
M0224,08,8J,0,,0,,N,B,Y,N,0,124,0
Z103,23,23D,0,,0,,N,B,Y,N,0,124,0
J019,03,3D,0,,0,,N,B,Y,N,0,124,0
A841,01,1K,0,,0,,N,B,Y,N,0,124,0
M0144,08,8J,0,,0,,N,B,N,N,0,124,0
B941,01,1U,0,,0,,N,B,Y,Y,0,124,28
S9250,08,8P,0,,0,,0,B,Y,N,0,124,0
Q439,06,6J,0,,0,,N,B,Y,N,0,124,0
P546,15,,0,,0,,N,F,Y,N,0,0,0
M7619,08,8M,0,,0,,N,B,Y,N,0,124,0
M4790,08,8H,0,,0,,N,B,Y,N,0,124,0
Z087,23,23C,0,,0,,N,B,Y,N,0,124,0
M7625,08,8M,0,,0,,N,B,Y,N,0,124,0
D119,03,3G,0,,0,,N,B,Y,N,0,124,0
M7635,08,8M,0,,0,,N,B,Y,N,0,124,0
F381,19,19C,0,,0,,N,B,Y,N,0,124,0
R936,08,8R,0,,0,,N,B,Y,N,0,124,0
S82103,08,8Q,0,,0,,0,B,Y,N,0,124,0
A449,18,18H,0,,0,,N,B,Y,N,0,124,0
R827,11,11F,0,,0,,N,B,Y,N,0,124,0
K099,03,3H,0,,0,,N,B,Y,N,0,124,0
K0718,03,3H,0,,0,,N,B,Y,N,0,124,0
M8097,08,8E,0,,0,,N,B,Y,N,0,124,0
R749,23,23B,0,,0,,N,B,Y,N,0,124,0
M7660,08,8M,0,,0,,N,B,Y,N,0,124,0
Z961,30,,0,,0,,N,B,N,N,0,124,0
M7669,08,8M,0,,0,,N,B,Y,N,0,124,0
M1107,08,8J,0,,0,,N,B,Y,N,0,124,0
K035,03,3H,0,,0,,N,B,Y,Y,0,124,28
M0814,08,8F,0,,0,,N,B,Y,N,0,124,0
T639,21,21C,0,,0,,N,B,Y,N,0,124,0
S62119,08,8P,0,,0,,0,B,Y,N,0,124,0
C411,08,8E,0,,0,,N,B,Y,N,0,124,0
M7689,08,8M,0,,0,,N,B,Y,N,0,124,0
M0120,08,8G,0,,0,,N,B,N,N,0,124,0
G444,01,1Q,0,,0,,N,B,Y,N,0,124,0
M7696,08,8M,0,,0,,N,B,Y,N,0,124,0
S899,21,21A,0,,0,,0,B,Y,N,0,124,0
L511,09,9B,0,,0,,N,B,Y,N,0,124,0
M7700,08,8M,0,,0,,N,B,Y,N,0,124,0
P151,15,,0,,0,,N,B,Y,N,0,0,0
T524,21,21C,0,,0,,N,B,Y,N,0,124,0
M7188,08,8M,0,,0,,N,B,Y,N,0,124,0
I7001,05,5F,0,,0,,N,B,Y,N,1,124,0
M7712,08,8M,0,,0,,N,B,Y,N,0,124,0
T982,30,,0,,0,,N,B,N,N,0,124,0
M9960,30,,0,,0,,N,B,N,N,0,124,0
S6311,08,8P,0,,0,,0,B,Y,N,0,124,0
E502,02,2D,0,,0,E,N,B,Y,N,0,124,0
M8559,08,8J,0,,0,,N,B,Y,N,0,124,0
M6717,08,8M,0,,0,,N,B,Y,N,0,124,0
Z859,30,,0,,0,,N,B,N,N,0,124,0
N999,11,11H,0,,0,,N,B,Y,N,0,124,0
M4645,08,8H,0,,0,,N,B,Y,N,0,124,0
B820,06,6L,0,,0,,N,B,Y,N,0,124,0
M8942,08,8J,0,,0,,N,B,Y,N,0,124,0
M7740,08,8M,0,,0,,N,B,Y,N,0,124,0
S72414,08,8A,0,,0,,8,B,Y,N,0,124,0
M2118,08,8R,0,,0,,N,B,Y,N,0,124,0
Q181,03,3G,0,,0,,N,B,Y,N,0,124,0
M1034,08,8J,0,,0,,N,B,Y,N,0,124,0
L52,09,9C,0,,0,,N,B,Y,N,0,124,0
R55,05,5P,0,,0,,N,B,Y,N,0,124,0
M7781,08,8M,0,,0,,N,B,Y,N,0,124,0
K603,06,6J,0,,0,,N,B,Y,N,0,124,0
Z616,23,23D,0,,0,,N,B,Y,N,0,124,0
E65,10,10C,0,,0,,N,B,Y,N,0,124,0
H490,02,2B,0,,0,,N,B,Y,N,0,124,0
K1371,03,3H,0,,0,,N,B,Y,N,0,124,0
J989,04,4Q,0,,0,,N,B,Y,N,0,124,0
D553,16,16A,0,,0,,N,B,Y,N,0,124,0
D333,01,1C,0,,0,,N,B,Y,N,0,124,0
S42414,08,8Q,0,,0,,7,B,Y,N,0,124,0
M660,08,8M,0,,0,,N,B,Y,N,0,124,0
M7792,08,8M,0,,0,,N,B,Y,N,0,124,0
M4702,01,1U,0,,0,,N,B,Y,N,0,124,0
G360,01,1E,0,,0,,N,B,Y,N,0,124,0
C443,09,9B,0,,0,C,N,B,Y,N,0,124,0
M7797,08,8M,0,,0,,N,B,Y,N,0,124,0
M790,08,8L,0,,0,,N,B,Y,N,0,124,0
A810,01,1D,0,,0,,N,B,Y,N,0,124,0
M2482,08,8R,0,,0,,N,B,Y,N,0,124,0
M9410,08,8R,0,,0,,N,B,Y,N,0,124,0
M8928,08,8R,0,,0,,N,B,Y,N,0,19,0
I151,05,5H,0,,0,,N,B,Y,N,0,124,0
T436,21,21C,0,,0,,N,B,Y,N,0,124,0
M791,08,8L,0,,0,,N,B,Y,N,0,124,0
B658,18,18H,0,,0,,N,B,Y,N,0,124,0
M0647,08,8J,0,,0,,N,B,Y,N,0,124,0
M1222,08,8J,0,,0,,N,B,Y,N,0,124,0
A209,18,18H,0,,0,,N,B,Y,N,0,124,0
C449,09,9B,0,,0,C,N,B,Y,N,0,124,0
M7918,08,8L,0,,0,,N,B,Y,N,0,124,0
Q764,08,8H,0,,0,,N,B,Y,N,0,124,0
M792,01,1J,0,,0,E,N,B,Y,N,0,124,0
I863,13,13F,0,,0,,N,F,Y,N,0,124,0
E031,10,10E,0,,0,,N,B,Y,N,0,124,0
R031,05,5R,0,,0,,N,B,Y,N,0,124,0
L232,09,9D,0,,0,,N,B,Y,N,0,124,0
Q420,06,6J,0,,0,,N,B,Y,N,0,124,0
M8052,08,8E,0,,0,,N,B,Y,N,1,124,0
K1081,03,3H,0,,0,,N,B,Y,N,0,124,0
J041,04,4K,0,,0,,N,B,Y,N,0,124,0
G936,01,1M,0,,0,,N,B,Y,N,0,124,0
M954,08,8R,0,,0,,N,B,Y,N,0,124,0
D440,10,10E,0,,0,,N,B,Y,N,0,124,0
M159,08,8J,0,,0,,N,B,Y,N,16,124,0
M1391,08,8K,0,,0,E,N,B,Y,N,0,124,0
K0116,03,3H,0,,0,,N,B,Y,Y,0,124,28
M6658,08,8M,0,,0,,N,B,Y,N,0,124,0
T254,22,22C,0,,0,,N,B,Y,N,0,124,0
Q503,13,13F,0,,0,,N,F,Y,N,0,124,0
M1302,08,8K,0,,0,,N,B,Y,N,0,124,0
G500,01,1J,0,,0,,N,B,Y,N,0,124,0
M8787,08,8J,0,,0,,N,B,Y,N,0,124,0
K0380,03,3H,0,,0,,N,B,Y,Y,0,124,28
I789,05,5F,0,,0,,N,B,Y,N,0,124,0
M9139,08,8J,0,,0,,N,B,Y,N,0,124,0
M4658,08,8H,0,,0,,N,B,Y,N,0,124,0
M8881,08,8J,0,,0,,N,B,Y,N,0,124,0
M770,08,8M,0,,0,,N,B,Y,N,0,124,0
S934,08,8Q,0,,0,,0,B,Y,N,0,124,0
Q916,19,19K,0,,0,,N,B,Y,N,0,124,0
M4149,08,8H,0,,0,,N,B,Y,N,0,124,0
M7949,09,9D,0,,0,,N,B,Y,N,0,124,0
M5494,08,8H,0,,0,,N,B,Y,N,0,124,0
T918,30,,0,,0,,N,B,N,N,0,124,0
M7953,08,8R,0,,0,,N,B,Y,N,0,124,0
F931,19,19J,0,,0,,N,B,Y,N,0,124,0
M098,08,8J,0,,0,,N,B,N,N,0,124,0
S367,06,6J,0,,0,,3,B,Y,N,0,124,0
M7958,08,8R,0,,0,,N,B,Y,N,0,124,0
N303,11,11D,0,,0,,N,B,Y,N,0,124,0
S958,21,21A,0,,0,,0,B,Y,N,0,124,0
M7214,08,8M,0,,0,,N,B,Y,N,0,124,0
M430,08,8H,0,,0,,N,B,Y,N,0,124,0
M7962,08,8L,0,,0,,N,B,Y,N,0,124,0
M410,08,8H,0,,0,,N,B,Y,N,0,124,0
Z718,23,23D,0,,0,,N,B,Y,N,0,124,0
G538,01,1J,0,,0,,N,B,N,N,0,124,0
M7296,08,8M,0,,0,,N,B,Y,N,0,124,0
M1006,08,8J,0,,0,,N,B,Y,N,0,124,0
M6097,08,8L,0,,0,,N,B,Y,N,0,124,0
Q603,11,11H,0,,0,,N,B,Y,N,0,124,0
J330,03,3G,0,,0,,N,B,Y,N,0,124,0
M659,08,8M,0,,0,,N,B,Y,N,0,124,0
S626,08,8P,0,,0,,0,B,Y,N,0,124,0
M2463,08,8J,0,,0,,N,B,Y,N,0,124,0
S9221,08,8P,0,,0,,0,B,Y,N,0,124,0
B967,30,,0,,0,,N,B,N,N,0,124,0
M7978,08,8L,0,,0,,N,B,Y,N,0,124,0
T348,21,21E,0,,0,,N,B,Y,N,0,124,0
M7019,08,8M,0,,0,,N,B,Y,N,0,124,0
I980,05,5R,0,,0,,N,B,N,N,0,124,0
M8887,08,8J,0,,0,,N,B,Y,N,0,124,0
M1036,08,8J,0,,0,,N,B,Y,N,0,124,0
N643,09,9F,0,,0,,N,B,Y,N,0,124,0
M8986,08,8R,0,,0,,N,B,Y,N,0,124,0
F0280,19,19K,0,,0,,N,B,N,N,0,124,0
L988,09,9D,0,,0,,N,B,Y,N,0,124,0
D210,08,8R,0,,0,,N,B,Y,N,0,124,0
M4002,08,8H,0,,0,,N,B,Y,N,0,124,0
Z540,23,23D,0,,0,,N,B,Y,N,0,124,0
G470,19,19F,0,,0,,N,B,Y,N,0,124,0
T439,21,21C,0,,0,,N,B,Y,N,0,124,0
K0323,03,3H,0,,0,,N,B,Y,Y,0,124,28
M1114,08,8J,0,,0,,N,B,Y,N,0,124,0
M7996,08,8L,0,,0,,N,B,Y,N,0,124,0
D023,04,4M,0,,0,,N,B,Y,N,0,124,0
H420,02,2D,0,,0,,N,B,N,Y,0,124,28
M542,08,8H,0,,0,,N,B,Y,N,0,124,0
T221,22,22C,0,,0,,N,B,Y,N,0,124,0
M8001,08,8E,0,,0,,N,F,Y,N,31,124,0
M8734,08,8J,0,,0,,N,B,Y,N,0,124,0
N301,11,11D,0,,0,,N,B,Y,N,0,124,0
K148,03,3H,0,,0,,N,B,Y,N,0,124,0
M8005,08,8E,0,,0,,N,F,Y,N,31,124,0
F39,19,19C,0,,0,,N,B,Y,N,0,124,0
P583,15,,0,,0,,N,B,Y,N,0,0,0
O983,14,14B,0,,0,,N,F,Y,N,9,60,0
Z271,23,23D,0,,0,,N,B,Y,N,0,124,0
M8124,08,8J,0,,0,,N,B,Y,N,0,124,0
R92,09,9F,0,,0,,N,B,Y,N,0,124,0
R296,01,1U,0,,0,,N,B,Y,N,0,124,0
M8014,08,8E,0,,0,,N,F,Y,N,1,124,0
M8015,08,8E,0,,0,,N,F,Y,N,1,124,0
K508,06,6E,0,,0,,N,B,Y,N,0,124,0
M7710,08,8M,0,,0,,N,B,Y,N,0,124,0
M8018,08,8E,0,,0,,N,F,Y,N,1,124,0
K031,03,3H,0,,0,,N,B,Y,Y,0,124,28
M2446,08,8Q,0,,0,,N,B,Y,N,0,124,0
M8022,08,8E,0,,0,,N,B,Y,N,0,124,0
S5200,08,8P,0,,0,,0,B,Y,N,0,124,0
M8024,08,8E,0,,0,,N,B,Y,N,0,124,0
M8025,08,8E,0,,0,,N,B,Y,N,0,124,0
I772,05,5F,0,,0,,N,B,Y,N,0,124,0
K834,07,7E,0,,0,,N,B,Y,N,0,124,0
M013,08,8G,0,,0,,N,B,N,N,0,124,0
O650,14,14A,0,,0,,N,F,Y,N,9,60,0
S950,21,21A,0,,0,,0,B,Y,N,0,124,0
Q323,03,3G,0,,0,,N,B,Y,N,0,124,0
M8033,08,8E,0,,0,,N,B,Y,N,0,124,0
R521,23,23B,0,,0,,N,B,Y,N,0,124,0
M8799,08,8J,0,,0,,N,B,Y,N,0,124,0
M8037,08,8E,0,,0,,N,B,Y,N,0,124,0
C673,11,11C,0,,0,,N,B,Y,N,0,124,0
Z033,23,23D,0,,0,,N,B,Y,N,0,124,0
O628,14,14A,0,,0,,N,F,Y,N,9,60,0
M8043,08,8E,0,,0,,N,B,Y,N,0,124,0
K0712,03,3H,0,,0,,N,B,Y,N,0,124,0
M4361,08,8H,0,,0,,N,B,Y,N,0,124,0
M256,08,8L,0,,0,,N,B,Y,N,0,124,0
A609,12,12C,0,,0,D,N,B,Y,N,1,124,0
Q502,13,13F,0,,0,,N,F,Y,N,0,124,0
M8053,08,8E,0,,0,,N,B,Y,N,1,124,0
H472,02,2B,0,,0,,N,B,Y,N,0,124,0
M8785,08,8J,0,,0,,N,B,Y,N,0,124,0
M8056,08,8E,0,,0,,N,B,Y,N,1,124,0
M8057,08,8E,0,,0,,N,B,Y,N,1,124,0
M8943,08,8J,0,,0,,N,B,Y,N,0,124,0
M8059,08,8E,0,,0,,N,B,Y,N,1,124,0
S870,21,21A,0,,0,,0,B,Y,N,0,124,0
M8094,08,8E,0,,0,,N,B,Y,N,0,124,0
O912,14,14C,0,,0,,N,F,Y,N,9,60,0
M8082,08,8E,0,,0,,N,B,Y,N,0,124,0
M5397,08,8H,0,,0,,N,B,Y,N,0,124,0
S02513,03,3H,0,,0,,0,B,Y,N,0,124,0
S579,21,21A,0,,0,,0,B,Y,N,0,124,0
T0261,21,21A,0,,0,,8,B,Y,N,0,124,0
H605,03,3G,0,,0,,N,B,Y,N,0,124,0
H670,03,3D,0,,0,,N,B,N,N,0,124,0
M7932,09,9C,0,,0,,N,B,Y,N,0,124,0
S3640,06,6J,0,,0,,3,B,Y,N,0,124,0
M8093,08,8E,0,,0,,N,B,Y,N,0,124,0
C413,08,8E,0,,0,,N,B,Y,N,0,124,0
S82310,08,8Q,0,,0,,8,B,Y,N,0,124,0
M9986,30,,0,,0,,N,B,N,N,0,124,0
M8098,08,8E,0,,0,,N,B,Y,N,0,124,0
M4123,08,8H,0,,0,,N,B,Y,N,0,124,0
S0670,01,1R,0,,0,,1,B,Y,N,0,124,0
M9972,30,,0,,0,,N,B,N,N,0,124,0
M7084,08,8M,0,,0,,N,B,Y,N,0,124,0
M7059,08,8M,0,,0,,N,B,Y,N,0,124,0
M2344,08,8R,0,,0,,N,B,Y,N,0,124,0
M8105,08,8J,0,,0,,N,F,Y,N,31,124,0
M8488,08,8R,0,,0,,N,B,Y,N,0,124,0
M8217,08,8J,0,,0,,N,B,N,N,0,124,0
M4932,08,8H,0,,0,,N,B,N,N,0,124,0
Q158,02,2D,0,,0,,N,B,Y,N,0,124,0
Z413,30,,0,,0,,N,B,N,N,0,124,0
M0215,08,8J,0,,0,,N,B,Y,N,0,124,0
M8113,08,8J,0,,0,,N,F,Y,N,1,124,0
S561,08,8P,0,,0,,0,B,Y,N,0,124,0
M8115,08,8J,0,,0,,N,F,Y,N,1,124,0
N893,13,13F,0,,0,,N,F,Y,N,0,124,0
M835,08,8J,0,,0,E,N,B,Y,N,0,124,0
A981,18,18F,0,,0,,N,B,Y,N,0,124,0
H011,02,2D,0,,0,,N,B,Y,N,0,124,0
K1482,03,3H,0,,0,,N,B,Y,N,0,124,0
G573,01,1J,0,,0,,N,B,Y,N,0,124,0
M8121,08,8J,0,,0,,N,B,Y,N,0,124,0
M8122,08,8J,0,,0,,N,B,Y,N,0,124,0
S4270,08,8Q,0,,0,,0,B,Y,N,0,124,0
Q02,01,1U,0,,0,,N,B,Y,N,0,124,0
M8125,08,8J,0,,0,,N,B,Y,N,0,124,0
M6249,08,8L,0,,0,,N,B,Y,N,0,124,0
M1033,08,8J,0,,0,,N,B,Y,N,0,124,0
Q765,08,8R,0,,0,,N,B,Y,N,0,124,0
Q450,07,7C,0,,0,,N,B,Y,N,0,124,0
L503,09,9D,0,,0,,N,B,Y,N,0,124,0
Q209,05,5J,0,,0,,N,B,Y,N,0,124,0
Z438,23,23D,0,,0,,N,B,Y,N,0,124,0
Q206,05,5J,0,,0,,N,B,Y,N,0,124,0
S830,08,8Q,0,,0,,0,B,Y,N,0,124,0
O864,14,14C,0,,0,,N,F,Y,N,9,60,0
R498,03,3G,0,,0,,N,B,Y,N,0,124,0
O064,14,14H,0,,0,,N,F,Y,N,9,60,0
O041,14,14H,0,,0,,N,F,Y,N,9,60,0
M2561,08,8L,0,,0,,N,B,Y,N,0,124,0
K0482,03,3H,0,,0,,N,B,Y,Y,0,124,28
A529,18,18H,0,,0,,N,B,Y,N,16,124,0
H404,02,2D,0,,0,,N,B,Y,Y,0,124,28
Q667,08,8R,0,,0,,N,B,Y,N,0,124,0
Q183,09,9D,0,,0,,N,B,Y,N,0,124,0
Q182,03,3G,0,,0,,N,B,Y,N,0,124,0
M4025,08,8H,0,,0,,N,B,Y,N,0,124,0
Q7621,08,8H,0,,0,,N,B,Y,N,0,124,0
M7200,08,8M,0,,0,,N,B,Y,N,0,124,0
F4532,19,19D,0,,0,,N,B,Y,N,0,124,0
B569,18,18H,0,,0,,N,B,Y,N,0,124,0
Z968,30,,0,,0,,N,B,N,N,0,124,0
N948,13,13F,0,,0,,N,F,Y,N,0,124,0
D1038,03,3H,0,,0,,N,B,Y,N,0,124,0
L900,09,9D,0,,0,,N,B,Y,N,0,124,0
S233,08,8H,0,,0,,0,B,Y,N,0,124,0
H209,02,2D,0,,0,,N,B,Y,N,0,124,0
T709,21,21E,0,,0,,N,B,Y,N,0,124,0
M1238,08,8J,0,,0,,N,B,Y,N,0,124,0
T919,30,,0,,0,,N,B,N,N,0,124,0
Q159,02,2D,0,,0,,N,B,Y,N,0,124,0
A33,15,,0,,0,,N,B,Y,N,0,0,0
Q149,02,2D,0,,0,,N,B,Y,N,0,124,0
Q148,02,2D,0,,0,,N,B,Y,N,0,124,0
M7984,08,8L,0,,0,,N,B,Y,N,0,124,0
R161,16,16C,0,,0,E,N,B,Y,N,0,124,0
B344,18,18F,0,,0,,N,B,Y,N,0,124,0
H510,02,2D,0,,0,,N,B,Y,N,0,124,0
R849,23,23B,0,,0,,N,B,Y,N,0,124,0
M7254,08,8M,0,,0,,N,B,Y,N,0,124,0
J340,03,3G,0,,0,,N,B,Y,N,0,124,0
T297,22,22B,0,,0,,N,B,Y,N,0,124,0
J985,04,4Q,0,,0,,N,B,Y,N,0,124,0
O058,14,14H,0,,0,,N,F,Y,N,9,60,0
M8648,08,8D,0,,0,,N,B,Y,N,0,124,0
S568,08,8P,0,,0,,0,B,Y,N,0,124,0
Z611,23,23D,0,,0,,N,B,Y,N,0,124,0
F4580,19,19D,0,,0,,N,B,Y,N,0,124,0
M9494,08,8R,0,,0,,N,B,Y,N,0,124,0
K0531,03,3H,0,,0,,N,B,Y,Y,0,124,28
S42405,08,8Q,0,,0,,0,B,Y,N,0,124,0
S2790,04,4Q,0,,0,,0,B,Y,N,0,124,0
Q111,02,2D,0,,0,,N,B,Y,N,0,124,0
M8498,08,8R,0,,0,,N,B,Y,N,0,124,0
Q107,02,2D,0,,0,,N,B,Y,N,0,124,0
Q106,02,2D,0,,0,,N,B,Y,N,0,124,0
M5386,08,8H,0,,0,,N,B,Y,N,0,124,0
M8354,08,8J,0,,0,E,N,B,Y,N,16,124,0
M8718,08,8J,0,,0,,N,B,Y,N,0,124,0
Z043,21,21E,0,,0,,N,B,Y,N,0,124,0
M7255,08,8M,0,,0,,N,B,Y,N,0,124,0
Q915,19,19K,0,,0,,N,B,Y,N,0,124,0
S62115,08,8P,0,,0,,0,B,Y,N,0,124,0
B369,09,9D,0,,0,,N,B,Y,N,0,124,0
Q068,01,1U,0,,0,,N,B,Y,N,0,124,0
M8181,08,8J,0,,0,,N,B,Y,N,0,124,0
H059,02,2D,0,,0,,N,B,Y,N,0,124,0
A505,18,18H,0,,0,,N,B,Y,N,1,124,0
M955,08,8R,0,,0,,N,B,Y,N,0,124,0
M6888,08,8M,0,,0,,N,B,N,N,0,124,0
G450,01,1G,0,,0,,N,B,Y,N,0,124,0
M241,08,8R,0,,0,,N,B,Y,N,0,124,0
M2594,08,8L,0,,0,,N,B,Y,N,0,124,0
Z289,23,23D,0,,0,,N,B,Y,N,0,124,0
K0324,03,3H,0,,0,,N,B,Y,Y,0,124,28
M0598,08,8F,0,,0,,N,B,Y,N,16,124,0
M8183,08,8J,0,,0,,N,B,Y,N,0,124,0
S564,08,8P,0,,0,,0,B,Y,N,0,124,0
B665,07,7D,0,,0,,N,B,Y,N,0,124,0
O346,14,14B,0,,0,,N,F,Y,N,9,60,0
Z976,30,,0,,0,,N,B,N,N,0,124,0
K601,06,6J,0,,0,,N,B,Y,N,0,124,0
Q043,01,1U,0,,0,,N,B,Y,N,0,124,0
M2112,08,8R,0,,0,,N,B,Y,N,0,124,0
M5483,08,8H,0,,0,,N,B,Y,N,0,124,0
T101,08,8Q,0,,0,,0,B,Y,N,0,124,0
M0510,04,4P,0,,0,,N,B,Y,N,16,124,0
Q019,01,1U,0,,0,,N,B,Y,N,0,124,0
R848,23,23B,0,,0,,N,B,Y,N,0,124,0
Q011,01,1U,0,,0,,N,B,Y,N,0,124,0
Z098,23,23C,0,,0,,N,B,Y,N,0,124,0
A210,18,18H,0,,0,,N,B,Y,N,0,124,0
M8724,08,8J,0,,0,,N,B,Y,N,0,124,0
M9495,08,8R,0,,0,,N,B,Y,N,0,124,0
P968,15,,0,,0,,N,B,Y,N,0,0,0
M2559,08,8L,0,,0,,N,B,Y,N,0,124,0
I721,05,5F,0,,0,,N,B,Y,N,0,124,0
P962,15,,0,,0,,N,B,Y,N,0,0,0
S3220,08,8H,0,,0,,0,B,Y,N,0,124,0
F1703,20,20F,0,,0,,N,B,Y,N,0,124,0
S640,01,1J,0,,0,,7,B,Y,N,0,124,0
L729,09,9D,0,,0,,N,B,Y,N,0,124,0
F069,19,19K,0,,0,B,N,B,Y,N,0,124,0
A753,18,18H,0,,0,,N,B,Y,N,0,124,0
M9480,08,8R,0,,0,,N,B,Y,N,0,124,0
M169,08,8J,0,,0,,N,B,Y,N,0,124,0
L998,09,9D,0,,0,,N,B,N,N,0,124,0
S731,08,8C,0,,0,,0,B,Y,N,0,124,0
K1183,03,3G,0,,0,,N,B,Y,N,0,124,0
B75,18,18H,0,,0,,N,B,Y,N,0,124,0
Z914,30,,0,,0,,N,B,N,N,0,124,0
T64,21,21C,0,,0,,N,B,Y,N,0,124,0
E619,10,10C,0,,0,E,N,B,Y,N,0,124,0
M7111,08,8M,0,,0,,N,B,Y,N,0,124,0
F1921,20,20F,0,,0,,N,B,Y,N,0,124,0
J108,18,18F,0,,0,,N,B,Y,N,0,124,0
G08,01,1U,0,,0,,N,B,Y,N,0,124,0
D413,11,11C,0,,0,,N,B,Y,N,0,124,0
R453,19,19L,0,,0,,N,B,Y,N,0,124,0
P839,15,,0,,0,,N,B,Y,N,0,0,0
J353,03,3G,0,,0,,N,B,Y,N,0,124,0
M5446,08,8H,0,,0,,N,B,Y,N,0,124,0
K0901,03,3H,0,,0,,N,B,Y,N,0,124,0
S770,21,21A,0,,0,,0,B,Y,N,0,124,0
F988,19,19J,0,,0,,N,B,Y,N,0,124,0
P819,15,,0,,0,,N,B,Y,N,0,0,0
P818,15,,0,,0,,N,B,Y,N,0,0,0
M9904,30,,0,,0,,N,B,N,N,0,124,0
S279,21,21A,0,,0,,0,B,Y,N,0,124,0
F901,19,19J,0,,0,,N,B,Y,N,0,124,0
M6795,08,8M,0,,0,,N,B,Y,N,0,124,0
M8218,08,8J,0,,0,,N,B,N,N,0,124,0
T504,21,21C,0,,0,,N,B,Y,N,0,124,0
Q794,06,6J,0,,0,,N,B,Y,N,0,124,0
E118,10,10A,0,,0,,N,B,Y,N,0,124,0
K052,03,3H,0,,0,,N,B,Y,Y,0,124,28
M4208,08,8J,0,,0,,N,B,Y,N,0,124,0
L902,09,9D,0,,0,,N,B,Y,N,0,124,0
N811,13,13F,0,,0,,N,F,Y,N,1,124,0
Z8946,30,,0,,0,,N,B,N,N,0,124,0
M8336,08,8J,0,,0,,N,B,Y,N,16,124,0
S081,03,3G,0,,0,,0,B,Y,N,0,124,0
Q341,04,4Q,0,,0,,N,B,Y,N,0,124,0
M8599,08,8R,0,,0,,N,B,Y,N,0,124,0
M2413,08,8P,0,,0,,N,B,Y,N,0,124,0
B888,18,18H,0,,0,,N,B,Y,N,0,124,0
T503,21,21C,0,,0,,N,B,Y,N,0,124,0
D1803,06,6J,0,,0,,N,B,Y,N,0,124,0
P728,15,,0,,0,,N,B,Y,N,0,0,0
M8502,08,8J,0,,0,,N,B,Y,N,0,124,0
S02504,03,3H,0,,0,,0,B,Y,N,0,124,0
M543,08,8H,0,,0,,N,B,Y,N,0,124,0
K003,03,3H,0,,0,,N,B,Y,Y,0,124,28
F629,19,19H,0,,0,,N,B,Y,N,0,124,0
S02502,03,3H,0,,0,,0,B,Y,N,0,124,0
B710,06,6L,0,,0,,N,B,Y,N,0,124,0
S621,08,8P,0,,0,,0,B,Y,N,0,124,0
A219,18,18H,0,,0,,N,B,Y,N,0,124,0
A430,04,4C,0,,0,D,N,B,Y,N,0,124,0
S52200,08,8P,0,,0,,0,B,Y,N,0,124,0
P745,15,,0,,0,,N,B,Y,N,0,0,0
I701,11,11K,0,,0,,N,B,Y,N,1,124,0
K1082,03,3H,0,,0,,N,B,Y,N,0,124,0
C695,02,2E,0,,0,,N,B,Y,N,0,124,0
P611,15,,0,,0,,N,B,Y,N,0,0,0
R941,01,1U,0,,0,,N,B,Y,N,0,124,0
P599,15,,0,,0,,N,B,Y,N,0,0,0
D107,03,3G,0,,0,,N,B,Y,N,0,124,0
S8261,08,8Q,0,,0,,0,B,Y,N,0,124,0
Z8962,30,,0,,0,,N,B,N,N,0,124,0
M6623,08,8M,0,,0,,N,B,Y,N,0,124,0
Z018,30,,0,,0,,N,B,N,N,0,124,0
P585,15,,0,,0,,N,B,Y,N,0,0,0
K121,03,3H,0,,0,,N,B,Y,N,0,124,0
L720,09,9D,0,,0,,N,B,Y,N,0,124,0
F980,19,19J,0,,0,,N,B,Y,N,0,124,0
Z138,23,23D,0,,0,,N,B,Y,N,0,124,0
T367,21,21C,0,,0,,N,B,Y,N,0,124,0
N398,11,11H,0,,0,,N,B,Y,N,0,124,0
P560,15,,0,,0,,N,B,Y,N,0,0,0
B550,18,18H,0,,0,,N,B,Y,N,0,124,0
D117,03,3G,0,,0,,N,B,Y,N,0,124,0
T351,21,21E,0,,0,,N,B,Y,N,0,124,0
P545,15,,0,,0,,N,B,Y,N,0,0,0
Q409,06,6J,0,,0,,N,B,Y,N,0,124,0
Z862,30,,0,,0,,N,B,N,N,0,124,0
S7302,08,8C,0,,0,,0,B,Y,N,0,124,0
P541,15,,0,,0,,N,B,Y,N,0,0,0
P540,15,,0,,0,,N,B,Y,N,0,0,0
K000,03,3H,0,,0,,N,B,Y,N,1,124,0
S3281,08,8B,0,,0,,6,B,Y,N,0,124,0
Q984,12,12E,0,,0,,N,B,Y,N,0,124,0
N645,09,9F,0,,0,,N,B,Y,N,0,124,0
M0681,08,8F,0,,0,,N,B,Y,N,16,124,0
M0515,04,4P,0,,0,,N,B,Y,N,16,124,0
M470,01,1U,0,,0,,N,B,Y,N,0,124,0
K593,06,6J,0,,0,,N,B,Y,N,0,124,0
B159,07,7D,0,,0,,N,B,Y,N,0,124,0
D100,03,3H,0,,0,,N,B,Y,N,0,124,0
S922,08,8P,0,,0,,0,B,Y,N,0,124,0
M1927,08,8J,0,,0,,N,B,Y,N,0,124,0
O458,14,14B,0,,0,,N,F,Y,N,9,60,0
H838,03,3G,0,,0,,N,B,Y,N,0,124,0
M2352,08,8R,0,,0,,N,B,Y,N,0,124,0
A368,18,18H,0,,0,,N,B,Y,N,0,124,0
M7050,08,8M,0,,0,,N,B,Y,N,0,124,0
I259,05,5G,0,,0,,N,B,Y,N,1,124,0
S3671,06,6J,0,,0,,3,B,Y,N,0,124,0
H119,02,2D,0,,0,,N,B,Y,N,0,124,0
S840,01,1J,0,,0,,8,B,Y,N,0,124,0
Z453,23,23D,0,,0,,N,B,Y,N,0,124,0
M1103,08,8J,0,,0,,N,B,Y,N,0,124,0
D234,09,9D,0,,0,,N,B,Y,N,0,124,0
Z547,23,23D,0,,0,,N,B,Y,N,0,124,0
O812,14,14A,0,,0,,N,F,Y,N,9,60,0
P375,15,,0,,0,,N,B,Y,N,0,0,0
Z110,23,23D,0,,0,,N,B,Y,N,0,124,0
P372,15,,0,,0,,N,B,Y,N,0,0,0
N758,13,13D,0,,0,,N,F,Y,N,0,124,0
S012,03,3F,0,,0,,0,B,Y,N,0,124,0
E169,10,10E,0,,0,,N,B,Y,N,0,124,0
M2107,08,8R,0,,0,,N,B,Y,N,0,124,0
P364,15,,0,,0,,N,B,Y,N,0,0,0
P363,15,,0,,0,,N,B,Y,N,0,0,0
M4699,08,8H,0,,0,,N,B,Y,N,0,124,0
H188,02,2D,0,,0,,N,B,Y,N,0,124,0
E345,10,10E,0,,0,,N,B,Y,N,0,124,0
M7137,08,8M,0,,0,,N,B,Y,N,0,124,0
M8731,08,8J,0,,0,,N,B,Y,N,0,124,0
M0589,08,8F,0,,0,,N,B,Y,N,16,124,0
Z529,23,23D,0,,0,,N,B,Y,N,0,124,0
Z310,13,13F,0,,0,,N,B,Y,N,16,124,0
M7293,08,8M,0,,0,,N,B,Y,N,0,124,0
D315,02,2D,0,,0,,N,B,Y,N,0,124,0
P294,15,,0,,0,,N,B,Y,N,0,0,0
M898,08,8R,0,,0,,N,B,Y,N,0,124,0
P292,15,,0,,0,,N,B,Y,N,0,0,0
M7157,08,8M,0,,0,,N,B,Y,N,0,124,0
M2431,08,8Q,0,,0,,N,B,Y,N,0,124,0
J708,04,4Q,0,,0,,N,B,Y,N,0,124,0
M832,08,8J,0,,0,,N,B,Y,N,0,124,0
M8031,08,8E,0,,0,,N,B,Y,N,0,124,0
Q799,08,8R,0,,0,,N,B,Y,N,0,124,0
M932,08,8J,0,,0,,N,B,Y,N,0,124,0
P282,15,,0,,0,,N,B,Y,N,0,0,0
S947,01,1J,0,,0,,0,B,Y,N,0,124,0
M810,08,8J,0,,0,,N,F,Y,N,0,124,0
T671,21,21E,0,,0,,N,B,Y,N,0,124,0
T373,21,21C,0,,0,,N,B,Y,N,0,124,0
G932,01,1Q,0,,0,,N,B,Y,N,0,124,0
M4016,08,8H,0,,0,,N,B,Y,N,0,124,0
F122,20,20F,0,,0,,N,B,Y,N,0,124,0
P268,15,,0,,0,,N,B,Y,N,0,0,0
T593,21,21C,0,,0,,N,B,Y,N,0,124,0
F3300,19,19C,0,,0,,N,B,Y,N,0,124,0
P258,15,,0,,0,,N,B,Y,N,0,0,0
M9413,08,8R,0,,0,,N,B,Y,N,0,124,0
M8190,08,8J,0,,0,,N,B,Y,N,0,124,0
K0110,03,3H,0,,0,,N,B,Y,Y,0,124,28
M2125,08,8R,0,,0,,N,B,Y,N,0,124,0
A506,18,18H,0,,0,,N,B,Y,N,1,124,0
M1280,08,8K,0,,0,,N,B,Y,N,0,124,0
N164,11,11H,0,,0,,N,B,N,N,0,124,0
M6584,08,8M,0,,0,,N,B,Y,N,0,124,0
K469,06,6J,0,,0,,N,B,Y,N,0,124,0
E762,10,10D,0,,0,,N,B,Y,N,0,124,0
P235,15,,0,,0,,N,B,Y,N,0,0,0
M9908,30,,0,,0,,N,B,N,N,0,124,0
H282,02,2D,0,,0,,N,B,N,N,0,124,0
P231,15,,0,,0,,N,B,Y,N,0,0,0
T375,21,21C,0,,0,,N,B,Y,N,0,124,0
R070,30,,0,,0,,N,B,N,N,0,124,0
M8351,08,8J,0,,0,E,N,B,Y,N,16,124,0
B64,18,18H,0,,0,,N,B,Y,N,0,124,0
S72413,08,8A,0,,0,,8,B,Y,N,0,124,0
L945,09,9B,0,,0,,N,B,Y,N,0,124,0
P211,15,,0,,0,,N,B,Y,N,0,0,0
E539,10,10C,0,,0,E,N,B,Y,N,0,124,0
Q319,03,3G,0,,0,,N,B,Y,N,0,124,0
P159,15,,0,,0,,N,B,Y,N,0,0,0
H010,02,2D,0,,0,,N,B,Y,N,0,124,0
M758,08,8M,0,,0,,N,B,Y,N,0,124,0
M7943,09,9C,0,,0,,N,B,Y,N,0,124,0
G631,01,1J,0,,0,,N,B,N,N,0,124,0
Z375,30,,0,,0,,N,F,N,N,9,60,0
R074,05,5Q,0,,0,,N,B,Y,N,0,124,0
M6508,08,8M,0,,0,,N,B,Y,N,0,124,0
H300,02,2D,0,,0,E,N,B,Y,N,0,124,0
P149,15,,0,,0,,N,B,Y,N,0,0,0
A600,13,13D,0,,0,D,N,B,Y,N,0,124,0
M2587,08,8L,0,,0,,N,B,Y,N,0,124,0
S608,09,9H,0,,0,,0,B,Y,N,0,124,0
S207,09,9H,0,,0,,0,B,Y,N,0,124,0
T698,21,21E,0,,0,,N,B,Y,N,0,124,0
M4788,08,8H,0,,0,,N,B,Y,N,0,124,0
M6781,08,8M,0,,0,,N,B,Y,N,0,124,0
O470,14,14J,0,,0,,N,F,Y,N,9,60,0
H608,03,3G,0,,0,,N,B,Y,N,0,124,0
S52107,08,8P,0,,0,,0,B,Y,N,0,124,0
P123,15,,0,,0,,N,B,Y,N,0,0,0
P122,15,,0,,0,,N,B,Y,N,0,0,0
M8169,08,8J,0,,0,,N,B,Y,N,0,124,0
G448,01,1Q,0,,0,,N,B,Y,N,0,124,0
P119,15,,0,,0,,N,B,Y,N,0,0,0
E559,10,10C,0,,0,E,N,B,Y,N,0,124,0
S7290,08,8A,0,,0,,8,B,Y,N,0,124,0
B538,18,18C,0,,0,,N,B,Y,N,0,124,0
E7430,06,6H,0,,0,,N,B,Y,N,0,124,0
K1468,03,3H,0,,0,,N,B,Y,N,0,124,0
E064,10,10E,0,,0,,N,B,Y,N,0,124,0
O066,14,14H,0,,0,,N,F,Y,N,9,60,0
P104,15,,0,,0,,N,B,Y,N,0,0,0
M6639,08,8M,0,,0,,N,B,Y,N,0,124,0
Z316,23,23D,0,,0,,N,B,Y,N,9,60,0
P101,15,,0,,0,,N,B,Y,N,0,0,0
G909,01,1J,0,,0,,N,B,Y,N,0,124,0
P081,15,,0,,0,,N,B,Y,N,0,0,0
F640,19,19H,0,,0,,N,B,Y,N,0,124,0
M0088,08,8G,0,,0,,N,B,Y,N,0,124,0
M2550,08,8L,0,,0,,N,B,Y,N,0,124,0
P071,15,,0,,0,,N,B,Y,N,0,0,0
C479,08,8E,0,,0,,N,B,Y,N,0,124,0
M4627,08,8D,0,,0,,N,B,Y,N,0,124,0
T505,21,21C,0,,0,,N,B,Y,N,0,124,0
P048,15,,0,,0,,N,B,Y,N,0,0,0
M9397,08,8J,0,,0,,N,B,Y,N,0,124,0
P045,15,,0,,0,,N,B,Y,N,0,0,0
K0083,03,3H,0,,0,,N,B,Y,Y,0,124,28
M708,08,8M,0,,0,,N,B,Y,N,0,124,0
M6809,08,8M,0,,0,,N,B,N,N,0,124,0
S762,08,8C,0,,0,,0,B,Y,N,0,124,0
D460,16,16A,0,,0,,N,B,Y,N,0,124,0
M0601,08,8F,0,,0,,N,B,Y,N,16,124,0
M9426,08,8J,0,,0,,N,B,Y,N,0,124,0
M4148,08,8H,0,,0,,N,B,Y,N,0,124,0
M5469,08,8H,0,,0,,N,B,Y,N,0,124,0
P030,15,,0,,0,,N,B,Y,N,0,0,0
F1753,20,20B,0,,0,,N,B,Y,N,0,124,0
N895,13,13F,0,,0,,N,F,Y,N,0,124,0
U821,30,,0,,0,,N,B,N,N,0,124,0
M2359,08,8R,0,,0,,N,B,Y,N,0,124,0
K0061,03,3H,0,,0,,N,B,Y,N,0,124,0
N480,12,12E,0,,0,,N,M,Y,N,0,124,0
Z133,23,23D,0,,0,,N,B,Y,N,0,124,0
C637,12,12A,0,,0,,N,M,Y,N,0,124,0
M800,08,8E,0,,0,,N,F,Y,N,0,124,0
P018,15,,0,,0,,N,B,Y,N,0,0,0
M6715,08,8M,0,,0,,N,B,Y,N,0,124,0
M9391,08,8J,0,,0,,N,B,Y,N,0,124,0
P015,15,,0,,0,,N,B,Y,N,0,0,0
M7933,09,9C,0,,0,,N,B,Y,N,0,124,0
M899,08,8R,0,,0,,N,B,Y,N,0,124,0
P709,15,,0,,0,,N,B,Y,N,0,0,0
M7297,08,8M,0,,0,,N,B,Y,N,0,124,0
P009,15,,0,,0,,N,B,Y,N,0,0,0
C141,03,3A,0,,0,,N,B,Y,N,0,124,0
T009,09,9H,0,,0,,0,B,Y,N,0,124,0
M2501,08,8J,0,,0,,N,B,Y,N,0,124,0
O924,14,14C,0,,0,,N,F,Y,N,9,60,0
G479,19,19F,0,,0,,N,B,Y,N,0,124,0
J348,03,3G,0,,0,,N,B,Y,N,0,124,0
M4624,08,8D,0,,0,,N,B,Y,N,0,124,0
M0838,08,8F,0,,0,,N,B,Y,N,0,124,0
Q969,13,13F,0,,0,,N,B,Y,N,0,124,0
O997,14,14B,0,,0,,N,F,Y,N,9,60,0
O020,14,14H,0,,0,,N,F,Y,N,9,60,0
D110,03,3G,0,,0,,N,B,Y,N,0,124,0
Q724,08,8R,0,,0,,N,B,Y,N,0,124,0
D036,09,9C,0,,0,,N,B,Y,N,0,124,0
E350,10,10E,0,,0,,N,B,N,N,0,124,0
M4982,08,8H,0,,0,,N,B,N,N,0,124,0
O988,14,14B,0,,0,,N,F,Y,N,9,60,0
I445,05,5M,0,,0,,N,B,Y,N,0,124,0
B488,18,18G,0,,0,,N,B,Y,N,0,124,0
S32608,08,8B,0,,0,,0,B,Y,N,0,124,0
M801,08,8E,0,,0,,N,F,Y,N,0,124,0
M4354,08,8H,0,,0,,N,B,Y,N,0,124,0
M8988,08,8R,0,,0,,N,B,Y,N,0,124,0
T951,30,,0,,0,,N,B,N,N,0,124,0
R784,23,23B,0,,0,,N,B,Y,N,0,124,0
B356,09,9D,0,,0,,N,B,Y,N,0,124,0
A961,18,18F,0,,0,,N,B,Y,N,0,124,0
M7923,01,1J,0,,0,E,N,B,Y,N,0,124,0
M8705,08,8J,0,,0,,N,B,Y,N,0,124,0
M8706,08,8J,0,,0,,N,B,Y,N,0,124,0
Q103,02,2D,0,,0,,N,B,Y,N,0,124,0
T477,21,21C,0,,0,,N,B,Y,N,0,124,0
M1183,08,8J,0,,0,,N,B,Y,N,0,124,0
M871,08,8J,0,,0,,N,B,Y,N,0,124,0
M8212,08,8J,0,,0,,N,B,N,N,0,124,0
B881,09,9D,0,,0,,N,B,Y,N,0,124,0
M8712,08,8J,0,,0,,N,B,Y,N,0,124,0
M8713,08,8J,0,,0,,N,B,Y,N,0,124,0
M8714,08,8J,0,,0,,N,B,Y,N,0,124,0
M2525,08,8R,0,,0,,N,B,Y,N,0,124,0
R898,23,23B,0,,0,,N,B,Y,N,0,124,0
R960,05,5L,0,,0,,N,B,Y,N,0,124,0
C089,03,3A,0,,0,,N,B,Y,N,0,124,0
M8166,08,8J,0,,0,,N,B,Y,N,0,124,0
K0912,03,3H,0,,0,,N,B,Y,N,0,124,0
K115,03,3G,0,,0,,N,B,Y,N,0,124,0
O927,14,14C,0,,0,,N,F,Y,N,9,60,0
Z130,23,23D,0,,0,,N,B,Y,N,0,124,0
H511,02,2D,0,,0,,N,B,Y,N,0,124,0
S8290,08,8Q,0,,0,,0,B,Y,N,0,124,0
M7945,09,9C,0,,0,,N,B,Y,N,0,124,0
S819,09,9H,0,,0,,0,B,Y,N,0,124,0
T621,21,21C,0,,0,,N,B,Y,N,0,124,0
P392,15,,0,,0,,N,B,Y,N,0,0,0
B832,18,18H,0,,0,,N,B,Y,N,0,124,0
Q532,12,12E,0,,0,,N,B,Y,N,0,124,0
M8733,08,8J,0,,0,,N,B,Y,N,0,124,0
Z492,11,11B,0,,0,,N,B,Y,N,0,124,0
M8736,08,8J,0,,0,,N,B,Y,N,0,124,0
E712,10,10D,0,,0,,N,B,Y,N,0,124,0
M8484,08,8R,0,,0,,N,B,Y,N,0,124,0
H819,03,3B,0,,0,,N,B,Y,N,0,124,0
H408,02,2D,0,,0,,N,B,Y,Y,0,124,28
L670,09,9D,0,,0,,N,B,Y,N,0,124,0
M2100,08,8R,0,,0,,N,B,Y,N,0,124,0
F442,19,19F,0,,0,,N,B,Y,N,0,124,0
M993,30,,0,,0,,N,B,N,N,0,124,0
S971,21,21A,0,,0,,0,B,Y,N,0,124,0
S0250,03,3H,0,,0,,0,B,Y,N,0,124,0
I724,05,5F,0,,0,,N,B,Y,N,0,124,0
K036,03,3H,0,,0,,N,B,Y,Y,0,124,28
J40,04,4K,0,,0,,N,B,Y,N,0,124,0
M8793,08,8J,0,,0,,N,B,Y,N,0,124,0
R91,04,4H,0,,0,,N,B,Y,N,0,124,0
D015,07,7B,0,,0,,N,B,Y,N,0,124,0
M8796,08,8J,0,,0,,N,B,Y,N,0,124,0
M8692,08,8D,0,,0,,N,B,Y,N,0,124,0
T0240,21,21A,0,,0,,0,B,Y,N,0,124,0
F728,19,19K,0,,0,,N,B,Y,N,0,124,0
R701,23,23B,0,,0,,N,B,Y,N,0,124,0
M1040,08,8J,0,,0,,N,B,Y,N,0,124,0
M8880,08,8J,0,,0,,N,B,Y,N,0,124,0
M4125,08,8H,0,,0,,N,B,Y,N,0,124,0
M8882,08,8J,0,,0,,N,B,Y,N,0,124,0
M1195,08,8J,0,,0,,N,B,Y,N,0,124,0
M6617,08,8M,0,,0,,N,B,Y,N,0,124,0
M841,08,8R,0,,0,,N,B,Y,N,0,124,0
M8889,08,8J,0,,0,,N,B,Y,N,0,124,0
F1756,20,20B,0,,0,,N,B,Y,N,0,124,0
M217,08,8R,0,,0,,N,B,Y,N,0,124,0
M2183,08,8R,0,,0,,N,B,Y,N,0,124,0
M5387,08,8H,0,,0,,N,B,Y,N,0,124,0
M2552,08,8L,0,,0,,N,B,Y,N,0,124,0
P701,15,,0,,0,,N,B,Y,N,0,0,0
M7695,08,8M,0,,0,,N,B,Y,N,0,124,0
M8897,08,8J,0,,0,,N,B,Y,N,0,124,0
S111,10,10E,0,,0,,0,B,Y,N,0,124,0
O021,14,14K,0,,0,,N,F,Y,N,9,60,0
Z950,30,,0,,0,,N,B,N,N,0,124,0
N032,11,11H,0,,0,E,N,B,Y,Y,0,124,28
A083,06,6G,0,,0,,N,B,Y,N,0,124,0
M4690,08,8H,0,,0,,N,B,Y,N,0,124,0
T750,21,21E,0,,0,,N,B,Y,N,0,124,0
M9321,08,8J,0,,0,,N,B,Y,N,0,124,0
H740,03,3G,0,,0,,N,B,Y,N,0,124,0
M109,08,8J,0,,0,,N,B,Y,N,0,124,0
I889,16,16C,0,,0,,N,B,Y,N,0,124,0
L749,09,9D,0,,0,,N,B,Y,N,0,124,0
M8554,08,8J,0,,0,,N,B,Y,N,0,124,0
P028,15,,0,,0,,N,B,Y,N,0,0,0
M6131,08,8M,0,,0,,N,B,Y,N,0,124,0
I870,05,5F,0,,0,,N,B,Y,N,0,124,0
M4728,08,8H,0,,0,,N,B,Y,N,0,124,0
H403,02,2D,0,,0,,N,B,Y,Y,0,124,28
M7112,08,8M,0,,0,,N,B,Y,N,0,124,0
S32611,08,8B,0,,0,,6,B,Y,N,0,124,0
M9088,08,8J,0,,0,,N,B,N,N,0,124,0
F529,19,19M,0,,0,,N,B,Y,N,0,124,0
Q079,01,1U,0,,0,,N,B,Y,N,0,124,0
T562,21,21C,0,,0,,N,B,Y,N,0,124,0
M8921,08,8R,0,,0,,N,B,Y,N,0,19,0
M8922,08,8R,0,,0,,N,B,Y,N,0,19,0
C002,03,3A,0,,0,,N,B,Y,N,0,124,0
M8795,08,8J,0,,0,,N,B,Y,N,0,124,0
G509,01,1J,0,,0,,N,B,Y,N,0,124,0
I159,05,5H,0,,0,,N,B,Y,N,1,124,0
G609,01,1J,0,,0,,N,B,Y,N,0,124,0
K0904,03,3H,0,,0,,N,B,Y,N,0,124,0
T849,08,8N,0,,0,,N,B,Y,N,0,124,0
M6885,08,8M,0,,0,,N,B,N,N,0,124,0
M8933,08,8R,0,,0,,N,B,Y,N,0,124,0
M6594,08,8M,0,,0,,N,B,Y,N,0,124,0
S7088,09,9H,0,,0,,0,B,Y,N,0,124,0
M8936,08,8R,0,,0,,N,B,Y,N,0,124,0
M8938,08,8R,0,,0,,N,B,Y,N,0,124,0
M8939,08,8R,0,,0,,N,B,Y,N,0,124,0
Z898,30,,0,,0,,N,B,N,N,0,124,0
Z865,30,,0,,0,,N,B,N,N,0,124,0
P034,15,,0,,0,,N,B,Y,N,0,0,0
R638,10,10C,0,,0,,N,B,Y,N,0,124,0
M2444,08,8P,0,,0,,N,B,Y,N,0,124,0
K766,07,7D,0,,0,,N,B,Y,N,0,124,0
M8550,08,8J,0,,0,,N,B,Y,N,0,124,0
D1034,03,3H,0,,0,,N,B,Y,N,0,124,0
R411,23,23B,0,,0,,N,B,Y,N,0,124,0
M7291,08,8M,0,,0,,N,B,Y,N,0,124,0
F388,19,19C,0,,0,,N,B,Y,N,0,124,0
G550,01,1J,0,,0,,N,B,N,N,0,124,0
G463,01,1F,0,,0,,N,B,N,N,0,124,0
H309,02,2D,0,,0,E,N,B,Y,N,0,124,0
Q270,05,5F,0,,0,,N,B,Y,N,0,124,0
S022,03,3F,0,,0,,0,B,Y,N,0,124,0
S757,21,21A,0,,0,,0,B,Y,N,0,124,0
F789,19,19K,0,,0,,N,B,Y,N,0,124,0
M8695,08,8D,0,,0,,N,B,Y,N,0,124,0
T796,08,8R,0,,0,,7,B,Y,N,0,124,0
C138,03,3A,0,,0,,N,B,Y,N,0,124,0
M6634,08,8M,0,,0,,N,B,Y,N,0,124,0
B838,18,18H,0,,0,,N,B,Y,N,0,124,0
M1039,08,8J,0,,0,,N,B,Y,N,0,124,0
H498,02,2B,0,,0,,N,B,Y,N,0,124,0
L581,09,9C,0,,0,,N,B,Y,N,0,124,0
M4048,08,8H,0,,0,,N,B,Y,N,0,124,0
M1219,08,8J,0,,0,,N,B,Y,N,0,124,0
D421,01,1C,0,,0,,N,B,Y,N,0,124,0
M0645,08,8J,0,,0,,N,B,Y,N,0,124,0
M8982,08,8R,0,,0,,N,B,Y,N,0,124,0
M8983,08,8R,0,,0,,N,B,Y,N,0,124,0
M0622,08,8F,0,,0,,N,B,Y,N,0,124,0
N952,13,13F,0,,0,,N,F,Y,N,31,124,0
O009,14,14F,0,,0,,N,F,Y,N,9,60,0
M5390,08,8H,0,,0,,N,B,Y,N,0,124,0
Z885,30,,0,,0,,N,B,N,N,0,124,0
M8698,08,8D,0,,0,,N,B,Y,N,0,124,0
M754,08,8M,0,,0,,N,B,Y,N,1,124,0
M8992,08,8R,0,,0,,N,B,Y,N,0,124,0
S925,08,8P,0,,0,,0,B,Y,N,0,124,0
N807,13,13F,0,,0,,N,F,Y,N,1,124,0
S101,09,9H,0,,0,,0,B,Y,N,0,124,0
T521,21,21C,0,,0,,N,B,Y,N,0,124,0
M8999,08,8R,0,,0,,N,B,Y,N,0,124,0
S02509,03,3H,0,,0,,0,B,Y,N,0,124,0
C52,13,13A,0,,0,,N,F,Y,N,0,124,0
L905,09,9D,0,,0,,N,B,Y,N,0,124,0
M0182,08,8G,0,,0,,N,B,N,N,0,124,0
M6296,08,8M,0,,0,,N,B,Y,N,0,124,0
D216,08,8R,0,,0,,N,B,Y,N,0,124,0
Z428,09,9D,0,,0,,N,B,Y,N,0,124,0
E68,10,10C,0,,0,,N,B,Y,N,0,124,0
K0533,03,3H,0,,0,,N,B,Y,Y,0,124,28
P833,15,,0,,0,,N,B,Y,N,0,0,0
O961,30,,0,,0,,N,F,N,N,9,60,0
I953,05,5R,0,,0,,N,B,Y,N,0,124,0
M4181,08,8H,0,,0,,N,B,Y,N,0,124,0
T267,02,2D,0,,0,,N,B,Y,N,0,124,0
K811,07,7E,0,,0,,N,B,Y,N,0,124,0
M0817,08,8F,0,,0,,N,B,Y,N,0,124,0
D370,03,3A,0,,0,,N,B,Y,N,0,124,0
M9019,08,8D,0,,0,,N,B,N,N,0,124,0
M1017,21,21C,0,,0,,N,B,Y,N,0,124,0
F419,19,19F,0,,0,,N,B,Y,N,0,124,0
S943,01,1J,0,,0,,0,B,Y,N,0,124,0
H103,02,2D,0,,0,,N,B,Y,N,0,124,0
S42419,08,8Q,0,,0,,7,B,Y,N,0,124,0
C699,02,2E,0,,0,,N,B,Y,N,0,124,0
K860,07,7C,0,,0,,N,B,Y,N,0,124,0
M8114,08,8J,0,,0,,N,F,Y,N,1,124,0
M9031,08,8J,0,,0,,N,B,N,N,0,124,0
L609,09,9D,0,,0,,N,B,Y,N,0,124,0
Q840,09,9D,0,,0,,N,B,Y,N,0,124,0
M9034,08,8J,0,,0,,N,B,N,N,0,124,0
Z935,30,,0,,0,,N,B,N,N,0,124,0
M6642,08,8M,0,,0,,N,B,Y,N,0,124,0
H601,03,3G,0,,0,,N,B,Y,N,0,124,0
K0732,03,3H,0,,0,,N,B,Y,Y,0,124,28
S827,08,8Q,0,,0,,0,B,Y,N,0,124,0
S348,01,1J,0,,0,,6,B,Y,N,0,124,0
Q458,06,6J,0,,0,,N,B,Y,N,0,124,0
M9043,08,8J,0,,0,,N,B,N,N,0,124,0
M9044,08,8J,0,,0,,N,B,N,N,0,124,0
S145,01,1J,0,,0,,0,B,Y,N,0,124,0
K103,03,3H,0,,0,,N,B,Y,N,0,124,0
K0532,03,3H,0,,0,,N,B,Y,Y,0,124,28
M962,08,8H,0,,0,,N,B,Y,N,0,124,0
S62106,08,8P,0,,0,,0,B,Y,N,0,124,0
A240,18,18H,0,,0,,N,B,Y,N,0,124,0
G833,01,1U,0,,0,,N,B,Y,N,0,124,0
Z374,30,,0,,0,,N,F,N,N,9,60,0
M9055,08,8J,0,,0,,N,B,N,N,0,124,0
M9056,08,8J,0,,0,,N,B,N,N,0,124,0
Z642,23,23D,0,,0,,N,B,Y,N,0,124,0
R093,04,4H,0,,0,,N,B,Y,N,0,124,0
M032,08,8J,0,,0,,N,B,N,N,0,124,0
M906,08,8J,0,,0,,N,B,N,N,0,124,0
T700,03,3D,0,,0,,N,B,Y,N,0,124,0
A013,18,18H,0,,0,,N,B,Y,N,0,124,0
I150,05,5H,0,,0,,N,B,Y,N,0,124,0
S0320,03,3H,0,,0,,0,B,Y,N,0,124,0
C104,03,3A,0,,0,,N,B,Y,N,0,124,0
B778,06,6L,0,,0,,N,B,Y,N,0,124,0
Z811,23,23D,0,,0,,N,B,Y,N,0,124,0
D382,04,4M,0,,0,,N,B,Y,N,0,124,0
O104,14,14B,0,,0,,N,F,Y,N,9,60,0
Q322,03,3G,0,,0,,N,B,Y,N,0,124,0
M688,08,8M,0,,0,,N,B,N,N,0,124,0
S2291,04,4G,0,,0,,0,B,Y,N,0,124,0
M1305,08,8K,0,,0,,N,B,Y,N,0,124,0
M0315,08,8J,0,,0,,N,B,N,N,0,124,0
F791,19,19K,0,,0,,N,B,Y,N,0,124,0
M7233,08,8M,0,,0,,N,B,Y,N,0,124,0
T159,02,2C,0,,0,,N,B,Y,N,0,124,0
N393,11,11F,0,,0,,N,B,Y,N,1,124,0
M9081,08,8J,0,,0,,N,B,N,N,0,124,0
N510,12,12C,0,,0,,N,M,N,N,1,124,0
T059,21,21A,0,,0,,0,B,Y,N,0,124,0
M7030,08,8M,0,,0,,N,B,Y,N,0,124,0
D099,17,17C,0,,0,,N,B,Y,N,0,124,0
M4369,08,8H,0,,0,,N,B,Y,N,0,124,0
M910,08,8J,0,,0,,N,B,Y,N,0,124,0
Z632,23,23D,0,,0,,N,B,Y,N,0,124,0
M2564,08,8L,0,,0,,N,B,Y,N,0,124,0
K0903,03,3H,0,,0,,N,B,Y,N,0,124,0
O701,14,14A,0,,0,,N,F,Y,N,9,60,0
M8491,08,8R,0,,0,,N,B,Y,N,0,124,0
H210,02,2C,0,,0,,N,B,Y,N,0,124,0
F3311,19,19C,0,,0,,N,B,Y,N,0,124,0
L561,09,9C,0,,0,,N,B,Y,N,0,124,0
K629,06,6J,0,,0,,N,B,Y,N,0,124,0
M9129,08,8J,0,,0,,N,B,Y,N,0,124,0
D400,12,12A,0,,0,,N,M,Y,N,0,124,0
M8541,08,8J,0,,0,,N,B,Y,N,0,124,0
T291,22,22C,0,,0,,N,B,Y,N,0,124,0
M8086,08,8E,0,,0,,N,B,Y,N,0,124,0
M4116,08,8H,0,,0,,N,B,Y,N,0,124,0
M1212,08,8J,0,,0,,N,B,Y,N,0,124,0
M4631,08,8H,0,,0,,N,B,Y,N,0,124,0
K709,07,7A,0,,0,,N,B,Y,N,1,124,0
G453,02,2B,0,,0,,N,B,Y,N,0,124,0
N070,11,11H,0,,0,,N,B,Y,N,0,124,0
M926,08,8J,0,,0,,N,B,Y,N,0,124,0
Z9666,30,,0,,0,,N,B,N,N,0,124,0
M4056,08,8H,0,,0,,N,B,Y,N,0,124,0
M6026,08,8M,0,,0,,N,B,Y,N,0,124,0
F518,19,19F,0,,0,,N,B,Y,N,0,124,0
M4813,08,8H,0,,0,,N,B,Y,N,0,124,0
S534,08,8Q,0,,0,,0,B,Y,N,0,124,0
Q8282,09,9D,0,,0,,N,B,Y,N,0,124,0
M9326,08,8J,0,,0,,N,B,Y,N,0,124,0
M8389,08,8J,0,,0,,N,B,Y,N,16,124,0
M9328,08,8J,0,,0,,N,B,Y,N,0,124,0
M7090,08,8M,0,,0,,N,B,Y,N,0,124,0
G522,01,1J,0,,0,,N,B,Y,N,0,124,0
M018,08,8G,0,,0,,N,B,N,N,0,124,0
M9940,30,,0,,0,,N,B,N,N,0,124,0
M9063,08,8J,0,,0,,N,B,N,N,0,124,0
M830,08,8J,0,,0,,N,F,Y,N,0,124,0
C460,09,9B,0,,0,C,N,B,Y,N,0,124,0
M9385,08,8J,0,,0,,N,B,Y,N,0,124,0
M8989,08,8R,0,,0,,N,B,Y,N,0,124,0
M0585,08,8F,0,,0,,N,B,Y,N,16,124,0
E738,06,6H,0,,0,,N,B,Y,N,0,124,0
R490,03,3G,0,,0,,N,B,Y,N,0,124,0
S16,08,8R,0,,0,,0,B,Y,N,0,124,0
L575,09,9D,0,,0,,N,B,Y,N,0,124,0
P016,15,,0,,0,,N,B,Y,N,0,0,0
P619,15,,0,,0,,N,B,Y,N,0,0,0
S697,21,21A,0,,0,,0,B,Y,N,0,124,0
S42310,08,8Q,0,,0,,7,B,Y,N,0,124,0
M0688,08,8F,0,,0,,N,B,Y,N,16,124,0
M6501,08,8M,0,,0,,N,B,Y,N,0,124,0
O354,14,14B,0,,0,,N,F,Y,N,9,60,0
M1003,08,8J,0,,0,,N,B,Y,N,0,124,0
M8499,08,8R,0,,0,,N,B,Y,N,0,124,0
M6140,08,8M,0,,0,,N,B,Y,N,0,124,0
M6232,08,8M,0,,0,,N,B,Y,N,0,124,0
M9412,08,8R,0,,0,,N,B,Y,N,0,124,0
N110,11,11D,0,,0,,N,B,Y,N,0,124,0
F513,19,19F,0,,0,,N,B,Y,N,0,124,0
M8154,08,8J,0,,0,,N,B,Y,N,1,124,0
M8640,08,8D,0,,0,,N,B,Y,N,0,124,0
H333,02,2C,0,,0,,N,B,Y,N,0,124,0
M8514,08,8R,0,,0,,N,B,Y,N,0,124,0
M6112,08,8M,0,,0,,N,B,Y,N,0,124,0
M8108,08,8J,0,,0,,N,F,Y,N,31,124,0
M9423,08,8J,0,,0,,N,B,Y,N,0,124,0
S6080,09,9H,0,,0,,0,B,Y,N,0,124,0
Z431,06,6J,0,,0,,N,B,Y,N,0,124,0
P113,15,,0,,0,,N,B,Y,N,0,0,0
M0228,08,8J,0,,0,,N,B,Y,N,0,124,0
K1441,03,3H,0,,0,,N,B,Y,N,0,124,0
M0285,08,8J,0,,0,,N,B,Y,N,0,124,0
S2231,04,4G,0,,0,,0,B,Y,N,0,124,0
M4140,08,8H,0,,0,,N,B,Y,N,0,124,0
E441,10,10B,0,,0,E,N,B,Y,N,0,124,0
P221,15,,0,,0,,N,B,Y,N,0,0,0
M958,08,8R,0,,0,,N,B,Y,N,0,124,0
M9436,08,8R,0,,0,,N,B,Y,N,0,124,0
T833,13,13F,0,,0,,N,F,Y,N,1,124,0
M9438,08,8R,0,,0,,N,B,Y,N,0,124,0
A242,18,18J,0,,0,,N,B,Y,N,0,124,0
S380,12,12E,0,,0,,0,B,Y,N,0,124,0
M7904,08,8L,0,,0,,N,B,Y,N,0,124,0
M9481,08,8R,0,,0,,N,B,Y,N,0,124,0
T830,11,11H,0,,0,,N,B,Y,N,0,124,0
M0156,08,8J,0,,0,,N,B,N,N,0,124,0
R868,23,23B,0,,0,,N,M,Y,N,0,124,0
M6017,08,8M,0,,0,,N,B,Y,N,0,124,0
M1096,08,8J,0,,0,,N,B,Y,N,0,124,0
B258,18,18F,0,,0,D,N,B,Y,N,0,124,0
G709,01,1J,0,,0,,N,B,Y,N,0,124,0
M9489,08,8R,0,,0,,N,B,Y,N,0,124,0
K263,06,6D,0,,0,,N,B,Y,N,0,124,0
M1243,08,8J,0,,0,,N,B,Y,N,0,124,0
S829,08,8Q,0,,0,,0,B,Y,N,0,124,0
G549,01,1J,0,,0,,N,B,Y,N,0,124,0
M9496,08,8R,0,,0,,N,B,Y,N,0,124,0
M9497,08,8R,0,,0,,N,B,Y,N,0,124,0
M4784,08,8H,0,,0,,N,B,Y,N,0,124,0
Z221,23,23D,0,,0,,N,B,Y,N,0,124,0
Z653,23,23D,0,,0,,N,B,Y,N,0,124,0
P925,15,,0,,0,,N,B,Y,N,0,0,0
K132,03,3H,0,,0,E,N,B,Y,N,0,124,0
M953,08,8R,0,,0,,N,B,Y,N,0,124,0
P103,15,,0,,0,,N,B,Y,N,0,0,0
M009,08,8G,0,,0,,N,B,Y,N,0,124,0
M951,03,3G,0,,0,,N,B,Y,N,0,124,0
S42017,08,8Q,0,,0,,0,B,Y,N,0,124,0
M8539,08,8J,0,,0,,N,B,Y,N,0,124,0
S8251,08,8Q,0,,0,,0,B,Y,N,0,124,0
I862,12,12E,0,,0,,N,B,Y,N,0,124,0
F1705,20,20F,0,,0,,N,B,Y,N,0,124,0
T445,21,21C,0,,0,,N,B,Y,N,0,124,0
C58,13,13A,0,,0,,N,F,Y,N,9,60,0
H112,02,2D,0,,0,,N,B,Y,N,0,124,0
I495,05,5M,0,,0,,N,B,Y,N,0,124,0
T799,21,21E,0,,0,,0,B,Y,N,0,124,0
C763,13,13A,0,,0,,N,B,Y,N,0,124,0
S32618,08,8B,0,,0,,6,B,Y,N,0,124,0
M7089,08,8M,0,,0,,N,B,Y,N,0,124,0
M0630,08,8F,0,,0,,N,B,Y,N,0,124,0
A970,18,18D,0,,0,,N,B,Y,N,0,124,0
M991,30,,0,,0,,N,B,N,N,0,124,0
M9382,08,8J,0,,0,,N,B,Y,N,0,124,0
M6127,08,8M,0,,0,,N,B,Y,N,0,124,0
M9913,30,,0,,0,,N,B,N,N,0,124,0
M0327,08,8J,0,,0,,N,B,N,N,0,124,0
M8035,08,8E,0,,0,,N,B,Y,N,0,124,0
M9901,30,,0,,0,,N,B,N,N,0,124,0
M9921,30,,0,,0,,N,B,N,N,0,124,0
G611,01,1J,0,,0,,N,B,Y,N,0,124,0
T486,21,21C,0,,0,,N,B,Y,N,0,124,0
K041,03,3H,0,,0,,N,B,Y,Y,0,124,28
M439,08,8H,0,,0,,N,B,Y,N,0,124,0
M0762,08,8J,0,,0,,N,B,N,N,16,124,0
M8283,08,8J,0,,0,,N,B,N,N,0,124,0
M1315,08,8K,0,,0,,N,B,Y,N,0,124,0
M0810,08,8F,0,,0,,N,B,Y,N,0,124,0
M8083,08,8E,0,,0,,N,B,Y,N,0,124,0
P928,15,,0,,0,,N,B,Y,N,0,0,0
M7134,08,8M,0,,0,,N,B,Y,N,0,124,0
K0629,03,3H,0,,0,,N,B,Y,Y,0,124,28
M4193,08,8H,0,,0,,N,B,Y,N,0,124,0
C549,13,13A,0,,0,,N,F,Y,N,0,124,0
D572,16,16A,0,,0,,N,B,Y,N,0,124,0
F440,19,19F,0,,0,,N,B,Y,N,0,124,0
S7281,08,8A,0,,0,,8,B,Y,N,0,124,0
J385,03,3G,0,,0,,N,B,Y,N,0,124,0
S42117,08,8Q,0,,0,,0,B,Y,N,0,124,0
M772,08,8M,0,,0,,N,B,Y,N,0,124,0
S435,08,8Q,0,,0,,0,B,Y,N,0,124,0
E615,10,10C,0,,0,E,N,B,Y,N,0,124,0
M9964,30,,0,,0,,N,B,N,N,0,124,0
T569,21,21C,0,,0,,N,B,Y,N,0,124,0
G300,01,1D,0,,0,,N,B,Y,N,0,124,0
M171,08,8J,0,,0,,N,B,Y,N,0,124,0
M0689,08,8F,0,,0,,N,B,Y,N,16,124,0
M9973,30,,0,,0,,N,B,N,N,0,124,0
N084,11,11H,0,,0,,N,B,N,N,0,124,0
M9980,30,,0,,0,,N,B,N,N,0,124,0
M6716,08,8M,0,,0,,N,B,Y,N,0,124,0
M7785,08,8M,0,,0,,N,B,Y,N,0,124,0
M4602,08,8H,0,,0,,N,B,Y,N,0,124,0
S0051,09,9H,0,,0,,0,B,Y,N,0,124,0
M6014,08,8M,0,,0,,N,B,Y,N,0,124,0
M0129,08,8G,0,,0,,N,B,N,N,0,124,0
M9987,30,,0,,0,,N,B,N,N,0,124,0
S911,21,21A,0,,0,,0,B,Y,N,0,124,0
N492,12,12C,0,,0,,N,M,Y,N,0,124,0
Q131,02,2D,0,,0,,N,B,Y,N,0,124,0
M063,08,8F,0,,0,,N,B,Y,N,0,124,0
T780,21,21B,0,,0,,N,B,Y,N,0,124,0
N46,12,12E,0,,0,,N,M,Y,N,16,124,0
M8045,08,8E,0,,0,,N,B,Y,N,0,124,0
M4927,08,8H,0,,0,,N,B,N,N,0,124,0
M9997,30,,0,,0,,N,B,N,N,0,124,0
G514,01,1J,0,,0,,N,B,Y,N,0,124,0
M2310,08,8Q,0,,0,,N,B,Y,N,0,124,0
Q340,04,4Q,0,,0,,N,B,Y,N,0,124,0
R220,09,9D,0,,0,,N,B,Y,N,0,124,0
D030,09,9C,0,,0,,N,B,Y,N,0,124,0
K661,06,6J,0,,0,,N,B,Y,N,0,124,0
M2590,08,8L,0,,0,,N,B,Y,N,0,124,0
F1726,20,20F,0,,0,,N,B,Y,N,0,124,0
P708,15,,0,,0,,N,B,Y,N,0,0,0
R482,19,19L,0,,0,,N,B,Y,N,0,124,0
S051,02,2C,0,,0,,0,B,Y,N,0,124,0
T225,22,22C,0,,0,,N,B,Y,N,0,124,0
M1199,08,8J,0,,0,,N,B,Y,N,0,124,0
M45,08,8F,0,,0,,N,B,Y,N,0,124,0
I872,05,5F,0,,0,,N,B,Y,N,0,124,0
S7305,08,8C,0,,0,,0,B,Y,N,0,124,0
Q012,01,1U,0,,0,,N,B,Y,N,0,124,0
C040,03,3A,0,,0,,N,B,Y,N,0,124,0
N029,11,11H,0,,0,,N,B,Y,N,0,124,0
N030,11,11H,0,,0,E,N,B,Y,Y,0,124,28
S5310,08,8Q,0,,0,,0,B,Y,N,0,124,0
M2192,08,8R,0,,0,,N,B,Y,N,0,124,0
N034,11,11K,0,,0,E,N,B,Y,Y,0,124,28
Q782,08,8R,0,,0,,N,B,Y,N,0,124,0
H211,02,2D,0,,0,,N,B,Y,N,0,124,0
P831,15,,0,,0,,N,B,Y,N,0,0,0
T636,21,21C,0,,0,,N,B,Y,N,0,124,0
T068,21,21A,0,,0,,0,B,Y,N,0,124,0
M6729,08,8M,0,,0,,N,B,Y,N,0,124,0
M130,08,8K,0,,0,,N,B,Y,N,0,124,0
Q759,08,8R,0,,0,,N,B,Y,N,0,124,0
G230,01,1D,0,,0,,N,B,Y,N,0,124,0
S72407,08,8A,0,,0,,8,B,Y,N,0,124,0
N052,11,11H,0,,0,E,N,B,Y,N,0,124,0
C501,09,9E,0,,0,,N,B,Y,N,0,124,0
Z308,23,23D,0,,0,,N,B,Y,N,1,124,0
M8490,08,8R,0,,0,,N,B,Y,N,0,124,0
S42113,08,8Q,0,,0,,0,B,Y,N,0,124,0
N060,11,11H,0,,0,,N,B,Y,N,0,124,0
K521,06,6J,0,,0,,N,B,Y,N,0,124,0
M7787,08,8M,0,,0,,N,B,Y,N,0,124,0
L418,09,9B,0,,0,,N,B,Y,N,0,124,0
I899,16,16C,0,,0,,N,B,Y,N,0,124,0
N067,11,11K,0,,0,,N,B,Y,N,0,124,0
I029,05,5R,0,,0,,N,B,Y,N,0,124,0
K0080,03,3H,0,,0,,N,B,Y,Y,0,124,28
T443,21,21C,0,,0,,N,B,Y,N,0,124,0
D211,08,8R,0,,0,,N,B,Y,N,0,124,0
F489,19,19E,0,,0,,N,B,Y,N,0,124,0
M602,08,8M,0,,0,,N,B,Y,N,0,124,0
Q663,08,8R,0,,0,,N,B,Y,N,0,124,0
F1701,20,20F,0,,0,,N,B,Y,N,0,124,0
S428,08,8Q,0,,0,,0,B,Y,N,0,124,0
R72,16,16C,0,,0,,N,B,Y,N,0,124,0
P761,15,,0,,0,,N,B,Y,N,0,0,0
M0755,08,8J,0,,0,,N,B,N,N,16,124,0
S0050,09,9H,0,,0,,0,B,Y,N,0,124,0
Z701,23,23D,0,,0,,N,B,Y,N,1,124,0
B500,18,18C,0,,0,,N,B,Y,N,0,124,0
T532,21,21C,0,,0,,N,B,Y,N,0,124,0
M6105,08,8M,0,,0,,N,B,Y,N,0,124,0
M4914,08,8H,0,,0,,N,B,N,N,0,124,0
S5231,08,8P,0,,0,,7,B,Y,N,0,124,0
M4896,08,8H,0,,0,,N,B,Y,N,0,124,0
T431,21,21C,0,,0,,N,B,Y,N,0,124,0
M0763,08,8J,0,,0,,N,B,N,N,16,124,0
N778,13,13F,0,,0,,N,F,N,N,0,124,0
R409,01,1M,0,,0,,N,B,Y,N,0,124,0
M4318,08,8H,0,,0,,N,B,Y,N,0,124,0
M7670,08,8M,0,,0,,N,B,Y,N,0,124,0
M8305,08,8J,0,,0,,N,F,Y,N,9,60,0
M930,08,8J,0,,0,,N,B,Y,N,0,124,0
B678,07,7D,0,,0,,N,B,Y,N,0,124,0
N140,11,11H,0,,0,,N,B,Y,N,1,124,0
L958,09,9C,0,,0,,N,B,Y,N,0,124,0
N142,11,11K,0,,0,,N,B,Y,N,0,124,0
O284,14,14E,0,,0,,N,F,Y,N,9,60,0
N068,11,11H,0,,0,,N,B,Y,N,0,124,0
N150,11,11H,0,,0,,N,B,Y,N,0,124,0
H314,02,2C,0,,0,,N,B,Y,N,0,124,0
S244,01,1J,0,,0,,0,B,Y,N,0,124,0
N159,11,11H,0,,0,,N,B,Y,N,0,124,0
M8192,08,8J,0,,0,,N,B,Y,N,0,124,0
M8944,08,8J,0,,0,,N,B,Y,N,0,124,0
L438,09,9C,0,,0,,N,B,Y,N,0,124,0
Z884,30,,0,,0,,N,B,N,N,0,124,0
M9080,08,8J,0,,0,,N,B,N,N,0,124,0
E149,10,10F,0,,0,,N,B,Y,N,0,124,0
H183,02,2D,0,,0,,N,B,Y,N,0,124,0
I808,05,5D,0,,0,,N,B,Y,N,0,124,0
K028,03,3H,0,,0,,N,B,Y,Y,0,124,28
Z721,30,,0,,0,,N,B,N,N,0,124,0
T357,21,21E,0,,0,,N,B,Y,N,0,124,0
M4792,08,8H,0,,0,,N,B,Y,N,0,124,0
O759,14,14A,0,,0,,N,F,Y,N,9,60,0
T632,21,21C,0,,0,,N,B,Y,N,0,124,0
M9421,08,8J,0,,0,,N,B,Y,N,0,124,0
S234,04,4Q,0,,0,,0,B,Y,N,0,124,0
F1706,20,20F,0,,0,,N,B,Y,N,0,124,0
N211,11,11E,0,,0,,N,B,Y,N,0,124,0
K909,06,6H,0,,0,E,N,B,Y,N,0,124,0
N220,11,11E,0,,0,,N,B,N,N,0,124,0
N228,11,11E,0,,0,,N,B,N,N,0,124,0
M7032,08,8M,0,,0,,N,B,Y,N,0,124,0
N764,13,13D,0,,0,,N,F,Y,N,0,124,0
M0747,08,8J,0,,0,,N,B,N,N,16,124,0
F380,19,19C,0,,0,,N,B,Y,N,0,124,0
C503,09,9E,0,,0,,N,B,Y,N,0,124,0
M6883,08,8M,0,,0,,N,B,N,N,0,124,0
A289,18,18H,0,,0,,N,B,Y,N,0,124,0
D1009,03,3H,0,,0,,N,B,Y,N,0,124,0
N281,11,11H,0,,0,,N,B,Y,N,0,124,0
M7292,08,8M,0,,0,,N,B,Y,N,0,124,0
Z451,23,23D,0,,0,,N,B,Y,N,0,124,0
N290,11,11D,0,,0,,N,B,N,N,0,124,0
N298,11,11H,0,,0,,N,B,N,N,0,124,0
S72408,08,8A,0,,0,,8,B,Y,N,0,124,0
M680,08,8M,0,,0,,N,B,N,N,0,124,0
E673,10,10C,0,,0,,N,B,Y,N,0,124,0
S610,21,21A,0,,0,,0,B,Y,N,0,124,0
M0365,08,8J,0,,0,,N,B,N,N,0,124,0
S318,21,21A,0,,0,,0,B,Y,N,0,124,0
N975,13,13F,0,,0,,N,F,Y,N,9,60,0
E616,10,10C,0,,0,E,N,B,Y,N,0,124,0
S6082,09,9H,0,,0,,0,B,Y,N,0,124,0
M2181,08,8R,0,,0,,N,B,Y,N,0,124,0
S42400,08,8Q,0,,0,,0,B,Y,N,0,124,0
S031,03,3F,0,,0,,0,B,Y,N,0,124,0
N323,11,11H,0,,0,,N,B,Y,N,0,124,0
S967,08,8Q,0,,0,,0,B,Y,N,0,124,0
H024,02,2B,0,,0,,N,B,Y,N,0,124,0
M8017,08,8E,0,,0,,N,F,Y,N,1,124,0
M6655,08,8M,0,,0,,N,B,Y,N,0,124,0
M7261,08,8M,0,,0,,N,B,Y,N,0,124,0
M998,30,,0,,0,,N,B,N,N,0,124,0
M0917,08,8J,0,,0,,N,B,N,N,0,124,0
M1991,08,8J,0,,0,,N,B,Y,N,0,124,0
O358,14,14B,0,,0,,N,F,Y,N,9,60,0
M6253,08,8M,0,,0,,N,B,Y,N,0,124,0
K088,03,3H,0,,0,,N,B,Y,Y,0,124,28
M8340,08,8J,0,,0,,N,B,Y,N,1,124,0
C003,03,3A,0,,0,,N,B,Y,N,0,124,0
N363,11,11H,0,,0,,N,B,Y,N,0,124,0
O839,14,14A,0,,0,,N,F,Y,N,9,60,0
M483,08,8H,0,,0,,N,B,Y,N,0,124,0
N378,11,11H,0,,0,,N,B,N,N,0,124,0
N391,11,11F,0,,0,,N,B,Y,N,0,124,0
N393,13,13F,0,,0,,N,B,Y,N,0,124,0
K1029,03,3H,0,,0,,N,B,Y,N,0,124,0
T144,01,1J,0,,0,,0,B,Y,N,0,124,0
E779,10,10D,0,,0,,N,B,Y,N,0,124,0
D101,03,3H,0,,0,,N,B,Y,N,0,124,0
L243,09,9D,0,,0,,N,B,Y,N,0,124,0
M6723,08,8M,0,,0,,N,B,Y,N,0,124,0
E730,06,6H,0,,0,,N,B,Y,N,0,124,0
F538,19,19A,0,,0,,N,F,Y,N,9,60,0
M454,08,8F,0,,0,,N,B,Y,N,16,124,0
M2499,08,8R,0,,0,,N,B,Y,N,0,124,0
A428,18,18H,0,,0,D,N,B,Y,N,0,124,0
D890,16,16C,0,,0,,N,B,Y,N,0,124,0
L718,09,9D,0,,0,,N,B,Y,N,0,124,0
Q442,07,7E,0,,0,,N,B,Y,N,0,124,0
N429,12,12E,0,,0,,N,M,Y,N,1,124,0
N430,12,12E,0,,0,,N,M,Y,N,0,124,0
T424,21,21C,0,,0,,N,B,Y,N,0,124,0
T913,30,,0,,0,,N,B,N,N,0,124,0
M6196,08,8M,0,,0,,N,B,Y,N,0,124,0
N434,12,12E,0,,0,,N,M,Y,N,0,124,0
Q925,23,23D,0,,0,,N,B,Y,N,0,124,0
A180,08,8G,0,,0,D,N,B,Y,N,0,124,0
R440,19,19L,0,,0,,N,B,Y,N,0,124,0
M1902,08,8J,0,,0,,N,B,Y,N,0,124,0
N483,12,12E,0,,0,,N,M,Y,N,0,124,0
M2319,08,8Q,0,,0,,N,B,Y,N,0,124,0
J980,04,4K,0,,0,,N,B,Y,N,0,124,0
D181,16,16C,0,,0,,N,B,Y,N,0,124,0
M8058,08,8E,0,,0,,N,B,Y,N,1,124,0
D739,16,16C,0,,0,,N,B,Y,N,0,124,0
M4819,08,8H,0,,0,,N,B,Y,N,0,124,0
S499,21,21A,0,,0,,0,B,Y,N,0,124,0
M4713,08,8H,0,,0,,N,B,Y,N,0,124,0
C142,03,3A,0,,0,,N,B,Y,N,0,124,0
T753,03,3B,0,,0,,N,B,Y,N,0,124,0
N508,12,12E,0,,0,,N,M,Y,N,0,124,0
B852,09,9D,0,,0,,N,B,Y,N,0,124,0
P519,15,,0,,0,,N,B,Y,N,0,0,0
T131,21,21A,0,,0,,0,B,Y,N,0,124,0
M9995,30,,0,,0,,N,B,N,N,0,124,0
M6255,08,8M,0,,0,,N,B,Y,N,0,124,0
I00,08,8S,0,,0,,N,B,Y,N,0,124,0
N601,09,9F,0,,0,,N,B,Y,N,0,124,0
S92310,08,8P,0,,0,,0,B,Y,N,0,124,0
Z020,30,,0,,0,,N,B,N,N,0,124,0
P229,15,,0,,0,,N,B,Y,N,0,0,0
N608,09,9F,0,,0,,N,B,Y,N,0,124,0
N609,09,9F,0,,0,,N,B,Y,N,0,124,0
T654,21,21C,0,,0,,N,B,Y,N,0,124,0
Z804,23,23D,0,,0,,N,B,Y,N,0,124,0
R8769,23,23B,0,,0,,N,F,Y,N,0,124,0
N640,09,9F,0,,0,,N,B,Y,N,0,124,0
M6028,08,8M,0,,0,,N,B,Y,N,0,124,0
D751,16,16C,0,,0,,N,B,Y,N,0,124,0
M7998,08,8L,0,,0,,N,B,Y,N,0,124,0
M8592,08,8R,0,,0,,N,B,Y,N,0,124,0
P523,15,,0,,0,,N,B,Y,N,0,0,0
M8593,08,8R,0,,0,,N,B,Y,N,0,124,0
M0112,08,8G,0,,0,D,N,B,N,N,0,124,0
I729,05,5F,0,,0,,N,B,Y,N,0,124,0
O318,14,14B,0,,0,,N,F,Y,N,9,60,0
B660,07,7D,0,,0,,N,B,Y,N,0,124,0
M8635,08,8D,0,,0,,N,B,Y,N,0,124,0
O623,14,14A,0,,0,,N,F,Y,N,9,60,0
R80,11,11F,0,,0,,N,B,Y,N,0,124,0
M0586,08,8F,0,,0,,N,B,Y,N,16,124,0
N735,13,13E,0,,0,,N,F,Y,N,0,124,0
M8349,08,8J,0,,0,,N,B,Y,N,1,124,0
K120,03,3H,0,,0,,N,B,Y,N,0,124,0
Z369,14,14E,0,,0,,N,F,Y,N,9,60,0
M2362,08,8Q,0,,0,,N,B,Y,N,0,124,0
T256,22,22C,0,,0,,N,B,Y,N,0,124,0
N750,13,13F,0,,0,,N,F,Y,N,0,124,0
N501,12,12E,0,,0,,N,M,Y,N,0,124,0
N039,11,11H,0,,0,E,N,B,Y,Y,0,124,28
D372,06,6A,0,,0,,N,B,Y,N,0,124,0
H2241,02,2D,0,,0,,N,B,N,N,0,124,0
S043,01,1J,0,,0,,0,B,Y,N,0,124,0
A679,18,18H,0,,0,,N,B,Y,N,0,124,0
F410,19,19F,0,,0,,N,B,Y,N,0,124,0
M6085,08,8L,0,,0,,N,B,Y,N,0,124,0
M4794,08,8H,0,,0,,N,B,Y,N,0,124,0
M2129,08,8R,0,,0,,N,B,Y,N,0,124,0
S632,08,8P,0,,0,,0,B,Y,N,0,124,0
T368,21,21C,0,,0,,N,B,Y,N,0,124,0
M0745,08,8J,0,,0,,N,B,N,N,16,124,0
M2531,08,8R,0,,0,,N,B,Y,N,0,124,0
I256,05,5G,0,,0,,N,B,Y,N,1,124,0
M9032,08,8J,0,,0,,N,B,N,N,0,124,0
S100,09,9H,0,,0,,0,B,Y,N,0,124,0
M414,08,8H,0,,0,,N,B,Y,N,0,124,0
N814,13,13F,0,,0,,N,F,Y,N,1,124,0
C694,02,2E,0,,0,,N,B,Y,N,0,124,0
M9058,08,8J,0,,0,,N,B,N,N,0,124,0
S299,04,4Q,0,,0,,0,B,Y,N,0,124,0
B940,02,2D,0,,0,,N,B,Y,Y,0,124,28
A928,18,18F,0,,0,,N,B,Y,N,0,124,0
L433,09,9C,0,,0,,N,B,Y,N,0,124,0
N821,13,13F,0,,0,,N,F,Y,N,0,124,0
M4052,08,8H,0,,0,,N,B,Y,N,0,124,0
R290,10,10C,0,,0,,N,B,Y,N,0,124,0
I281,05,5R,0,,0,,N,B,Y,N,0,124,0
C088,03,3A,0,,0,,N,B,Y,N,0,124,0
N829,13,13F,0,,0,,N,F,Y,N,0,124,0
Q665,08,8R,0,,0,,N,B,Y,N,0,124,0
M4626,08,8D,0,,0,,N,B,Y,N,0,124,0
Z410,09,9D,0,,0,,N,B,Y,N,0,124,0
M4042,08,8H,0,,0,,N,B,Y,N,0,124,0
J459,04,4K,0,,0,,N,B,Y,N,0,124,0
E880,10,10D,0,,0,,N,B,Y,N,0,124,0
S52019,08,8P,0,,0,,7,B,Y,N,0,124,0
Z972,30,,0,,0,,N,B,N,N,0,124,0
M8285,08,8J,0,,0,,N,B,N,N,0,124,0
O348,14,14B,0,,0,,N,F,Y,N,9,60,0
L431,09,9C,0,,0,,N,B,Y,N,0,124,0
K1020,03,3H,0,,0,,N,B,Y,N,0,124,0
B509,18,18C,0,,0,,N,B,Y,N,0,124,0
N850,13,13F,0,,0,,N,F,Y,N,0,124,0
D893,16,16C,0,,0,,N,B,Y,N,0,124,0
I079,05,5K,0,,0,,N,B,Y,N,0,124,0
G213,01,1D,0,,0,,N,B,Y,N,0,124,0
O283,14,14E,0,,0,,N,F,Y,N,9,60,0
Q729,08,8R,0,,0,,N,B,Y,N,0,124,0
O439,14,14B,0,,0,,N,F,Y,N,9,60,0
N870,13,13F,0,,0,,N,F,Y,N,0,124,0
M4683,08,8H,0,,0,,N,B,Y,N,0,124,0
K1300,03,3H,0,,0,,N,B,Y,N,0,124,0
M4808,08,8H,0,,0,,N,B,Y,N,16,124,0
M7135,08,8M,0,,0,,N,B,Y,N,0,124,0
N883,13,13F,0,,0,,N,F,Y,N,0,124,0
M4199,08,8H,0,,0,,N,B,Y,N,0,124,0
Q862,15,,0,,0,,N,B,Y,N,0,124,0
B252,07,7C,0,,0,D,N,B,Y,N,0,124,0
M7640,08,8M,0,,0,,N,B,Y,N,0,124,0
B650,11,11D,0,,0,,N,B,Y,N,0,124,0
D126,06,6J,0,,0,,N,B,Y,N,0,124,0
M434,08,8H,0,,0,,N,B,Y,N,0,124,0
M0086,08,8G,0,,0,,N,B,Y,N,0,124,0
Z226,23,23D,0,,0,,N,B,Y,N,0,124,0
S067,01,1R,0,,0,,1,B,Y,N,0,124,0
T474,21,21C,0,,0,,N,B,Y,N,0,124,0
M0296,08,8J,0,,0,,N,B,Y,N,0,124,0
M8153,08,8J,0,,0,,N,B,Y,N,1,124,0
M7952,08,8R,0,,0,,N,B,Y,N,0,124,0
M480,08,8H,0,,0,,N,B,Y,N,0,124,0
E289,13,13F,0,,0,,N,F,Y,N,0,124,0
R947,10,10E,0,,0,,N,B,Y,N,0,124,0
G903,01,1D,0,,0,,N,B,Y,N,0,124,0
Z120,23,23D,0,,0,,N,B,Y,N,0,124,0
S557,21,21A,0,,0,,0,B,Y,N,0,124,0
M8289,08,8J,0,,0,,N,B,N,N,0,124,0
Q989,12,12E,0,,0,,N,B,Y,N,0,124,0
M0584,08,8F,0,,0,,N,B,Y,N,16,124,0
Z901,23,23D,0,,0,,N,B,Y,N,0,124,0
N915,13,13F,0,,0,,N,F,Y,N,9,60,0
O721,14,14A,0,,0,,N,F,Y,N,9,60,0
U049,04,4C,0,,0,,N,B,Y,N,0,124,0
P961,15,,0,,0,,N,B,Y,N,0,0,0
N923,13,13F,0,,0,,N,F,Y,N,1,124,0
M2392,08,8Q,0,,0,,N,B,Y,N,0,124,0
Z234,23,23D,0,,0,,N,B,Y,N,0,124,0
B430,09,9C,0,,0,,N,B,Y,N,0,124,0
N930,13,13F,0,,0,,N,F,Y,N,1,124,0
D512,16,16A,0,,0,E,N,B,Y,N,0,124,0
M2534,08,8R,0,,0,,N,B,Y,N,0,124,0
N938,13,13F,0,,0,,N,F,Y,N,0,124,0
Z807,23,23D,0,,0,,N,B,Y,N,0,124,0
M0758,08,8J,0,,0,,N,B,N,N,16,124,0
N942,13,13F,0,,0,,N,F,Y,N,1,124,0
P253,15,,0,,0,,N,B,Y,N,0,0,0
N944,13,13F,0,,0,,N,F,Y,N,1,124,0
N62,09,9F,0,,0,,N,B,Y,N,0,124,0
Q172,03,3G,0,,0,,N,B,Y,N,0,124,0
C678,11,11C,0,,0,,N,B,Y,N,0,124,0
N950,13,13F,0,,0,,N,F,Y,N,31,124,0
F984,19,19L,0,,0,,N,B,Y,N,0,124,0
O339,14,14B,0,,0,,N,F,Y,N,9,60,0
F100,20,20A,0,,0,,N,B,Y,N,0,124,0
M0153,08,8J,0,,0,,N,B,N,N,0,124,0
K1439,03,3H,0,,0,,N,B,Y,N,0,124,0
M4383,08,8H,0,,0,,N,B,Y,N,0,124,0
R823,11,11F,0,,0,,N,B,Y,N,0,124,0
M2197,08,8R,0,,0,,N,B,Y,N,0,124,0
S399,21,21A,0,,0,,0,B,Y,N,0,124,0
M7983,08,8L,0,,0,,N,B,Y,N,0,124,0
Z933,30,,0,,0,,N,B,N,N,0,124,0
S0140,09,9H,0,,0,,0,B,Y,N,0,124,0
Q132,02,2D,0,,0,,N,B,Y,N,0,124,0
O331,14,14B,0,,0,,N,F,Y,N,9,60,0
K005,03,3H,0,,0,,N,B,Y,Y,0,124,28
M1209,08,8J,0,,0,,N,B,Y,N,0,124,0
S82218,08,8Q,0,,0,,8,B,Y,N,0,124,0
F608,19,19H,0,,0,,N,B,Y,N,0,124,0
M181,08,8J,0,,0,,N,B,Y,N,0,124,0
O000,14,14F,0,,0,,N,F,Y,N,9,60,0
O001,14,14F,0,,0,,N,F,Y,N,9,60,0
P929,15,,0,,0,,N,B,Y,N,0,0,0
Q992,13,13F,0,,0,,N,B,Y,N,0,124,0
C571,13,13C,0,,0,,N,F,Y,N,0,124,0
O011,14,14L,0,,0,,N,F,Y,N,9,60,0
M4130,08,8H,0,,0,,N,B,Y,N,0,124,0
Q716,08,8R,0,,0,,N,B,Y,N,0,124,0
Q611,11,11K,0,,0,,N,B,Y,N,0,124,0
A084,06,6G,0,,0,,N,B,Y,N,0,124,0
M6141,08,8M,0,,0,,N,B,Y,N,0,124,0
Z801,23,23D,0,,0,,N,B,Y,N,0,124,0
P010,15,,0,,0,,N,B,Y,N,0,0,0
K818,07,7E,0,,0,,N,B,Y,N,0,124,0
B350,09,9D,0,,0,,N,B,Y,N,0,124,0
O039,14,14H,0,,0,,N,F,Y,N,9,60,0
S014,09,9H,0,,0,,0,B,Y,N,0,124,0
O043,14,14H,0,,0,,N,F,Y,N,9,60,0
M950,03,3F,0,,0,,N,B,Y,N,0,124,0
M1049,08,8J,0,,0,,N,B,Y,N,0,124,0
N518,12,12C,0,,0,,N,M,N,N,0,124,0
H698,03,3G,0,,0,,N,B,Y,N,0,124,0
D1809,05,5R,0,,0,,N,B,Y,N,0,124,0
I450,05,5M,0,,0,,N,B,Y,N,0,124,0
M8165,08,8J,0,,0,,N,B,Y,N,0,124,0
O691,14,14A,0,,0,,N,F,Y,N,9,60,0
S8230,08,8Q,0,,0,,0,B,Y,N,0,124,0
P910,15,,0,,0,,N,B,Y,N,0,0,0
H2230,02,2D,0,,0,,N,B,N,N,0,124,0
H279,02,2D,0,,0,,N,B,Y,N,0,124,0
K0688,03,3H,0,,0,,N,B,Y,Y,0,124,28
B439,18,18G,0,,0,,N,B,Y,N,0,124,0
O061,14,14H,0,,0,,N,F,Y,N,9,60,0
K0364,03,3H,0,,0,,N,B,Y,Y,0,124,28
Z982,30,,0,,0,,N,B,N,N,0,124,0
O330,14,14B,0,,0,,N,F,Y,N,9,60,0
O068,14,14H,0,,0,,N,F,Y,N,9,60,0
J310,03,3D,0,,0,,N,B,Y,N,0,124,0
Q633,11,11H,0,,0,,N,B,Y,N,0,124,0
L578,09,9D,0,,0,,N,B,Y,N,0,124,0
A871,01,1L,0,,0,B,N,B,Y,N,0,124,0
M0113,08,8G,0,,0,D,N,B,N,N,0,124,0
K0702,03,3H,0,,0,,N,B,Y,N,0,124,0
M8968,08,8R,0,,0,,N,B,Y,N,0,124,0
M4189,08,8H,0,,0,,N,B,Y,N,0,124,0
L758,09,9D,0,,0,,N,B,Y,N,0,124,0
O660,14,14A,0,,0,,N,F,Y,N,9,60,0
Q3838,03,3H,0,,0,,N,B,Y,N,0,124,0
M4909,08,8D,0,,0,,N,B,N,N,0,124,0
G578,01,1J,0,,0,,N,B,Y,N,0,124,0
M7388,08,8M,0,,0,,N,B,N,N,0,124,0
K0705,03,3H,0,,0,,N,B,Y,N,0,124,0
M0323,08,8J,0,,0,,N,B,N,N,0,124,0
Z703,23,23D,0,,0,,N,B,Y,N,1,124,0
S563,08,8P,0,,0,,0,B,Y,N,0,124,0
R609,23,23B,0,,0,,N,B,Y,N,0,124,0
F718,19,19K,0,,0,,N,B,Y,N,0,124,0
K0682,03,3H,0,,0,,N,B,Y,Y,0,124,28
D260,13,13F,0,,0,,N,F,Y,N,0,124,0
M6012,08,8M,0,,0,,N,B,Y,N,0,124,0
M489,08,8H,0,,0,,N,B,Y,N,0,124,0
M4651,08,8H,0,,0,,N,B,Y,N,0,124,0
M2121,08,8R,0,,0,,N,B,Y,N,0,124,0
L241,09,9D,0,,0,,N,B,Y,N,0,124,0
O757,14,14A,0,,0,,N,F,Y,N,9,60,0
L909,09,9D,0,,0,,N,B,Y,N,0,124,0
M6712,08,8M,0,,0,,N,B,Y,N,0,124,0
K37,06,6J,0,,0,,N,B,Y,N,0,124,0
M2341,08,8R,0,,0,,N,B,Y,N,0,124,0
N711,13,13E,0,,0,,N,F,Y,N,1,124,0
O16,14,14B,0,,0,,N,F,Y,N,9,60,0
O831,14,14A,0,,0,,N,F,Y,N,9,60,0
M722,08,8M,0,,0,,N,B,Y,N,0,124,0
B670,07,7D,0,,0,,N,B,Y,N,0,124,0
Z553,23,23D,0,,0,,N,B,Y,N,0,124,0
M7680,08,8M,0,,0,,N,B,Y,N,0,124,0
O218,14,14B,0,,0,,N,F,Y,N,9,60,0
T492,21,21C,0,,0,,N,B,Y,N,0,124,0
K0530,03,3H,0,,0,,N,B,Y,Y,0,124,28
K010,03,3H,0,,0,,N,B,Y,Y,0,124,28
K0683,03,3H,0,,0,,N,B,Y,Y,0,124,28
K0000,03,3H,0,,0,,N,B,Y,N,1,124,0
M160,08,8J,0,,0,,N,B,Y,N,0,124,0
F072,01,1Q,0,,0,,N,B,Y,N,0,124,0
O341,14,14B,0,,0,,N,F,Y,N,9,60,0
G939,01,1H,0,,0,,N,B,Y,N,0,124,0
M759,08,8M,0,,0,,N,B,Y,N,0,124,0
D761,16,16C,0,,0,,N,B,Y,N,0,124,0
S8280,08,8Q,0,,0,,0,B,Y,N,0,124,0
E640,10,10B,0,,0,E,N,B,Y,N,0,124,0
C741,10,10E,0,,0,,N,B,Y,N,0,124,0
S008,09,9H,0,,0,,0,B,Y,N,0,124,0
O260,14,14B,0,,0,,N,F,Y,N,9,60,0
Z209,23,23D,0,,0,,N,B,Y,N,0,124,0
Z528,23,23D,0,,0,,N,B,Y,N,0,124,0
O263,14,14B,0,,0,,N,F,Y,N,9,60,0
J986,04,4Q,0,,0,,N,B,Y,N,0,124,0
S302,13,13F,0,,0,,0,B,Y,N,0,124,0
T679,21,21E,0,,0,,N,B,Y,N,0,124,0
M2568,08,8L,0,,0,,N,B,Y,N,0,124,0
M8143,08,8J,0,,0,,N,B,Y,N,0,124,0
M1921,08,8J,0,,0,,N,B,Y,N,0,124,0
M4642,08,8H,0,,0,,N,B,Y,N,0,124,0
D173,09,9D,0,,0,,N,B,Y,N,0,124,0
O282,14,14E,0,,0,,N,F,Y,N,9,60,0
Q379,03,3H,0,,0,,N,B,Y,N,0,124,0
M9483,08,8R,0,,0,,N,B,Y,N,0,124,0
M6119,08,8M,0,,0,,N,B,Y,N,0,124,0
K0320,03,3H,0,,0,,N,B,Y,Y,0,124,28
Q801,09,9B,0,,0,,N,B,Y,N,0,124,0
M8707,08,8J,0,,0,,N,B,Y,N,0,124,0
K0701,03,3H,0,,0,,N,B,Y,N,0,124,0
S423,08,8Q,0,,0,,0,B,Y,N,0,124,0
Z925,30,,0,,0,,N,B,N,N,0,124,0
N399,11,11H,0,,0,,N,B,Y,N,0,124,0
M6743,08,8M,0,,0,,N,B,Y,N,0,124,0
O302,14,14B,0,,0,,N,F,Y,N,9,60,0
S358,21,21A,0,,0,,0,B,Y,N,0,124,0
S609,09,9H,0,,0,,0,B,Y,N,0,124,0
M900,08,8D,0,,0,,N,B,N,N,0,124,0
M064,08,8J,0,,0,,N,B,Y,N,0,124,0
F1775,20,20B,0,,0,,N,B,Y,N,0,124,0
O321,14,14B,0,,0,,N,F,Y,N,9,60,0
Z025,30,,0,,0,,N,B,N,N,0,124,0
O323,14,14B,0,,0,,N,F,Y,N,9,60,0
P549,15,,0,,0,,N,B,Y,N,0,0,0
Z230,23,23D,0,,0,,N,B,Y,N,0,124,0
M6591,08,8M,0,,0,,N,B,Y,N,0,124,0
K0068,03,3H,0,,0,,N,B,Y,N,0,124,0
N925,13,13F,0,,0,,N,F,Y,N,1,124,0
B559,18,18H,0,,0,,N,B,Y,N,0,124,0
N839,13,13F,0,,0,,N,F,Y,N,0,124,0
S857,21,21A,0,,0,,0,B,Y,N,0,124,0
O336,14,14B,0,,0,,N,F,Y,N,9,60,0
M9327,08,8J,0,,0,,N,B,Y,N,0,124,0
N9300,13,13F,0,,0,,N,F,Y,N,1,124,0
F2044,19,19B,0,,0,,N,B,Y,N,0,124,0
M894,08,8J,0,,0,,N,B,Y,N,0,124,0
M1115,08,8J,0,,0,,N,B,Y,N,0,124,0
O344,14,14B,0,,0,,N,F,Y,N,9,60,0
O630,14,14A,0,,0,,N,F,Y,N,9,60,0
H46,02,2B,0,,0,,N,B,Y,N,0,124,0
M2115,08,8R,0,,0,,N,B,Y,N,0,124,0
M8985,08,8R,0,,0,,N,B,Y,N,0,124,0
E163,10,10E,0,,0,,N,B,Y,N,0,124,0
M6199,08,8M,0,,0,,N,B,Y,N,0,124,0
M4680,08,8H,0,,0,,N,B,Y,N,0,124,0
H919,03,3G,0,,0,,N,B,Y,N,0,124,0
M8710,08,8J,0,,0,,N,B,Y,N,0,124,0
I252,05,5G,0,,0,,N,B,Y,N,1,124,0
K0028,03,3H,0,,0,,N,B,Y,Y,0,124,28
Z856,30,,0,,0,,N,B,N,N,0,124,0
M2488,08,8R,0,,0,,N,B,Y,N,0,124,0
P965,15,,0,,0,,N,B,Y,N,0,0,0
L238,09,9D,0,,0,,N,B,Y,N,0,124,0
N748,13,13E,0,,0,,N,F,N,N,0,124,0
O363,14,14B,0,,0,,N,F,Y,N,9,60,0
C502,09,9E,0,,0,,N,B,Y,N,0,124,0
M2322,08,8Q,0,,0,,N,B,Y,N,0,124,0
D012,06,6A,0,,0,,N,B,Y,N,0,124,0
G910,01,1D,0,,0,,N,B,Y,N,0,124,0
D390,13,13A,0,,0,,N,F,Y,N,0,124,0
M7697,08,8M,0,,0,,N,B,Y,N,0,124,0
I158,05,5H,0,,0,,N,B,Y,N,1,124,0
M5385,08,8H,0,,0,,N,B,Y,N,0,124,0
M2172,08,8R,0,,0,,N,B,Y,N,0,124,0
M9900,30,,0,,0,,N,B,N,N,0,124,0
G433,01,1Q,0,,0,,N,B,Y,N,0,124,0
M7264,08,8M,0,,0,,N,B,Y,N,0,124,0
R067,30,,0,,0,,N,B,N,N,0,124,0
O422,14,14B,0,,0,,N,F,Y,N,9,60,0
S7083,09,9H,0,,0,,0,B,Y,N,0,124,0
M4026,08,8H,0,,0,,N,B,Y,N,0,124,0
O431,14,14B,0,,0,,N,F,Y,N,9,60,0
O438,14,14B,0,,0,,N,F,Y,N,9,60,0
N86,13,13F,0,,0,,N,F,Y,N,0,124,0
M2390,08,8Q,0,,0,,N,B,Y,N,0,124,0
K0371,03,3H,0,,0,,N,B,Y,Y,0,124,28
K142,03,3H,0,,0,,N,B,Y,N,0,124,0
M2563,08,8L,0,,0,,N,B,Y,N,0,124,0
D431,01,1C,0,,0,,N,B,Y,N,0,124,0
M6600,08,8M,0,,0,,N,B,Y,N,0,124,0
O834,14,14A,0,,0,,N,F,Y,N,9,60,0
O479,14,14J,0,,0,,N,F,Y,N,9,60,0
H264,02,2D,0,,0,,N,B,Y,N,0,124,0
S211,21,21A,0,,0,,0,B,Y,N,0,124,0
O601,14,14A,0,,0,,N,F,Y,N,9,60,0
L669,09,9D,0,,0,,N,B,Y,N,0,124,0
S430,08,8Q,0,,0,,0,B,Y,N,0,124,0
D34,10,10E,0,,0,,N,B,Y,N,0,124,0
M4941,08,8H,0,,0,,N,B,N,N,0,124,0
O618,14,14A,0,,0,,N,F,Y,N,9,60,0
O619,14,14A,0,,0,,N,F,Y,N,9,60,0
H813,03,3B,0,,0,,N,B,Y,N,0,124,0
M7977,08,8L,0,,0,,N,B,Y,N,0,124,0
O622,14,14A,0,,0,,N,F,Y,N,9,60,0
J128,04,4C,0,,0,D,N,B,Y,N,0,124,0
O624,14,14A,0,,0,,N,F,Y,N,9,60,0
G438,01,1Q,0,,0,,N,B,Y,N,0,124,0
M2518,08,8L,0,,0,,N,B,Y,N,0,124,0
O345,14,14B,0,,0,,N,F,Y,N,9,60,0
S212,21,21A,0,,0,,0,B,Y,N,0,124,0
O639,14,14A,0,,0,,N,F,Y,N,9,60,0
M0629,08,8F,0,,0,,N,B,Y,N,0,124,0
K1329,03,3H,0,,0,E,N,B,Y,N,0,124,0
S42019,08,8Q,0,,0,,0,B,Y,N,0,124,0
D489,17,17C,0,,0,,N,B,Y,N,0,124,0
M9017,08,8D,0,,0,,N,B,N,N,0,124,0
O621,14,14A,0,,0,,N,F,Y,N,9,60,0
B958,30,,0,,0,,N,B,N,N,0,124,0
H355,02,2D,0,,0,,N,B,Y,N,0,124,0
M8919,08,8R,0,,0,,N,B,Y,N,0,19,0
Z728,19,19L,0,,0,,N,B,Y,N,0,124,0
N392,11,11H,0,,0,,N,B,Y,N,0,124,0
O658,14,14A,0,,0,,N,F,Y,N,9,60,0
C113,03,3A,0,,0,,N,B,Y,N,0,124,0
Z851,30,,0,,0,,N,B,N,N,0,124,0
L563,09,9D,0,,0,,N,B,Y,N,0,124,0
L400,09,9B,0,,0,,N,B,Y,N,0,124,0
M6083,08,8L,0,,0,,N,B,Y,N,0,124,0
G112,01,1E,0,,0,,N,B,Y,N,0,124,0
C322,03,3A,0,,0,,N,B,Y,N,0,124,0
M865,08,8D,0,,0,,N,B,Y,N,0,124,0
S099,01,1T,0,,0,,0,B,Y,N,0,124,0
M485,08,8E,0,,0,,N,B,Y,N,0,124,0
Z877,30,,0,,0,,N,B,N,N,0,124,0
D750,16,16C,0,,0,,N,B,Y,N,0,124,0
Z717,23,23D,0,,0,,N,B,Y,N,0,124,0
Z490,11,11B,0,,0,,N,B,Y,N,0,124,0
E062,10,10E,0,,0,,N,B,Y,N,0,124,0
D1804,03,3G,0,,0,,N,B,Y,N,0,124,0
J620,04,4P,0,,0,,N,B,Y,N,1,124,0
O700,14,14A,0,,0,,N,F,Y,N,9,60,0
M5484,08,8H,0,,0,,N,B,Y,N,0,124,0
N44,12,12E,0,,0,,N,M,Y,N,0,124,0
O703,14,14A,0,,0,,N,F,Y,N,9,60,0
G249,01,1D,0,,0,,N,B,Y,N,0,124,0
H342,02,2B,0,,0,,N,B,Y,N,0,124,0
D122,06,6J,0,,0,,N,B,Y,N,0,124,0
M6022,08,8M,0,,0,,N,B,Y,N,0,124,0
K068,03,3H,0,,0,,N,B,Y,Y,0,124,28
O714,14,14A,0,,0,,N,F,Y,N,9,60,0
O715,14,14A,0,,0,,N,F,Y,N,9,60,0
M8581,08,8R,0,,0,,N,B,Y,N,0,124,0
M2443,08,8P,0,,0,,N,B,Y,N,0,124,0
A638,13,13D,0,,0,,N,B,Y,N,0,124,0
M4291,08,8J,0,,0,,N,B,Y,N,0,124,0
K222,06,6H,0,,0,,N,B,Y,Y,0,124,28
C410,08,8E,0,,0,,N,B,Y,N,0,124,0
Q113,02,2D,0,,0,,N,B,Y,N,0,124,0
T460,21,21C,0,,0,,N,B,Y,N,0,124,0
Q962,13,13F,0,,0,,N,B,Y,N,0,124,0
M0328,08,8J,0,,0,,N,B,N,N,0,124,0
Q768,04,4Q,0,,0,,N,B,Y,N,0,124,0
S82308,08,8Q,0,,0,,0,B,Y,N,0,124,0
G64,01,1J,0,,0,,N,B,Y,N,0,124,0
N135,11,11D,0,,0,,N,B,Y,N,0,124,0
T100,08,8Q,0,,0,,0,B,Y,N,0,124,0
M861,08,8D,0,,0,,N,B,Y,N,0,124,0
P001,15,,0,,0,,N,B,Y,N,0,0,0
M1191,08,8J,0,,0,,N,B,Y,N,0,124,0
E550,08,8J,0,,0,E,N,B,Y,N,0,124,0
N851,13,13F,0,,0,,N,F,Y,N,0,124,0
H281,02,2D,0,,0,,N,B,N,N,0,124,0
O756,14,14A,0,,0,,N,F,Y,N,9,60,0
M8966,08,8R,0,,0,,N,B,Y,N,0,124,0
P948,15,,0,,0,,N,B,Y,N,0,0,0
Q812,09,9B,0,,0,,N,B,Y,N,0,124,0
G250,01,1U,0,,0,,N,B,Y,N,0,124,0
C000,03,3A,0,,0,,N,B,Y,N,0,124,0
L081,09,9D,0,,0,,N,B,Y,N,0,124,0
O810,14,14A,0,,0,,N,F,Y,N,9,60,0
Z967,30,,0,,0,,N,B,N,N,0,124,0
M7924,01,1J,0,,0,E,N,B,Y,N,0,124,0
D251,13,13F,0,,0,,N,F,Y,N,0,124,0
Z760,23,23D,0,,0,,N,B,Y,N,0,124,0
A167,04,4C,0,,0,D,N,B,Y,N,0,124,0
O828,14,14A,0,,0,,N,F,Y,N,9,60,0
M8940,08,8J,0,,0,,N,B,Y,N,0,124,0
D235,09,9D,0,,0,,N,B,Y,N,0,124,0
M8666,08,8D,0,,0,,N,B,Y,N,0,124,0
Q3832,03,3H,0,,0,,N,B,Y,N,0,124,0
Z349,30,,0,,0,,N,F,N,N,9,60,0
D379,06,6A,0,,0,,N,B,Y,N,0,124,0
A680,18,18H,0,,0,,N,B,Y,N,0,124,0
O840,14,14A,0,,0,,N,F,Y,N,9,60,0
M4196,08,8H,0,,0,,N,B,Y,N,0,124,0
O848,14,14A,0,,0,,N,F,Y,N,9,60,0
D061,13,13B,0,,0,,N,F,Y,N,0,124,0
Z034,05,5Q,0,,0,,N,B,Y,N,0,124,0
M2149,08,8R,0,,0,,N,B,Y,N,0,124,0
M468,08,8H,0,,0,,N,B,Y,N,0,124,0
B868,09,9C,0,,0,,N,B,Y,N,0,124,0
N818,13,13F,0,,0,,N,F,Y,N,1,124,0
M7783,08,8M,0,,0,,N,B,Y,N,0,124,0
A510,13,13D,0,,0,,N,B,Y,N,0,124,0
A779,18,18H,0,,0,,N,B,Y,N,0,124,0
A930,18,18F,0,,0,,N,B,Y,N,0,124,0
O878,14,14C,0,,0,,N,F,Y,N,9,60,0
M4935,08,8H,0,,0,,N,B,N,N,0,124,0
I988,05,5G,0,,0,,N,B,N,N,0,124,0
I493,05,5M,0,,0,,N,B,Y,N,0,124,0
Q662,08,8R,0,,0,,N,B,Y,N,0,124,0
D048,09,9C,0,,0,,N,B,Y,N,0,124,0
H263,02,2D,0,,0,,N,B,Y,N,0,124,0
M0600,08,8F,0,,0,,N,B,Y,N,16,124,0
G602,01,1J,0,,0,,N,B,Y,N,0,124,0
M1010,21,21C,0,,0,,N,B,Y,N,0,124,0
B379,18,18G,0,,0,,N,B,Y,N,0,124,0
M7901,08,8L,0,,0,,N,B,Y,N,0,124,0
M9061,08,8J,0,,0,,N,B,N,N,0,124,0
E710,10,10D,0,,0,,N,B,Y,N,0,124,0
G570,01,1J,0,,0,,N,B,Y,N,0,124,0
K0710,03,3H,0,,0,,N,B,Y,N,0,124,0
M8081,08,8E,0,,0,,N,B,Y,N,0,124,0
B672,18,18H,0,,0,,N,B,Y,N,0,124,0
M9041,08,8J,0,,0,,N,B,N,N,0,124,0
M0587,08,8F,0,,0,,N,B,Y,N,16,124,0
M2182,08,8R,0,,0,,N,B,Y,N,0,124,0
O925,14,14C,0,,0,,N,F,Y,N,9,60,0
M2329,08,8Q,0,,0,,N,B,Y,N,0,124,0
C572,13,13C,0,,0,,N,F,Y,N,0,124,0
O94,30,,0,,0,,N,F,N,N,9,60,0
H505,02,2B,0,,0,,N,B,Y,N,0,124,0
O96,30,,0,,0,,N,F,N,N,9,60,0
O960,30,,0,,0,,N,F,N,N,9,60,0
M2517,08,8L,0,,0,,N,B,Y,N,0,124,0
Z586,23,23D,0,,0,,N,B,Y,N,0,124,0
O353,14,14B,0,,0,,N,F,Y,N,9,60,0
R930,23,23B,0,,0,,N,B,Y,N,0,124,0
F788,19,19K,0,,0,,N,B,Y,N,0,124,0
S62112,08,8P,0,,0,,0,B,Y,N,0,124,0
K0618,03,3H,0,,0,,N,B,Y,Y,0,124,28
D386,04,4M,0,,0,,N,B,Y,N,0,124,0
M8019,08,8E,0,,0,,N,F,Y,N,1,124,0
B560,18,18H,0,,0,,N,B,Y,N,0,124,0
M7610,08,8M,0,,0,,N,B,Y,N,0,124,0
T931,30,,0,,0,,N,B,N,N,0,124,0
M8091,08,8E,0,,0,,N,B,Y,N,0,124,0
S62102,08,8P,0,,0,,0,B,Y,N,0,124,0
M0741,08,8J,0,,0,,N,B,N,N,16,124,0
M7737,08,8R,0,,0,,N,B,Y,N,0,124,0
M9425,08,8J,0,,0,,N,B,Y,N,0,124,0
M0158,08,8J,0,,0,,N,B,N,N,0,124,0
M8531,08,8J,0,,0,,N,B,Y,N,0,124,0
H025,02,2D,0,,0,,N,B,Y,N,0,124,0
D465,17,17B,0,,0,,N,B,Y,N,0,124,0
A514,06,6J,0,,0,,N,B,Y,N,1,124,0
S617,21,21A,0,,0,,0,B,Y,N,0,124,0
M1914,08,8J,0,,0,,N,B,Y,N,0,124,0
R700,23,23B,0,,0,,N,B,Y,N,0,124,0
M6585,08,8M,0,,0,,N,B,Y,N,0,124,0
T924,30,,0,,0,,N,B,N,N,0,124,0
P024,15,,0,,0,,N,B,Y,N,0,0,0
L689,09,9D,0,,0,,N,B,Y,N,0,124,0
R261,01,1U,0,,0,,N,B,Y,N,0,124,0
M795,08,8R,0,,0,,N,B,Y,N,0,124,0
M8538,08,8J,0,,0,,N,B,Y,N,0,124,0
B975,30,,0,,0,,N,B,N,N,0,124,0
Q541,12,12E,0,,0,,N,M,Y,N,0,124,0
S597,21,21A,0,,0,,0,B,Y,N,0,124,0
M4188,08,8H,0,,0,,N,B,Y,N,0,124,0
M4825,08,8H,0,,0,,N,B,Y,N,0,124,0
Q3859,03,3H,0,,0,,N,B,Y,N,0,124,0
G375,01,1E,0,,0,,N,B,Y,N,0,124,0
N808,13,13F,0,,0,,N,F,Y,N,1,124,0
S565,08,8P,0,,0,,0,B,Y,N,0,124,0
M1002,08,8J,0,,0,,N,B,Y,N,0,124,0
D486,09,9E,0,,0,,N,B,Y,N,0,124,0
S82200,08,8Q,0,,0,,0,B,Y,N,0,124,0
M7789,08,8M,0,,0,,N,B,Y,N,0,124,0
D180,05,5R,0,,0,,N,B,Y,N,0,124,0
M7109,08,8M,0,,0,,N,B,Y,N,0,124,0
M0813,08,8F,0,,0,,N,B,Y,N,0,124,0
P589,15,,0,,0,,N,B,Y,N,0,0,0
B833,18,18H,0,,0,,N,B,Y,N,0,124,0
M8011,08,8E,0,,0,,N,F,Y,N,1,124,0
N082,11,11H,0,,0,,N,B,N,N,0,124,0
K259,06,6D,0,,0,,N,B,Y,N,0,124,0
M1116,08,8J,0,,0,,N,B,Y,N,0,124,0
S540,01,1J,0,,0,,7,B,Y,N,0,124,0
S025,03,3H,0,,0,,0,B,Y,N,0,124,0
M1123,08,8J,0,,0,,N,B,Y,N,0,124,0
M6298,08,8M,0,,0,,N,B,Y,N,0,124,0
C750,10,10E,0,,0,,N,B,Y,N,0,124,0
S82208,08,8Q,0,,0,,0,B,Y,N,0,124,0
O419,14,14B,0,,0,,N,F,Y,N,9,60,0
A848,01,1K,0,,0,,N,B,Y,N,0,124,0
S5313,08,8Q,0,,0,,0,B,Y,N,0,124,0
S467,08,8Q,0,,0,,0,B,Y,N,0,124,0
T310,22,22C,0,,0,,N,B,Y,N,0,124,0
A202,04,4C,0,,0,,N,B,Y,N,0,124,0
S235,08,8H,0,,0,,0,B,Y,N,0,124,0
S530,08,8Q,0,,0,,0,B,Y,N,0,124,0
S52009,08,8P,0,,0,,0,B,Y,N,0,124,0
T374,21,21C,0,,0,,N,B,Y,N,0,124,0
Z008,30,,0,,0,,N,B,N,N,0,124,0
L030,09,9G,0,,0,,N,B,Y,N,0,124,0
F488,19,19D,0,,0,,N,B,Y,N,0,124,0
M4155,08,8H,0,,0,,N,B,Y,N,0,124,0
M7931,09,9C,0,,0,,N,B,Y,N,0,124,0
Q783,08,8R,0,,0,,N,B,Y,N,0,124,0
N072,11,11H,0,,0,,N,B,Y,N,0,124,0
G231,01,1D,0,,0,,N,B,Y,N,0,124,0
K135,03,3H,0,,0,,N,B,Y,N,0,124,0
D1001,03,3H,0,,0,,N,B,Y,N,0,124,0
M1120,08,8J,0,,0,,N,B,Y,N,0,124,0
H748,03,3G,0,,0,,N,B,Y,N,0,124,0
P503,15,,0,,0,,N,B,Y,N,0,0,0
I659,01,1G,0,,0,,N,B,Y,N,0,124,0
G572,01,1J,0,,0,,N,B,Y,N,0,124,0
K0929,03,3H,0,,0,,N,B,Y,N,0,124,0
K0910,03,3H,0,,0,,N,B,Y,N,0,124,0
K0729,03,3H,0,,0,,N,B,Y,Y,0,124,28
S698,21,21A,0,,0,,0,B,Y,N,0,124,0
S317,21,21A,0,,0,,0,B,Y,N,0,124,0
G711,01,1U,0,,0,,N,B,Y,N,0,124,0
N854,13,13F,0,,0,,N,F,Y,N,0,124,0
E888,10,10D,0,,0,,N,B,Y,N,0,124,0
F1220,20,20F,0,,0,,N,B,Y,N,0,124,0
S52502,08,8P,0,,0,,0,B,Y,N,0,124,0
Z208,23,23D,0,,0,,N,B,Y,N,0,124,0
T523,21,21C,0,,0,,N,B,Y,N,0,124,0
C671,11,11C,0,,0,,N,B,Y,N,0,124,0
L631,09,9C,0,,0,,N,B,Y,N,0,124,0
M4040,08,8H,0,,0,,N,B,Y,N,0,124,0
Q961,13,13F,0,,0,,N,B,Y,N,0,124,0
S52314,08,8P,0,,0,,7,B,Y,N,0,124,0
S52313,08,8P,0,,0,,7,B,Y,N,0,124,0
R899,23,23B,0,,0,,N,B,Y,N,0,124,0
M7153,08,8M,0,,0,,N,B,Y,N,0,124,0
M2494,08,8R,0,,0,,N,B,Y,N,0,124,0
S52304,08,8P,0,,0,,0,B,Y,N,0,124,0
M7239,08,8M,0,,0,,N,B,Y,N,0,124,0
M2557,08,8L,0,,0,,N,B,Y,N,0,124,0
M9428,08,8J,0,,0,,N,B,Y,N,0,124,0
T743,21,21E,0,,0,,N,B,Y,N,0,124,0
J668,04,4P,0,,0,,N,B,Y,N,1,124,0
S650,21,21A,0,,0,,7,B,Y,N,0,124,0
P109,15,,0,,0,,N,B,Y,N,0,0,0
K100,03,3H,0,,0,,N,B,Y,N,0,124,0
Q369,03,3H,0,,0,,N,B,Y,N,0,124,0
K868,07,7C,0,,0,,N,B,Y,N,0,124,0
M8664,08,8D,0,,0,,N,B,Y,N,0,124,0
Q892,10,10E,0,,0,,N,B,Y,N,0,124,0
M2588,08,8L,0,,0,,N,B,Y,N,0,124,0
M889,08,8J,0,,0,,N,B,Y,N,0,124,0
K054,03,3H,0,,0,,N,B,Y,Y,0,124,28
S332,08,8H,0,,0,,0,B,Y,N,0,124,0
R778,23,23B,0,,0,,N,B,Y,N,0,124,0
E061,10,10E,0,,0,,N,B,Y,N,0,124,0
M016,08,8G,0,,0,,N,B,N,N,0,124,0
S307,09,9H,0,,0,,0,B,Y,N,0,124,0
D813,10,10D,0,,0,,N,B,Y,N,0,124,0
M7929,01,1J,0,,0,E,N,B,Y,N,0,124,0
K901,06,6H,0,,0,,N,B,Y,N,0,124,0
T207,22,22B,0,,0,,N,B,Y,N,0,124,0
H406,02,2D,0,,0,,N,B,Y,Y,0,124,28
K049,03,3H,0,,0,,N,B,Y,Y,0,124,28
M2560,08,8L,0,,0,,N,B,Y,N,0,124,0
S92300,08,8P,0,,0,,0,B,Y,N,0,124,0
S4280,08,8Q,0,,0,,0,B,Y,N,0,124,0
R119,06,6H,0,,0,,N,B,Y,N,0,124,0
J302,03,3D,0,,0,,N,B,Y,N,0,124,0
M7282,08,8M,0,,0,,N,B,Y,N,0,124,0
S52018,08,8P,0,,0,,7,B,Y,N,0,124,0
I714,05,5F,0,,0,,N,B,Y,N,0,124,0
S52012,08,8P,0,,0,,7,B,Y,N,0,124,0
M839,08,8J,0,,0,,N,B,Y,N,0,124,0
F1203,20,20F,0,,0,,N,B,Y,N,0,124,0
C400,08,8E,0,,0,,N,B,Y,N,0,124,0
S699,21,21A,0,,0,,0,B,Y,N,0,124,0
S52007,08,8P,0,,0,,0,B,Y,N,0,124,0
O071,14,14H,0,,0,,N,F,Y,N,9,60,0
Q704,08,8R,0,,0,,N,B,Y,N,0,124,0
M7972,08,8L,0,,0,,N,B,Y,N,0,124,0
F527,19,19M,0,,0,,N,B,Y,N,0,124,0
L814,09,9D,0,,0,,N,B,Y,N,0,124,0
Z579,23,23D,0,,0,,N,B,Y,N,0,124,0
S518,09,9H,0,,0,,0,B,Y,N,0,124,0
S517,21,21A,0,,0,,0,B,Y,N,0,124,0
M2360,08,8Q,0,,0,,N,B,Y,N,0,124,0
M6192,08,8M,0,,0,,N,B,Y,N,0,124,0
O996,14,14B,0,,0,,N,F,Y,N,9,60,0
F418,19,19F,0,,0,,N,B,Y,N,0,124,0
L42,09,9D,0,,0,,N,B,Y,N,0,124,0
H318,02,2D,0,,0,,N,B,Y,N,0,124,0
Q010,01,1U,0,,0,,N,B,Y,N,0,124,0
M2198,08,8R,0,,0,,N,B,Y,N,0,124,0
S507,09,9H,0,,0,,0,B,Y,N,0,124,0
S033,03,3G,0,,0,,0,B,Y,N,0,124,0
P579,15,,0,,0,,N,B,Y,N,0,0,0
M1005,08,8J,0,,0,,N,B,Y,N,0,124,0
K1022,03,3H,0,,0,,N,B,Y,N,0,124,0
M350,08,8S,0,,0,,N,B,Y,N,0,124,0
T748,21,21D,0,,0,,N,B,Y,N,0,124,0
S4201,08,8Q,0,,0,,0,B,Y,N,0,124,0
M2483,08,8R,0,,0,,N,B,Y,N,0,124,0
T675,21,21E,0,,0,,N,B,Y,N,0,124,0
M5491,08,8H,0,,0,,N,B,Y,N,0,124,0
Q933,19,19K,0,,0,,N,B,Y,N,0,124,0
D433,01,1C,0,,0,,N,B,Y,N,0,124,0
M2382,08,8Q,0,,0,,N,B,Y,N,0,124,0
N076,11,11H,0,,0,,N,B,Y,N,0,124,0
K225,06,6H,0,,0,,N,B,Y,N,0,124,0
S458,21,21A,0,,0,,0,B,Y,N,0,124,0
S453,21,21A,0,,0,,0,B,Y,N,0,124,0
S452,21,21A,0,,0,,7,B,Y,N,0,124,0
H521,02,2D,0,,0,,N,B,Y,N,0,124,0
S450,21,21A,0,,0,,7,B,Y,N,0,124,0
Z244,23,23D,0,,0,,N,B,Y,N,0,124,0
D021,04,4M,0,,0,,N,B,Y,N,0,124,0
L703,09,9D,0,,0,,N,B,Y,N,0,124,0
S42312,08,8Q,0,,0,,7,B,Y,N,0,124,0
L041,16,16C,0,,0,E,N,B,Y,N,0,124,0
S443,01,1J,0,,0,,7,B,Y,N,0,124,0
S390,08,8C,0,,0,,0,B,Y,N,0,124,0
M6742,08,8M,0,,0,,N,B,Y,N,0,124,0
S314,13,13F,0,,0,,0,F,Y,N,0,124,0
S643,01,1J,0,,0,,0,B,Y,N,0,124,0
M8284,08,8J,0,,0,,N,B,N,N,0,124,0
S432,04,4G,0,,0,,0,B,Y,N,0,124,0
Z735,23,23D,0,,0,,N,B,Y,N,0,124,0
M146,08,8J,0,,0,,N,B,N,N,0,124,0
O049,14,14H,0,,0,,N,F,Y,N,9,60,0
R179,07,7D,0,,0,,N,B,Y,N,0,124,0
S8359,08,8Q,0,,0,,0,B,Y,N,0,124,0
S4300,08,8Q,0,,0,,0,B,Y,N,0,124,0
M6269,08,8M,0,,0,,N,B,Y,N,0,124,0
H502,02,2B,0,,0,,N,B,Y,N,0,124,0
F4001,19,19F,0,,0,,N,B,Y,N,0,124,0
S429,08,8Q,0,,0,,0,B,Y,N,0,124,0
A371,04,4L,0,,0,,N,B,Y,N,0,124,0
N077,11,11H,0,,0,,N,B,Y,N,0,124,0
S634,08,8P,0,,0,,0,B,Y,N,0,124,0
M4981,08,8H,0,,0,,N,B,N,N,0,124,0
Z595,23,23D,0,,0,,N,B,Y,N,0,124,0
M1285,08,8K,0,,0,,N,B,Y,N,0,124,0
E631,10,10C,0,,0,E,N,B,Y,N,0,124,0
M779,08,8M,0,,0,,N,B,Y,N,0,124,0
B428,18,18G,0,,0,,N,B,Y,N,0,124,0
A208,18,18H,0,,0,,N,B,Y,N,0,124,0
M6231,08,8M,0,,0,,N,B,Y,N,0,124,0
R832,23,23B,0,,0,,N,B,Y,N,0,124,0
K0040,03,3H,0,,0,,N,B,Y,Y,0,124,28
I7010,11,11K,0,,0,,N,B,Y,N,1,124,0
Z207,23,23D,0,,0,,N,B,Y,N,0,124,0
I521,05,5G,0,,0,,N,B,N,N,0,124,0
O310,14,14B,0,,0,,N,F,Y,N,9,60,0
T365,21,21C,0,,0,,N,B,Y,N,0,124,0
M6208,08,8M,0,,0,,N,B,Y,N,0,124,0
L679,09,9D,0,,0,,N,B,Y,N,0,124,0
R877,23,23B,0,,0,,N,F,Y,N,0,124,0
T339,21,21E,0,,0,,N,B,Y,N,0,124,0
A609,13,13D,0,,0,D,N,B,Y,N,0,124,0
D582,16,16A,0,,0,,N,B,Y,N,0,124,0
Z005,30,,0,,0,,N,B,N,N,0,124,0
S4231,08,8Q,0,,0,,7,B,Y,N,0,124,0
T1420,08,8R,0,,0,,0,B,Y,N,0,124,0
M8343,08,8J,0,,0,,N,B,Y,N,1,124,0
F6031,19,19H,0,,0,,N,B,Y,N,0,124,0
D190,04,4M,0,,0,,N,B,Y,N,0,124,0
S654,21,21A,0,,0,,0,B,Y,N,0,124,0
F809,19,19J,0,,0,,N,B,Y,Y,0,124,28
M4397,08,8H,0,,0,,N,B,Y,N,0,124,0
R301,11,11F,0,,0,,N,B,Y,N,0,124,0
K0902,03,3H,0,,0,,N,B,Y,N,0,124,0
Q7230,08,8R,0,,0,,N,B,Y,N,0,124,0
F3131,19,19C,0,,0,,N,B,Y,N,0,124,0
O829,14,14A,0,,0,,N,F,Y,N,9,60,0
B950,30,,0,,0,,N,B,N,N,0,124,0
M2420,08,8M,0,,0,,N,B,Y,N,0,124,0
S62114,08,8P,0,,0,,0,B,Y,N,0,124,0
D409,12,12A,0,,0,,N,B,Y,N,0,124,0
A57,13,13D,0,,0,,N,B,Y,N,0,124,0
Q514,13,13F,0,,0,,N,F,Y,N,0,124,0
S457,21,21A,0,,0,,0,B,Y,N,0,124,0
M7656,08,8M,0,,0,,N,B,Y,N,0,124,0
D410,11,11C,0,,0,,N,B,Y,N,0,124,0
K1448,03,3H,0,,0,,N,B,Y,N,0,124,0
S9088,09,9H,0,,0,,0,B,Y,N,0,124,0
M8136,08,8J,0,,0,,N,B,Y,N,0,124,0
S42112,08,8Q,0,,0,,0,B,Y,N,0,124,0
B829,06,6L,0,,0,,N,B,Y,N,0,124,0
T343,21,21E,0,,0,,N,B,Y,N,0,124,0
Q858,17,17C,0,,0,,N,B,Y,N,0,124,0
S42107,08,8Q,0,,0,,0,B,Y,N,0,124,0
K622,06,6J,0,,0,,N,B,Y,N,0,124,0
K511,06,6E,0,,0,,N,B,Y,N,0,124,0
Q452,07,7C,0,,0,,N,B,Y,N,0,124,0
F555,20,20F,0,,0,,N,B,Y,N,0,124,0
S647,01,1J,0,,0,,0,B,Y,N,0,124,0
S42412,08,8Q,0,,0,,7,B,Y,N,0,124,0
S798,21,21A,0,,0,,0,B,Y,N,0,124,0
R34,11,11F,0,,0,,N,B,Y,N,0,124,0
M0117,08,8G,0,,0,D,N,B,N,N,0,124,0
M2486,08,8R,0,,0,,N,B,Y,N,0,124,0
F610,19,19H,0,,0,,N,B,Y,N,0,124,0
S837,08,8Q,0,,0,,0,B,Y,N,0,124,0
H650,03,3D,0,,0,,N,B,Y,N,0,124,0
S42001,08,8Q,0,,0,,0,B,Y,N,0,124,0
S4200,08,8Q,0,,0,,0,B,Y,N,0,124,0
Q985,12,12E,0,,0,,N,B,Y,N,0,124,0
M8189,08,8J,0,,0,,N,B,Y,N,0,124,0
S337,08,8C,0,,0,,0,B,Y,N,0,124,0
O073,14,14H,0,,0,,N,F,Y,N,9,60,0
Q518,13,13F,0,,0,,N,F,Y,N,0,124,0
M730,08,8G,0,,0,,N,B,N,N,0,124,0
T457,21,21C,0,,0,,N,B,Y,N,0,124,0
S850,21,21A,0,,0,,8,B,Y,N,0,124,0
A438,18,18H,0,,0,D,N,B,Y,N,0,124,0
H547,02,2D,0,,0,E,N,B,Y,N,0,124,0
L022,09,9G,0,,0,,N,B,Y,N,0,124,0
F4325,19,19E,0,,0,,N,B,Y,N,0,124,0
M895,08,8R,0,,0,,N,B,Y,N,0,124,0
H664,03,3D,0,,0,,N,B,Y,N,0,124,0
M9416,08,8R,0,,0,,N,B,Y,N,0,124,0
H720,03,3G,0,,0,,N,B,Y,N,0,124,0
S383,21,21A,0,,0,,0,B,Y,N,0,124,0
S382,13,13F,0,,0,,0,B,Y,N,0,124,0
M4322,08,8H,0,,0,,N,B,Y,N,0,124,0
S381,21,21A,0,,0,,0,B,Y,N,0,124,0
T399,21,21C,0,,0,,N,B,Y,N,0,124,0
M4833,08,8H,0,,0,,N,B,Y,N,0,124,0
S02519,03,3H,0,,0,,0,B,Y,N,0,124,0
Z379,30,,0,,0,,N,F,N,N,9,60,0
M2513,08,8L,0,,0,,N,B,Y,N,0,124,0
S208,09,9H,0,,0,,0,B,Y,N,0,124,0
E893,10,10E,0,,0,,N,B,Y,N,0,124,0
Z965,30,,0,,0,,N,B,N,N,0,124,0
Z597,23,23D,0,,0,,N,B,Y,N,0,124,0
P124,15,,0,,0,,N,B,Y,N,0,0,0
M8148,08,8J,0,,0,,N,B,Y,N,0,124,0
M1043,08,8J,0,,0,,N,B,Y,N,0,124,0
C758,10,10E,0,,0,,N,B,Y,N,0,124,0
K0508,03,3H,0,,0,,N,B,Y,Y,0,124,28
E010,10,10E,0,,0,,N,B,Y,N,0,124,0
S678,21,21A,0,,0,,0,B,Y,N,0,124,0
M4929,08,8H,0,,0,,N,B,N,N,0,124,0
N258,11,11H,0,,0,,N,B,Y,N,0,124,0
H71,03,3G,0,,0,,N,B,Y,N,0,124,0
T404,21,21C,0,,0,,N,B,Y,N,0,124,0
Q563,10,10E,0,,0,,N,B,Y,N,0,124,0
R509,18,18E,0,,0,E,N,B,Y,N,0,124,0
M7985,08,8L,0,,0,,N,B,Y,N,0,124,0
M2157,08,8R,0,,0,,N,B,Y,N,0,124,0
B971,30,,0,,0,,N,B,N,N,0,124,0
N899,13,13F,0,,0,,N,F,Y,N,0,124,0
H523,02,2D,0,,0,,N,B,Y,N,0,124,0
S981,21,21A,0,,0,,0,B,Y,N,0,124,0
I369,05,5K,0,,0,,N,B,Y,N,0,124,0
Q313,03,3G,0,,0,,N,B,Y,N,0,124,0
K839,07,7E,0,,0,,N,B,Y,N,0,124,0
S280,21,21A,0,,0,,0,B,Y,N,0,124,0
D1802,07,7D,0,,0,,N,B,Y,N,0,124,0
M9324,08,8J,0,,0,,N,B,Y,N,0,124,0
E649,10,10C,0,,0,E,N,B,Y,N,0,124,0
D038,09,9C,0,,0,,N,B,Y,N,0,124,0
B663,07,7D,0,,0,,N,B,Y,N,0,124,0
S543,01,1J,0,,0,,0,B,Y,N,0,124,0
I690,01,1D,0,,0,,N,B,Y,N,0,124,0
G238,01,1D,0,,0,,N,B,Y,N,0,124,0
S366,06,6J,0,,0,,3,B,Y,N,0,124,0
D136,07,7C,0,,0,,N,B,Y,N,0,124,0
M243,08,8R,0,,0,,N,B,Y,N,0,124,0
C058,03,3A,0,,0,,N,B,Y,N,0,124,0
M5460,08,8H,0,,0,,N,B,Y,N,0,124,0
M5439,08,8H,0,,0,,N,B,Y,N,0,124,0
M7301,08,8G,0,,0,,N,B,N,N,0,124,0
T12,08,8Q,0,,0,,0,B,Y,N,0,124,0
S3621,07,7C,0,,0,,3,B,Y,N,0,124,0
T495,02,2C,0,,0,,N,B,Y,N,0,124,0
S9270,08,8P,0,,0,,0,B,Y,N,0,124,0
R866,12,12E,0,,0,,N,M,Y,N,0,124,0
Z768,23,23D,0,,0,,N,B,Y,N,0,124,0
M1382,08,8J,0,,0,,N,B,Y,N,0,124,0
T566,21,21C,0,,0,,N,B,Y,N,0,124,0
E672,10,10C,0,,0,,N,B,Y,N,0,124,0
Z114,23,23D,0,,0,,N,B,Y,N,0,124,0
C062,03,3A,0,,0,,N,B,Y,N,0,124,0
N888,13,13F,0,,0,,N,F,Y,N,0,124,0
T362,21,21C,0,,0,,N,B,Y,N,0,124,0
M7909,08,8L,0,,0,,N,B,Y,N,0,124,0
S346,01,1J,0,,0,,6,B,Y,N,0,124,0
S345,01,1J,0,,0,,0,B,Y,N,0,124,0
N250,11,11H,0,,0,,N,B,Y,N,0,124,0
I871,05,5F,0,,0,,N,B,Y,N,0,124,0
Z480,23,23D,0,,0,,N,B,Y,N,0,124,0
I680,01,1H,0,,0,,N,B,N,N,0,124,0
S334,08,8C,0,,0,,0,B,Y,N,0,124,0
M4687,08,8H,0,,0,,N,B,Y,N,0,124,0
M5383,08,8H,0,,0,,N,B,Y,N,0,124,0
Z024,30,,0,,0,,N,B,N,N,0,124,0
S451,21,21A,0,,0,,7,B,Y,N,0,124,0
S578,21,21A,0,,0,,0,B,Y,N,0,124,0
Z032,19,19L,0,,0,,N,B,Y,N,0,124,0
S327,08,8R,0,,0,,0,B,Y,N,0,124,0
M4920,08,8H,0,,0,,N,B,N,N,0,124,0
D130,06,6J,0,,0,,N,B,Y,N,0,124,0
M0121,08,8G,0,,0,,N,B,N,N,0,124,0
S32609,08,8B,0,,0,,0,B,Y,N,0,124,0
M2336,08,8Q,0,,0,,N,B,Y,N,0,124,0
S32602,08,8B,0,,0,,0,B,Y,N,0,124,0
T390,21,21C,0,,0,,N,B,Y,N,0,124,0
M9064,08,8J,0,,0,,N,B,N,N,0,124,0
S3251,08,8B,0,,0,,6,B,Y,N,0,124,0
N509,12,12E,0,,0,,N,M,Y,N,0,124,0
M2599,08,8L,0,,0,,N,B,Y,N,0,124,0
M9057,08,8J,0,,0,,N,B,N,N,0,124,0
S3240,08,8B,0,,0,,6,B,Y,N,0,124,0
Z813,23,23D,0,,0,,N,B,Y,N,0,124,0
Q786,08,8R,0,,0,,N,B,Y,N,0,124,0
M0303,08,8J,0,,0,,N,B,N,N,0,124,0
K831,07,7E,0,,0,,N,B,Y,N,0,124,0
R292,01,1U,0,,0,,N,B,Y,N,0,124,0
Q375,03,3H,0,,0,,N,B,Y,N,0,124,0
Q671,08,8R,0,,0,,N,B,Y,N,0,124,0
E638,10,10C,0,,0,E,N,B,Y,N,0,124,0
F523,19,19M,0,,0,,N,B,Y,N,0,124,0
K824,07,7E,0,,0,,N,B,Y,N,0,124,0
E788,10,10D,0,,0,,N,B,Y,N,0,124,0
S82114,08,8Q,0,,0,,8,B,Y,N,0,124,0
Z554,23,23D,0,,0,,N,B,Y,N,0,124,0
L639,09,9D,0,,0,,N,B,Y,N,0,124,0
M214,08,8R,0,,0,,N,B,Y,N,0,124,0
Q527,13,13F,0,,0,,N,F,Y,N,0,124,0
P234,15,,0,,0,,N,B,Y,N,0,0,0
K0908,03,3H,0,,0,,N,B,Y,N,0,124,0
Q338,04,4Q,0,,0,,N,B,Y,N,0,124,0
C490,08,8E,0,,0,,N,B,Y,N,0,124,0
J311,03,3D,0,,0,,N,B,Y,N,0,124,0
Q249,05,5J,0,,0,,N,B,Y,N,0,124,0
Q250,05,5J,0,,0,,N,B,Y,N,0,124,0
O261,14,14B,0,,0,,N,F,Y,N,9,60,0
H114,02,2D,0,,0,,N,B,Y,N,0,124,0
M6107,08,8M,0,,0,,N,B,Y,N,0,124,0
Q255,05,5J,0,,0,,N,B,Y,N,0,124,0
Q257,05,5J,0,,0,,N,B,Y,N,0,124,0
A220,09,9C,0,,0,,N,B,Y,N,0,124,0
H054,02,2D,0,,0,,N,B,Y,N,0,124,0
Q260,05,5J,0,,0,,N,B,Y,N,0,124,0
Z617,23,23D,0,,0,,N,B,Y,N,0,124,0
M0319,08,8J,0,,0,,N,B,N,N,0,124,0
S32600,08,8B,0,,0,,0,B,Y,N,0,124,0
Q520,13,13F,0,,0,,N,F,Y,N,0,124,0
M8646,08,8D,0,,0,,N,B,Y,N,0,124,0
M0369,08,8J,0,,0,,N,B,N,N,0,124,0
T496,21,21C,0,,0,,N,B,Y,N,0,124,0
S4290,08,8Q,0,,0,,0,B,Y,N,0,124,0
S336,08,8H,0,,0,,0,B,Y,N,0,124,0
A821,01,1K,0,,0,,N,B,Y,N,0,124,0
M831,08,8J,0,,0,,N,B,Y,N,0,124,0
Q278,05,5F,0,,0,,N,B,Y,N,0,124,0
Q280,01,1U,0,,0,,N,B,Y,N,0,124,0
Z628,23,23D,0,,0,,N,B,Y,N,0,124,0
A921,18,18F,0,,0,,N,B,Y,N,0,124,0
S5300,08,8Q,0,,0,,0,B,Y,N,0,124,0
M4821,08,8H,0,,0,,N,B,Y,N,0,124,0
B674,18,18H,0,,0,,N,B,Y,N,0,124,0
Q929,23,23D,0,,0,,N,B,Y,N,0,124,0
Q302,03,3G,0,,0,,N,B,Y,N,0,124,0
D511,16,16A,0,,0,E,N,B,Y,N,0,124,0
M1388,08,8J,0,,0,,N,B,Y,N,0,124,0
T0250,21,21A,0,,0,,8,B,Y,N,0,124,0
Q311,03,3G,0,,0,,N,B,Y,N,0,124,0
G952,01,1U,0,,0,,N,B,Y,N,0,124,0
S8270,08,8Q,0,,0,,0,B,Y,N,0,124,0
F609,19,19H,0,,0,,N,B,Y,N,0,124,0
K0708,03,3H,0,,0,,N,B,Y,N,0,124,0
M5324,08,8H,0,,0,,N,B,Y,N,0,124,0
L744,09,9D,0,,0,,N,B,Y,N,0,124,0
Q321,03,3G,0,,0,,N,B,Y,N,0,124,0
P379,15,,0,,0,,N,B,Y,N,0,0,0
T338,21,21E,0,,0,,N,B,Y,N,0,124,0
S277,04,4Q,0,,0,,2,B,Y,N,0,124,0
S648,01,1J,0,,0,,0,B,Y,N,0,124,0
M7095,08,8M,0,,0,,N,B,Y,N,0,124,0
L518,09,9B,0,,0,,N,B,Y,N,0,124,0
M9046,08,8J,0,,0,,N,B,N,N,0,124,0
S700,09,9H,0,,0,,0,B,Y,N,0,124,0
S82317,08,8Q,0,,0,,8,B,Y,N,0,124,0
P128,15,,0,,0,,N,B,Y,N,0,0,0
J958,04,4Q,0,,0,,N,B,Y,N,0,124,0
M2160,08,8R,0,,0,,N,B,Y,N,0,124,0
M4133,08,8H,0,,0,,N,B,Y,N,0,124,0
I864,06,6J,0,,0,,N,B,Y,N,0,124,0
Q361,03,3H,0,,0,,N,B,Y,N,0,124,0
M0202,08,8J,0,,0,,N,B,Y,N,0,124,0
D384,04,4M,0,,0,,N,B,Y,N,0,124,0
M2150,01,1J,0,,0,,N,B,Y,N,0,124,0
H046,02,2D,0,,0,,N,B,Y,N,0,124,0
Q378,03,3H,0,,0,,N,B,Y,N,0,124,0
A065,04,4C,0,,0,,N,B,Y,N,0,124,0
Q380,03,3H,0,,0,,N,B,Y,N,0,124,0
D449,10,10E,0,,0,,N,B,Y,N,0,124,0
M8329,08,8J,0,,0,,N,B,Y,N,16,124,0
N075,11,11H,0,,0,,N,B,Y,N,0,124,0
Q3830,03,3H,0,,0,,N,B,Y,N,0,124,0
Q3831,03,3H,0,,0,,N,B,Y,N,0,124,0
Q983,12,12E,0,,0,,N,B,Y,N,0,124,0
Q3834,03,3H,0,,0,,N,B,Y,N,0,124,0
D429,01,1C,0,,0,,N,B,Y,N,0,124,0
H020,02,2D,0,,0,,N,B,Y,N,0,124,0
C0629,03,3A,0,,0,,N,B,Y,N,0,124,0
A38,18,18H,0,,0,,N,B,Y,N,0,124,0
T001,09,9H,0,,0,,0,B,Y,N,0,124,0
Q3848,03,3H,0,,0,,N,B,Y,N,0,124,0
Q3849,03,3H,0,,0,,N,B,Y,N,0,124,0
Q385,03,3H,0,,0,,N,B,Y,N,0,124,0
Q3850,03,3H,0,,0,,N,B,Y,N,0,124,0
K021,03,3H,0,,0,,N,B,Y,Y,0,124,28
M075,08,8J,0,,0,,N,B,N,N,0,124,0
Z372,30,,0,,0,,N,F,N,N,9,60,0
S42418,08,8Q,0,,0,,7,B,Y,N,0,124,0
Q3869,03,3H,0,,0,,N,B,Y,N,0,124,0
T142,08,8R,0,,0,,0,B,Y,N,0,124,0
K0764,03,3H,0,,0,,N,B,Y,Y,0,124,28
O719,14,14A,0,,0,,N,F,Y,N,9,60,0
T789,21,21C,0,,0,,N,B,Y,N,0,124,0
M4838,08,8H,0,,0,,N,B,Y,N,0,124,0
B9688,30,,0,,0,,N,B,N,N,0,124,0
M2189,08,8R,0,,0,,N,B,Y,N,0,124,0
S448,01,1J,0,,0,,0,B,Y,N,0,124,0
Z573,23,23D,0,,0,,N,B,Y,N,0,124,0
Q398,06,6J,0,,0,,N,B,Y,N,0,124,0
Q399,06,6J,0,,0,,N,B,Y,N,0,124,0
Q400,06,6J,0,,0,,N,B,Y,N,0,124,0
D483,06,6A,0,,0,,N,B,Y,N,0,124,0
Z245,23,23D,0,,0,,N,B,Y,N,0,124,0
S7303,08,8C,0,,0,,0,B,Y,N,0,124,0
Q408,06,6J,0,,0,,N,B,Y,N,0,124,0
E894,13,13F,0,,0,,N,F,Y,N,0,124,0
B362,09,9D,0,,0,,N,B,Y,N,0,124,0
F69,19,19H,0,,0,,N,B,Y,N,0,124,0
M8781,08,8J,0,,0,,N,B,Y,N,0,124,0
N743,13,13E,0,,0,,N,F,N,N,0,124,0
O801,14,14A,0,,0,,N,F,Y,N,9,60,0
M7252,08,8M,0,,0,,N,B,Y,N,0,124,0
S709,09,9H,0,,0,,0,B,Y,N,0,124,0
M0581,08,8F,0,,0,,N,B,Y,N,16,124,0
Q626,11,11H,0,,0,,N,B,Y,N,0,124,0
D1032,03,3H,0,,0,,N,B,Y,N,0,124,0
Q422,06,6J,0,,0,,N,B,Y,N,0,124,0
M2582,08,8L,0,,0,,N,B,Y,N,0,124,0
Q429,06,6J,0,,0,,N,B,Y,N,0,124,0
Q430,06,6C,0,,0,,N,B,Y,N,0,124,0
M6511,08,8M,0,,0,,N,B,Y,N,0,124,0
Q432,06,6J,0,,0,,N,B,Y,N,0,124,0
Q899,15,,0,,0,,N,B,Y,N,0,124,0
H251,02,2D,0,,0,,N,B,Y,N,31,124,0
C696,02,2E,0,,0,,N,B,Y,N,0,124,0
L906,09,9D,0,,0,,N,B,Y,N,0,124,0
A221,04,4C,0,,0,,N,B,Y,N,0,124,0
T288,13,13F,0,,0,,N,B,Y,N,0,124,0
Z9663,30,,0,,0,,N,B,N,N,0,124,0
A924,18,18F,0,,0,,N,B,Y,N,0,124,0
Q444,07,7D,0,,0,,N,B,Y,N,0,124,0
N063,11,11K,0,,0,,N,B,Y,N,0,124,0
D482,08,8R,0,,0,,N,B,Y,N,0,124,0
Q447,07,7D,0,,0,,N,B,Y,N,0,124,0
S72404,08,8A,0,,0,,8,B,Y,N,0,124,0
H652,03,3D,0,,0,,N,B,Y,N,0,124,0
N351,11,11G,0,,0,,N,B,Y,N,0,124,0
D385,04,4M,0,,0,,N,B,Y,N,0,124,0
P032,15,,0,,0,,N,B,Y,N,0,0,0
I879,05,5G,0,,0,,N,B,Y,N,0,124,0
Q453,07,7C,0,,0,,N,B,Y,N,0,124,0
A012,18,18H,0,,0,,N,B,Y,N,0,124,0
H473,02,2B,0,,0,,N,B,Y,N,0,124,0
H918,03,3G,0,,0,,N,B,Y,N,0,124,0
Z730,23,23D,0,,0,,N,B,Y,N,0,124,0
S82211,08,8Q,0,,0,,8,B,Y,N,0,124,0
Q645,11,11H,0,,0,,N,B,Y,N,0,124,0
A790,18,18H,0,,0,,N,B,Y,N,0,124,0
P593,15,,0,,0,,N,B,Y,N,0,0,0
E881,10,10D,0,,0,,N,B,Y,N,0,124,0
M4685,08,8H,0,,0,,N,B,Y,N,0,124,0
M622,08,8M,0,,0,,N,B,Y,N,0,124,0
M2533,08,8R,0,,0,,N,B,Y,N,0,124,0
A671,09,9D,0,,0,,N,B,Y,N,0,124,0
O369,14,14B,0,,0,,N,F,Y,N,9,60,0
T479,21,21C,0,,0,,N,B,Y,N,0,124,0
E852,08,8S,0,,0,,N,B,Y,N,0,124,0
Q522,13,13F,0,,0,,N,F,Y,N,0,124,0
Q523,13,13F,0,,0,,N,F,Y,N,0,124,0
T223,22,22B,0,,0,,N,B,Y,N,0,124,0
M7930,09,9C,0,,0,,N,B,Y,N,0,124,0
Q529,13,13F,0,,0,,N,F,Y,N,0,124,0
Q530,12,12E,0,,0,,N,B,Y,N,0,124,0
L239,09,9D,0,,0,,N,B,Y,N,0,124,0
M9033,08,8J,0,,0,,N,B,N,N,0,124,0
G575,01,1J,0,,0,,N,B,Y,N,0,124,0
F681,19,19H,0,,0,,N,B,Y,N,0,124,0
M1915,08,8J,0,,0,,N,B,Y,N,0,124,0
G312,01,1D,0,,0,,N,B,Y,N,1,124,0
R601,23,23B,0,,0,,N,B,Y,N,0,124,0
M8184,08,8J,0,,0,,N,B,Y,N,0,124,0
Q550,12,12E,0,,0,,N,M,Y,N,0,124,0
M2186,08,8R,0,,0,,N,B,Y,N,0,124,0
Z764,23,23D,0,,0,,N,B,Y,N,0,124,0
Q164,03,3G,0,,0,,N,B,Y,N,0,124,0
N842,13,13F,0,,0,,N,F,Y,N,0,124,0
L80,09,9D,0,,0,,N,B,Y,N,0,124,0
M7240,08,8M,0,,0,,N,B,Y,N,0,124,0
H102,02,2D,0,,0,,N,B,Y,N,0,124,0
Q802,09,9B,0,,0,,N,B,Y,N,0,124,0
H341,02,2B,0,,0,,N,B,Y,N,0,124,0
O849,14,14A,0,,0,,N,F,Y,N,9,60,0
R456,19,19L,0,,0,,N,B,Y,N,0,124,0
N362,11,11H,0,,0,,N,B,Y,N,0,124,0
M4202,08,8J,0,,0,,N,B,Y,N,0,124,0
S011,02,2C,0,,0,,0,B,Y,N,0,124,0
G571,01,1J,0,,0,,N,B,Y,N,0,124,0
M1200,08,8J,0,,0,,N,B,Y,N,0,124,0
M8308,08,8J,0,,0,,N,F,Y,N,9,60,0
Q606,11,11H,0,,0,,N,B,Y,N,0,124,0
Z566,23,23D,0,,0,,N,B,Y,N,0,124,0
G603,01,1J,0,,0,,N,B,Y,N,0,124,0
M7219,08,8M,0,,0,,N,B,Y,N,0,124,0
M6121,08,8M,0,,0,,N,B,Y,N,0,124,0
Q964,13,13F,0,,0,,N,B,Y,N,0,124,0
C445,09,9B,0,,0,C,N,B,Y,N,0,124,0
T702,21,21E,0,,0,,N,B,Y,N,0,124,0
F320,19,19C,0,,0,,N,B,Y,N,0,124,0
M4139,08,8H,0,,0,,N,B,Y,N,0,124,0
M7319,08,8M,0,,0,,N,B,N,N,0,124,0
J338,03,3G,0,,0,,N,B,Y,N,0,124,0
E032,10,10E,0,,0,,N,B,Y,N,0,124,0
M920,08,8J,0,,0,,N,B,Y,N,0,124,0
E072,10,10E,0,,0,,N,B,Y,N,0,124,0
Q627,11,11H,0,,0,,N,B,Y,N,0,124,0
O122,14,14B,0,,0,,N,F,Y,N,9,60,0
A689,18,18H,0,,0,,N,B,Y,N,0,124,0
Q631,11,11H,0,,0,,N,B,Y,N,0,124,0
M2509,08,8J,0,,0,,N,B,Y,N,0,124,0
S717,21,21A,0,,0,,0,B,Y,N,0,124,0
Q931,23,23D,0,,0,,N,B,Y,N,0,124,0
Q640,12,12E,0,,0,,N,B,Y,N,0,124,0
O280,14,14E,0,,0,,N,F,Y,N,9,60,0
H262,02,2D,0,,0,,N,B,Y,N,0,124,0
S82104,08,8Q,0,,0,,0,B,Y,N,0,124,0
Q646,11,11H,0,,0,,N,B,Y,N,0,124,0
S421,08,8Q,0,,0,,0,B,Y,N,0,124,0
M4785,08,8H,0,,0,,N,B,Y,N,0,124,0
T175,04,4Q,0,,0,,N,B,Y,N,0,124,0
Z912,30,,0,,0,,N,B,N,N,0,124,0
R170,07,7D,0,,0,,N,B,Y,N,0,124,0
Q652,08,8R,0,,0,,N,B,Y,N,0,124,0
M4610,08,8H,0,,0,,N,B,Y,N,0,124,0
D552,16,16A,0,,0,,N,B,Y,N,0,124,0
S8080,09,9H,0,,0,,0,B,Y,N,0,124,0
S52709,08,8Q,0,,0,,0,B,Y,N,0,124,0
D419,11,11C,0,,0,,N,B,Y,N,0,124,0
C12,03,3A,0,,0,,N,B,Y,N,0,124,0
I119,05,5H,0,,0,,N,B,Y,N,1,124,0
M2562,08,8L,0,,0,,N,B,Y,N,0,124,0
B880,09,9D,0,,0,,N,B,Y,N,0,124,0
M2387,08,8Q,0,,0,,N,B,Y,N,0,124,0
E039,10,10E,0,,0,,N,B,Y,N,0,124,0
M5448,08,8H,0,,0,,N,B,Y,N,0,124,0
Q668,08,8R,0,,0,,N,B,Y,N,0,124,0
S913,21,21A,0,,0,,0,B,Y,N,0,124,0
M7210,08,8M,0,,0,,N,B,Y,N,0,124,0
Q673,08,8R,0,,0,,N,B,Y,N,0,124,0
N803,13,13F,0,,0,,N,F,Y,N,1,124,0
N144,11,11K,0,,0,,N,B,Y,N,0,124,0
B834,18,18H,0,,0,,N,B,Y,N,0,124,0
M6737,08,8M,0,,0,,N,B,Y,N,0,124,0
D481,08,8R,0,,0,,N,B,Y,N,0,124,0
B882,09,9D,0,,0,,N,B,Y,N,0,124,0
S4088,09,9H,0,,0,,0,B,Y,N,0,124,0
L230,09,9D,0,,0,,N,B,Y,N,0,124,0
F83,19,19J,0,,0,,N,B,Y,Y,0,124,28
Q680,08,8R,0,,0,,N,B,Y,N,0,124,0
Q681,08,8R,0,,0,,N,B,Y,N,0,124,0
A243,18,18J,0,,0,,N,B,Y,N,0,124,0
M223,08,8Q,0,,0,,N,B,Y,N,0,124,0
D076,12,12A,0,,0,,N,M,Y,N,0,124,0
S431,08,8Q,0,,0,,0,B,Y,N,0,124,0
Q6881,08,8R,0,,0,,N,B,Y,N,0,124,0
O067,14,14K,0,,0,,N,F,Y,N,9,60,0
R230,23,23B,0,,0,,N,B,Y,N,0,124,0
Q6884,08,8R,0,,0,,N,B,Y,N,0,124,0
M8209,08,8J,0,,0,,N,B,N,N,0,124,0
H185,02,2D,0,,0,,N,B,Y,N,0,124,0
K0062,03,3H,0,,0,,N,B,Y,N,0,124,0
M400,08,8H,0,,0,,N,B,Y,N,0,124,0
P025,15,,0,,0,,N,B,Y,N,0,0,0
M1997,08,8J,0,,0,,N,B,Y,N,0,124,0
F603,19,19H,0,,0,,N,B,Y,N,0,124,0
H622,03,3G,0,,0,,N,B,N,N,0,124,0
D648,16,16A,0,,0,,N,B,Y,N,0,124,0
M4709,01,1U,0,,0,,N,B,Y,N,0,124,0
S92319,08,8P,0,,0,,0,B,Y,N,0,124,0
Q713,08,8R,0,,0,,N,B,Y,N,0,124,0
K429,06,6J,0,,0,,N,B,Y,N,0,124,0
P120,15,,0,,0,,N,B,Y,N,0,0,0
D1808,05,5R,0,,0,,N,B,Y,N,0,124,0
Q8283,09,9D,0,,0,,N,B,Y,N,0,124,0
C041,03,3A,0,,0,,N,B,Y,N,0,124,0
K1218,03,3H,0,,0,,N,B,Y,N,0,124,0
Z822,23,23D,0,,0,,N,B,Y,N,0,124,0
D017,06,6A,0,,0,,N,B,Y,N,0,124,0
F421,19,19G,0,,0,,N,B,Y,N,0,124,0
Z437,13,13F,0,,0,,N,F,Y,N,0,124,0
Q720,08,8R,0,,0,,N,B,Y,N,0,124,0
Q123,02,2D,0,,0,,N,B,Y,N,0,124,0
Q722,08,8R,0,,0,,N,B,Y,N,0,124,0
Q723,08,8R,0,,0,,N,B,Y,N,0,124,0
M7199,08,8M,0,,0,,N,B,Y,N,0,124,0
K1161,03,3G,0,,0,,N,B,Y,N,0,124,0
M6289,08,8M,0,,0,,N,B,Y,N,0,124,0
Z831,23,23D,0,,0,,N,B,Y,N,0,124,0
Q726,08,8R,0,,0,,N,B,Y,N,0,124,0
P014,15,,0,,0,,N,B,Y,N,0,0,0
Q728,08,8R,0,,0,,N,B,Y,N,0,124,0
Q730,08,8R,0,,0,,N,B,Y,N,0,124,0
I790,05,5F,0,,0,,N,B,N,N,0,124,0
Q180,03,3G,0,,0,,N,B,Y,N,0,124,0
Q451,07,7C,0,,0,,N,B,Y,N,0,124,0
L574,09,9D,0,,0,,N,B,Y,N,0,124,0
M5457,08,8H,0,,0,,N,B,Y,N,0,124,0
L752,09,9D,0,,0,,N,B,Y,N,0,124,0
Q750,08,8R,0,,0,,N,B,Y,N,0,124,0
Z812,23,23D,0,,0,,N,B,Y,N,0,124,0
N055,11,11K,0,,0,E,N,B,Y,N,0,124,0
Q7502,08,8R,0,,0,,N,B,Y,N,0,124,0
P289,15,,0,,0,,N,B,Y,N,0,0,0
M6292,08,8M,0,,0,,N,B,Y,N,0,124,0
N926,13,13F,0,,0,,N,F,Y,N,1,124,0
M8088,08,8E,0,,0,,N,B,Y,N,0,124,0
K0512,03,3H,0,,0,,N,B,Y,Y,0,124,28
K312,06,6H,0,,0,,N,B,Y,N,0,124,0
S62116,08,8P,0,,0,,0,B,Y,N,0,124,0
Q849,09,9D,0,,0,,N,B,Y,N,0,124,0
M0205,08,8J,0,,0,,N,B,Y,N,0,124,0
M7784,08,8M,0,,0,,N,B,Y,N,0,124,0
M5422,08,8H,0,,0,,N,B,Y,N,0,124,0
Q850,01,1U,0,,0,,N,B,Y,N,0,124,0
N940,13,13F,0,,0,,N,F,Y,N,1,124,0
K044,03,3H,0,,0,,N,B,Y,Y,0,124,28
H182,02,2D,0,,0,,N,B,Y,N,0,124,0
Q767,04,4Q,0,,0,,N,B,Y,N,0,124,0
Q219,05,5J,0,,0,,N,B,Y,N,0,124,0
Q770,08,8R,0,,0,,N,B,Y,N,0,124,0
K297,06,6M,0,,0,,N,B,Y,N,0,124,0
G241,01,1D,0,,0,,N,B,Y,N,0,124,0
T198,11,11H,0,,0,,N,B,Y,N,0,124,0
C320,03,3A,0,,0,,N,B,Y,N,0,124,0
M1251,08,8J,0,,0,,N,B,Y,N,0,124,0
Q777,08,8R,0,,0,,N,B,Y,N,0,124,0
T384,21,21C,0,,0,,N,B,Y,N,0,124,0
T158,02,2C,0,,0,,N,B,Y,N,0,124,0
H527,02,2D,0,,0,,N,B,Y,N,0,124,0
M184,08,8J,0,,0,,N,B,Y,N,0,124,0
M8963,08,8R,0,,0,,N,B,Y,N,0,124,0
K902,06,6H,0,,0,,N,B,Y,N,0,124,0
Q792,06,6J,0,,0,,N,B,Y,N,0,124,0
I7081,05,5F,0,,0,,N,B,Y,N,1,124,0
Z821,23,23D,0,,0,,N,B,Y,N,0,124,0
Z011,30,,0,,0,,N,B,N,N,0,124,0
Z468,23,23D,0,,0,,N,B,Y,N,0,124,0
Q800,09,9D,0,,0,,N,B,Y,N,0,124,0
T410,21,21C,0,,0,,N,B,Y,N,0,124,0
M0233,08,8F,0,,0,,N,B,Y,N,16,124,0
F21,19,19B,0,,0,,N,B,Y,N,0,124,0
Q809,09,9C,0,,0,,N,B,Y,N,0,124,0
F913,19,19J,0,,0,,N,B,Y,N,0,124,0
M6651,08,8M,0,,0,,N,B,Y,N,0,124,0
M863,08,8D,0,,0,,N,B,Y,N,0,124,0
I059,05,5K,0,,0,,N,B,Y,N,0,124,0
O220,14,14B,0,,0,,N,F,Y,N,9,60,0
M1009,08,8J,0,,0,,N,B,Y,N,0,124,0
Q821,09,9B,0,,0,,N,B,Y,N,0,124,0
Q822,09,9C,0,,0,,N,B,Y,N,0,124,0
M8330,08,8J,0,,0,,N,B,Y,N,16,124,0
D227,09,9D,0,,0,,N,B,Y,N,0,124,0
B872,09,9D,0,,0,,N,B,Y,N,0,124,0
M4904,08,8D,0,,0,,N,B,N,N,0,124,0
M8642,08,8D,0,,0,,N,B,Y,N,0,124,0
Q7133,08,8R,0,,0,,N,B,Y,N,0,124,0
I228,05,5A,0,,0,,N,B,Y,N,1,124,0
L632,09,9D,0,,0,,N,B,Y,N,0,124,0
H433,02,2D,0,,0,,N,B,Y,N,0,124,0
P570,15,,0,,0,,N,B,Y,N,0,0,0
S200,09,9H,0,,0,,0,B,Y,N,0,124,0
M8950,08,8R,0,,0,,N,B,Y,N,0,124,0
A880,01,1L,0,,0,,N,B,Y,N,0,124,0
G402,01,1P,0,,0,,N,B,Y,N,0,124,0
Q839,09,9F,0,,0,,N,B,Y,N,0,124,0
B360,09,9D,0,,0,,N,B,Y,N,0,124,0
M1231,08,8J,0,,0,,N,B,Y,N,0,124,0
Z112,23,23D,0,,0,,N,B,Y,N,0,124,0
Q843,09,9D,0,,0,,N,B,Y,N,0,124,0
E560,10,10C,0,,0,E,N,B,Y,N,0,124,0
B968,30,,0,,0,,N,B,N,N,0,124,0
M9398,08,8J,0,,0,,N,B,Y,N,0,124,0
H506,02,2D,0,,0,,N,B,Y,N,0,124,0
D24,09,9B,0,,0,,N,B,Y,N,0,124,0
G561,01,1J,0,,0,,N,B,Y,N,0,124,0
M726,08,8M,0,,0,,N,B,Y,N,0,124,0
Q8581,17,17C,0,,0,,N,B,Y,N,0,124,0
P020,15,,0,,0,,N,B,Y,N,0,0,0
M8951,08,8R,0,,0,,N,B,Y,N,0,124,0
M6649,08,8M,0,,0,,N,B,Y,N,0,124,0
M7609,08,8M,0,,0,,N,B,Y,N,0,124,0
Z702,23,23D,0,,0,,N,B,Y,N,1,124,0
M7298,08,8M,0,,0,,N,B,Y,N,0,124,0
A431,09,9C,0,,0,D,N,B,Y,N,0,124,0
Q8700,08,8R,0,,0,,N,B,Y,N,0,124,0
E46,10,10B,0,,0,E,N,B,Y,N,0,124,0
D1000,03,3H,0,,0,,N,B,Y,N,0,124,0
T147,21,21A,0,,0,,0,B,Y,N,0,124,0
M7988,08,8L,0,,0,,N,B,Y,N,0,124,0
Q871,08,8R,0,,0,,N,B,Y,N,0,124,0
Q872,08,8R,0,,0,,N,B,Y,N,0,124,0
Q874,05,5J,0,,0,,N,B,Y,N,0,124,0
G111,01,1E,0,,0,,N,B,Y,N,0,124,0
R400,01,1M,0,,0,,N,B,Y,N,0,124,0
M8051,08,8E,0,,0,,N,B,Y,N,1,124,0
M2502,08,8J,0,,0,,N,B,Y,N,0,124,0
C028,03,3A,0,,0,,N,B,Y,N,0,124,0
O610,14,14A,0,,0,,N,F,Y,N,9,60,0
K149,03,3H,0,,0,,N,B,Y,N,0,124,0
M6783,08,8M,0,,0,,N,B,Y,N,0,124,0
Q893,06,6J,0,,0,,N,B,Y,N,0,124,0
I7029,05,5F,0,,0,,N,B,Y,N,1,124,0
F422,19,19G,0,,0,,N,B,Y,N,0,124,0
M359,08,8S,0,,0,,N,B,Y,N,0,124,0
S62113,08,8P,0,,0,,0,B,Y,N,0,124,0
M6625,08,8M,0,,0,,N,B,Y,N,0,124,0
M6640,08,8M,0,,0,,N,B,Y,N,0,124,0
M0680,08,8F,0,,0,,N,B,Y,N,16,124,0
Q412,06,6J,0,,0,,N,B,Y,N,0,124,0
A071,06,6G,0,,0,,N,B,Y,N,0,124,0
K295,06,6M,0,,0,,N,B,Y,N,0,124,0
M2314,08,8Q,0,,0,,N,B,Y,N,0,124,0
Q917,19,19K,0,,0,,N,B,Y,N,0,124,0
Q920,23,23D,0,,0,,N,B,Y,N,0,124,0
M036,08,8J,0,,0,,N,B,N,N,0,124,0
M6120,08,8M,0,,0,,N,B,Y,N,0,124,0
E798,10,10D,0,,0,,N,B,Y,N,0,124,0
H728,03,3G,0,,0,,N,B,Y,N,0,124,0
Q927,23,23D,0,,0,,N,B,Y,N,0,124,0
Q928,23,23D,0,,0,,N,B,Y,N,0,124,0
N710,13,13E,0,,0,,N,F,Y,N,0,124,0
Q639,11,11H,0,,0,,N,B,Y,N,0,124,0
Q932,19,19K,0,,0,,N,B,Y,N,0,124,0
R432,01,1U,0,,0,,N,B,Y,N,0,124,0
M151,08,8J,0,,0,,N,B,Y,N,16,124,0
Q104,02,2D,0,,0,,N,B,Y,N,0,124,0
N815,13,13F,0,,0,,N,F,Y,N,1,124,0
M5498,08,8H,0,,0,,N,B,Y,N,0,124,0
M513,08,8H,0,,0,,N,B,Y,N,1,124,0
Z232,23,23D,0,,0,,N,B,Y,N,0,124,0
Q951,23,23D,0,,0,,N,B,Y,N,0,124,0
M2326,08,8Q,0,,0,,N,B,Y,N,0,124,0
Q955,23,23D,0,,0,,N,B,Y,N,0,124,0
M4884,08,8H,0,,0,,N,B,Y,N,0,124,0
A238,18,18H,0,,0,,N,B,Y,N,0,124,0
Q960,13,13F,0,,0,,N,B,Y,N,0,124,0
Z231,23,23D,0,,0,,N,B,Y,N,0,124,0
B3709,03,3H,0,,0,D,N,B,Y,N,0,124,0
H3601,02,2D,0,,0,,N,B,N,N,0,124,0
Q930,23,23D,0,,0,,N,B,Y,N,0,124,0
Q963,13,13F,0,,0,,N,B,Y,N,0,124,0
Q964,12,12E,0,,0,,N,B,Y,N,0,124,0
H532,02,2B,0,,0,,N,B,Y,N,0,124,0
S3651,06,6J,0,,0,,3,B,Y,N,0,124,0
M4987,08,8H,0,,0,,N,B,N,N,0,124,0
D191,06,6J,0,,0,,N,B,Y,N,0,124,0
Q972,13,13F,0,,0,,N,B,Y,N,0,124,0
Q973,13,13F,0,,0,,N,B,Y,N,0,124,0
Z827,23,23D,0,,0,,N,B,Y,N,0,124,0
Q980,12,12E,0,,0,,N,B,Y,N,0,124,0
M2355,08,8R,0,,0,,N,B,Y,N,0,124,0
Q324,03,3G,0,,0,,N,B,Y,N,0,124,0
M7910,08,8L,0,,0,,N,B,Y,N,0,124,0
M9951,30,,0,,0,,N,B,N,N,0,124,0
Q610,11,11H,0,,0,,N,B,Y,N,0,124,0
Q987,12,12E,0,,0,,N,B,Y,N,0,124,0
M904,08,8J,0,,0,,N,B,N,N,0,124,0
M4057,08,8H,0,,0,,N,B,Y,N,0,124,0
Q793,06,6J,0,,0,,N,B,Y,N,0,124,0
R000,05,5M,0,,0,,N,B,Y,N,0,124,0
R897,23,23B,0,,0,,N,B,Y,N,0,124,0
M8032,08,8E,0,,0,,N,B,Y,N,0,124,0
R010,05,5K,0,,0,,N,B,Y,N,0,124,0
M6210,08,8M,0,,0,,N,B,Y,N,0,124,0
Q678,04,4Q,0,,0,,N,B,Y,N,0,124,0
M8935,08,8R,0,,0,,N,B,Y,N,0,124,0
Z135,23,23D,0,,0,,N,B,Y,N,0,124,0
K034,03,3H,0,,0,,N,B,Y,Y,0,124,28
R041,30,,0,,0,,N,B,N,N,0,124,0
S801,09,9H,0,,0,,0,B,Y,N,0,124,0
Z204,23,23D,0,,0,,N,B,Y,N,0,124,0
O359,14,14B,0,,0,,N,F,Y,N,9,60,0
F3211,19,19C,0,,0,,N,B,Y,N,0,124,0
Z269,23,23D,0,,0,,N,B,Y,N,0,124,0
R064,04,4H,0,,0,E,N,B,Y,N,0,124,0
Z320,30,,0,,0,,N,F,N,N,9,60,0
R066,04,4H,0,,0,,N,B,Y,N,0,124,0
A201,18,18H,0,,0,,N,B,Y,N,0,124,0
Q938,19,19K,0,,0,,N,B,Y,N,0,124,0
Z090,23,23C,0,,0,,N,B,Y,N,0,124,0
F228,19,19B,0,,0,,N,B,Y,N,0,124,0
Z302,13,13F,0,,0,,N,B,Y,N,1,124,0
P598,15,,0,,0,,N,B,Y,N,0,0,0
R091,04,4C,0,,0,,N,B,Y,N,0,124,0
B749,18,18H,0,,0,,N,B,Y,N,0,124,0
R098,04,4H,0,,0,,N,B,Y,N,0,124,0
R100,06,6K,0,,0,,N,B,Y,N,0,124,0
M650,08,8M,0,,0,,N,B,Y,N,0,124,0
M6613,08,8M,0,,0,,N,B,Y,N,0,124,0
D105,03,3G,0,,0,,N,B,Y,N,0,124,0
T281,06,6J,0,,0,,N,B,Y,N,0,124,0
H610,03,3G,0,,0,,N,B,Y,N,0,124,0
L208,09,9D,0,,0,,N,B,Y,N,0,124,0
L678,09,9D,0,,0,,N,B,Y,N,0,124,0
O95,30,,0,,0,,N,F,N,N,9,60,0
D163,08,8R,0,,0,,N,B,Y,N,0,124,0
L573,09,9D,0,,0,,N,B,Y,N,0,124,0
R15,06,6H,0,,0,,N,B,Y,N,0,124,0
Q656,08,8R,0,,0,,N,B,Y,N,0,124,0
M432,08,8H,0,,0,,N,B,Y,N,0,124,0
M4638,08,8H,0,,0,,N,B,Y,N,0,124,0
Q833,09,9F,0,,0,,N,B,Y,N,0,124,0
R171,07,7D,0,,0,,N,B,Y,N,0,124,0
P374,15,,0,,0,,N,B,Y,N,0,0,0
D127,06,6J,0,,0,,N,B,Y,N,0,124,0
H191,02,2A,0,,0,,N,B,N,N,0,124,0
D223,09,9D,0,,0,,N,B,Y,N,0,124,0
M1248,08,8J,0,,0,,N,B,Y,N,0,124,0
M1383,08,8J,0,,0,,N,B,Y,N,0,124,0
M8359,08,8J,0,,0,E,N,B,Y,N,16,124,0
T594,21,21C,0,,0,,N,B,Y,N,0,124,0
Z122,23,23D,0,,0,,N,B,Y,N,0,124,0
H215,02,2D,0,,0,,N,B,Y,N,0,124,0
B961,30,,0,,0,,N,B,N,N,0,124,0
J60,04,4P,0,,0,,N,B,Y,N,1,124,0
C519,13,13A,0,,0,,N,F,Y,N,0,124,0
G520,01,1J,0,,0,,N,B,Y,N,0,124,0
B691,02,2D,0,,0,,N,B,Y,N,0,124,0
S0321,03,3H,0,,0,,0,B,Y,N,0,124,0
K319,06,6H,0,,0,,N,B,Y,N,0,124,0
M8643,08,8D,0,,0,,N,B,Y,N,0,124,0
R227,09,9D,0,,0,,N,B,Y,N,0,124,0
K1480,03,3H,0,,0,,N,B,Y,N,0,124,0
T940,30,,0,,0,,N,B,N,N,0,124,0
D1801,01,1U,0,,0,,N,B,Y,N,0,124,0
T283,13,13F,0,,0,,N,B,Y,N,0,124,0
M6190,08,8M,0,,0,,N,B,Y,N,0,124,0
R251,01,1U,0,,0,,N,B,Y,N,0,124,0
M7793,08,8M,0,,0,,N,B,Y,N,0,124,0
T464,21,21C,0,,0,,N,B,Y,N,0,124,0
M773,08,8R,0,,0,,N,B,Y,N,0,124,0
M6807,08,8M,0,,0,,N,B,N,N,0,124,0
S923,08,8P,0,,0,,0,B,Y,N,0,124,0
R263,01,1U,0,,0,,N,B,Y,N,0,124,0
Z564,23,23D,0,,0,,N,B,Y,N,0,124,0
I271,05,5R,0,,0,,N,B,Y,Y,0,124,28
R278,01,1U,0,,0,,N,B,Y,N,0,124,0
Q731,08,8R,0,,0,,N,B,Y,N,0,124,0
K590,06,6H,0,,0,,N,B,Y,N,0,124,0
Z810,23,23D,0,,0,,N,B,Y,N,0,124,0
M8013,08,8E,0,,0,,N,F,Y,N,1,124,0
Q271,05,5F,0,,0,,N,B,Y,N,0,124,0
C051,03,3A,0,,0,,N,B,Y,N,0,124,0
Z513,23,23D,0,,0,,N,B,Y,N,0,124,0
Q268,05,5J,0,,0,,N,B,Y,N,0,124,0
Q240,05,5J,0,,0,,N,B,Y,N,0,124,0
N889,13,13F,0,,0,,N,F,Y,N,0,124,0
L231,09,9D,0,,0,,N,B,Y,N,0,124,0
R36,11,11F,0,,0,,N,B,Y,N,0,124,0
T602,21,21C,0,,0,,N,B,Y,N,0,124,0
M8383,08,8J,0,,0,,N,B,Y,N,16,124,0
O800,14,14A,0,,0,,N,F,Y,N,9,60,0
R401,01,1M,0,,0,,N,B,Y,N,0,124,0
M6653,08,8M,0,,0,,N,B,Y,N,0,124,0
M8346,08,8J,0,,0,,N,B,Y,N,1,124,0
R878,23,23B,0,,0,,N,F,Y,N,0,124,0
O050,14,14K,0,,0,,N,F,Y,N,9,60,0
S4082,09,9H,0,,0,,0,B,Y,N,0,124,0
P129,15,,0,,0,,N,B,Y,N,0,0,0
R431,01,1U,0,,0,,N,B,Y,N,0,124,0
T003,09,9H,0,,0,,0,B,Y,N,0,124,0
O994,14,14B,0,,0,,N,F,Y,N,9,60,0
M4301,08,8H,0,,0,,N,B,Y,N,0,124,0
A818,01,1D,0,,0,B,N,B,Y,N,0,124,0
M0636,08,8F,0,,0,,N,B,Y,N,0,124,0
C004,03,3A,0,,0,,N,B,Y,N,0,124,0
M1038,08,8J,0,,0,,N,B,Y,N,0,124,0
T284,22,22C,0,,0,,N,B,Y,N,0,124,0
H340,02,2B,0,,0,,N,B,Y,N,0,124,0
D120,06,6J,0,,0,,N,B,Y,N,0,124,0
E222,10,10E,0,,0,,N,B,Y,N,0,124,0
M0597,08,8F,0,,0,,N,B,Y,N,16,124,0
M0204,08,8J,0,,0,,N,B,Y,N,0,124,0
D250,13,13F,0,,0,,N,F,Y,N,0,124,0
F928,19,19J,0,,0,,N,B,Y,N,0,124,0
R464,23,23B,0,,0,,N,B,Y,N,0,124,0
R465,19,19L,0,,0,,N,B,Y,N,0,124,0
M531,01,1J,0,,0,,N,B,Y,N,0,124,0
M2542,08,8R,0,,0,,N,B,Y,N,0,124,0
M8481,08,8R,0,,0,,N,B,Y,N,0,124,0
G948,01,1H,0,,0,,N,B,N,N,0,124,0
M8548,08,8J,0,,0,,N,B,Y,N,0,124,0
C130,03,3A,0,,0,,N,B,Y,N,0,124,0
E805,07,7D,0,,0,,N,B,Y,N,0,124,0
R488,19,19L,0,,0,,N,B,Y,N,0,124,0
R443,19,19L,0,,0,,N,B,Y,N,0,124,0
R491,03,3G,0,,0,,N,B,Y,N,0,124,0
M8381,08,8J,0,,0,,N,B,Y,N,16,124,0
D1036,03,3H,0,,0,,N,B,Y,N,0,124,0
R748,23,23B,0,,0,,N,B,Y,N,0,124,0
M7942,09,9C,0,,0,,N,B,Y,N,0,124,0
Q445,07,7E,0,,0,,N,B,Y,N,0,124,0
L82,09,9D,0,,0,,N,B,Y,N,0,124,0
O210,14,14B,0,,0,,N,F,Y,N,9,60,0
T568,21,21C,0,,0,,N,B,Y,N,0,124,0
M4789,08,8H,0,,0,,N,B,Y,N,0,124,0
M8668,08,8D,0,,0,,N,B,Y,N,0,124,0
M1905,08,8J,0,,0,,N,B,Y,N,0,124,0
K136,03,3H,0,,0,,N,B,Y,N,0,124,0
S331,08,8H,0,,0,,0,B,Y,N,0,124,0
Z587,30,,0,,0,,N,B,N,N,0,124,0
M6297,08,8M,0,,0,,N,B,Y,N,0,124,0
M853,08,8J,0,,0,,N,B,Y,N,0,124,0
J662,04,4P,0,,0,,N,B,Y,N,1,124,0
N081,11,11H,0,,0,,N,B,N,N,0,124,0
Z013,30,,0,,0,,N,B,N,N,0,124,0
C261,17,17B,0,,0,,N,B,Y,N,0,124,0
Z880,30,,0,,0,,N,B,N,N,0,124,0
S52300,08,8P,0,,0,,0,B,Y,N,0,124,0
M9054,08,8J,0,,0,,N,B,N,N,0,124,0
G472,19,19F,0,,0,,N,B,Y,N,0,124,0
N062,11,11H,0,,0,,N,B,Y,N,0,124,0
K283,06,6C,0,,0,,N,B,Y,N,0,124,0
K1026,03,3H,0,,0,,N,B,Y,N,0,124,0
M1304,08,8K,0,,0,,N,B,Y,N,0,124,0
R628,10,10C,0,,0,E,N,B,Y,N,0,19,0
R629,10,10C,0,,0,E,N,B,Y,N,0,19,0
S469,08,8Q,0,,0,,0,B,Y,N,0,124,0
A960,18,18F,0,,0,,N,B,Y,N,0,124,0
R632,10,10C,0,,0,,N,B,Y,N,0,124,0
M8738,08,8J,0,,0,,N,B,Y,N,0,124,0
R634,10,10C,0,,0,E,N,B,Y,N,0,124,0
C749,10,10E,0,,0,,N,B,Y,N,0,124,0
A771,18,18H,0,,0,,N,B,Y,N,0,124,0
O040,14,14K,0,,0,,N,F,Y,N,9,60,0
M8791,08,8J,0,,0,,N,B,Y,N,0,124,0
O044,14,14H,0,,0,,N,F,Y,N,9,60,0
M180,08,8J,0,,0,,N,B,Y,N,0,124,0
H400,02,2D,0,,0,,N,B,Y,Y,0,124,28
M6616,08,8M,0,,0,,N,B,Y,N,0,124,0
O720,14,14A,0,,0,,N,F,Y,N,9,60,0
G619,01,1J,0,,0,E,N,B,Y,N,0,124,0
R680,23,23B,0,,0,,N,B,Y,N,0,124,0
N892,13,13F,0,,0,,N,F,Y,N,0,124,0
C754,01,1C,0,,0,,N,B,Y,N,0,124,0
M0222,08,8J,0,,0,,N,B,Y,N,0,124,0
M0292,08,8J,0,,0,,N,B,Y,N,0,124,0
C024,03,3A,0,,0,,N,B,Y,N,0,124,0
M172,08,8J,0,,0,,N,B,Y,N,0,124,0
B3708,03,3H,0,,0,D,N,B,Y,N,0,124,0
M2171,08,8R,0,,0,,N,B,Y,N,0,124,0
M4384,08,8H,0,,0,,N,B,Y,N,0,124,0
M463,08,8H,0,,0,,N,B,Y,N,0,124,0
N604,09,9F,0,,0,,N,B,Y,N,0,124,0
E660,10,10C,0,,0,,N,B,Y,N,0,124,0
M8594,08,8R,0,,0,,N,B,Y,N,0,124,0
R761,23,23D,0,,0,,N,B,Y,N,0,124,0
F803,19,19J,0,,0,,N,B,Y,Y,0,124,28
M8483,08,8R,0,,0,,N,B,Y,N,0,124,0
D369,17,17C,0,,0,,N,B,Y,N,0,124,0
B883,09,9D,0,,0,,N,B,Y,N,0,124,0
R771,23,23B,0,,0,,N,B,Y,N,0,124,0
S772,21,21A,0,,0,,0,B,Y,N,0,124,0
S258,21,21A,0,,0,,0,B,Y,N,0,124,0
Z111,23,23D,0,,0,,N,B,Y,N,0,124,0
P941,15,,0,,0,,N,B,Y,N,0,0,0
I129,11,11H,0,,0,,N,B,Y,N,0,124,0
S807,09,9H,0,,0,,0,B,Y,N,0,124,0
R783,23,23B,0,,0,,N,B,Y,N,0,124,0
M2445,08,8R,0,,0,,N,B,Y,N,0,124,0
Z830,23,23D,0,,0,,N,B,Y,N,0,124,0
R786,23,23B,0,,0,,N,B,Y,N,0,124,0
R787,23,23B,0,,0,,N,B,Y,N,0,124,0
M6641,08,8M,0,,0,,N,B,Y,N,0,124,0
M6144,08,8M,0,,0,,N,B,Y,N,0,124,0
M1981,08,8J,0,,0,,N,B,Y,N,0,124,0
R81,10,10A,0,,0,,N,B,Y,N,0,124,0
K591,06,6H,0,,0,,N,B,Y,N,0,124,0
M7229,08,8M,0,,0,,N,B,Y,N,0,124,0
M6159,08,8M,0,,0,,N,B,Y,N,0,124,0
G558,01,1J,0,,0,,N,B,N,N,0,124,0
M8540,08,8J,0,,0,,N,B,Y,N,0,124,0
M5438,08,8H,0,,0,,N,B,Y,N,0,124,0
Q6740,08,8R,0,,0,,N,B,Y,N,0,124,0
S42407,08,8Q,0,,0,,0,B,Y,N,0,124,0
T509,21,21C,0,,0,,N,B,Y,N,0,124,0
K458,06,6J,0,,0,,N,B,Y,N,0,124,0
T350,21,21E,0,,0,,N,B,Y,N,0,124,0
Z258,23,23D,0,,0,,N,B,Y,N,0,124,0
M8518,08,8R,0,,0,,N,B,Y,N,0,124,0
M8932,08,8R,0,,0,,N,B,Y,N,0,124,0
O072,14,14K,0,,0,,N,F,Y,N,9,60,0
R836,01,1U,0,,0,,N,B,Y,N,0,124,0
M4100,08,8H,0,,0,,N,B,Y,N,0,124,0
Z371,30,,0,,0,,N,F,N,N,9,60,0
M8655,08,8D,0,,0,,N,B,Y,N,0,124,0
R599,16,16C,0,,0,E,N,B,Y,N,0,124,0
M7227,08,8M,0,,0,,N,B,Y,N,0,124,0
M435,08,8H,0,,0,,N,B,Y,N,0,124,0
Z936,30,,0,,0,,N,B,N,N,0,124,0
S970,21,21A,0,,0,,0,B,Y,N,0,124,0
M7318,08,8M,0,,0,,N,B,N,N,0,124,0
M2450,08,8R,0,,0,,N,B,Y,N,0,124,0
H151,02,2D,0,,0,,N,B,Y,N,0,124,0
Z848,23,23D,0,,0,,N,B,Y,N,0,124,0
M6610,08,8M,0,,0,,N,B,Y,N,0,124,0
M8650,08,8D,0,,0,,N,B,Y,N,0,124,0
R854,23,23B,0,,0,,N,B,Y,N,0,124,0
A302,18,18H,0,,0,,N,B,Y,N,0,124,0
H219,02,2D,0,,0,,N,B,Y,N,0,124,0
M7104,08,8M,0,,0,,N,B,Y,N,0,124,0
R253,01,1U,0,,0,,N,B,Y,N,0,124,0
R856,23,23B,0,,0,,N,B,Y,N,0,124,0
M4636,08,8H,0,,0,,N,B,Y,N,0,124,0
I341,05,5K,0,,0,,N,B,Y,N,0,124,0
R863,23,23B,0,,0,,N,M,Y,N,0,124,0
F525,13,13F,0,,0,,N,F,Y,N,0,124,0
M802,08,8E,0,,0,,N,B,Y,N,0,124,0
F630,19,19H,0,,0,,N,B,Y,N,0,124,0
B363,09,9D,0,,0,,N,B,Y,N,0,124,0
B361,09,9D,0,,0,,N,B,Y,N,0,124,0
R870,23,23B,0,,0,,N,F,Y,N,0,124,0
M8044,08,8E,0,,0,,N,B,Y,N,0,124,0
M8328,08,8J,0,,0,,N,B,Y,N,16,124,0
S42012,08,8Q,0,,0,,0,B,Y,N,0,124,0
R875,18,18H,0,,0,,N,F,Y,N,0,124,0
H441,02,2A,0,,0,,N,B,Y,N,0,124,0
M7194,08,8M,0,,0,,N,B,Y,N,0,124,0
M0768,08,8J,0,,0,,N,B,N,N,16,124,0
J632,04,4P,0,,0,,N,B,Y,N,1,124,0
R8763,23,23B,0,,0,,N,F,Y,N,0,124,0
K1342,03,3H,0,,0,,N,B,Y,N,0,124,0
M1029,08,8J,0,,0,,N,B,Y,N,0,124,0
R891,23,23B,0,,0,,N,B,Y,N,0,124,0
O990,14,14B,0,,0,,N,F,Y,N,9,60,0
K0880,03,3H,0,,0,,N,B,Y,Y,0,124,28
E237,10,10E,0,,0,,N,B,Y,N,0,124,0
Z990,30,,0,,0,,N,B,N,N,0,124,0
R896,23,23B,0,,0,,N,B,Y,N,0,124,0
I359,05,5K,0,,0,,N,B,Y,N,0,124,0
M0312,08,8J,0,,0,,N,B,N,N,0,124,0
M7080,08,8M,0,,0,,N,B,Y,N,0,124,0
R908,01,1U,0,,0,,N,B,Y,N,0,124,0
M110,08,8J,0,,0,,N,B,Y,N,0,124,0
M4327,08,8H,0,,0,,N,B,Y,N,0,124,0
G552,08,8H,0,,0,,N,B,N,N,0,124,0
M0836,08,8F,0,,0,,N,B,Y,N,0,124,0
R933,06,6H,0,,0,,N,B,Y,N,0,124,0
M0832,08,8F,0,,0,,N,B,Y,N,0,124,0
Q174,03,3G,0,,0,,N,B,Y,N,0,124,0
R937,08,8R,0,,0,,N,B,Y,N,0,124,0
R938,23,23B,0,,0,,N,B,Y,N,0,124,0
K627,06,6J,0,,0,,N,B,Y,N,0,124,0
M9047,08,8J,0,,0,,N,B,N,N,0,124,0
R942,04,4Q,0,,0,,N,B,Y,N,0,124,0
Q517,13,13F,0,,0,,N,F,Y,N,0,124,0
R946,10,10E,0,,0,,N,B,Y,N,0,124,0
C07,03,3A,0,,0,,N,B,Y,N,0,124,0
R95,01,1U,0,,0,,N,B,Y,N,0,2,0
M218,08,8R,0,,0,,N,B,Y,N,0,124,0
E078,10,10E,0,,0,,N,B,Y,N,0,124,0
M6648,08,8M,0,,0,,N,B,Y,N,0,124,0
H669,03,3D,0,,0,,N,B,Y,N,0,124,0
O716,14,14A,0,,0,,N,F,Y,N,9,60,0
T910,30,,0,,0,,N,B,N,N,0,124,0
S001,02,2C,0,,0,,0,B,Y,N,0,124,0
S5301,08,8Q,0,,0,,0,B,Y,N,0,124,0
L443,09,9D,0,,0,,N,B,Y,N,0,124,0
S02503,03,3H,0,,0,,0,B,Y,N,0,124,0
S498,21,21A,0,,0,,0,B,Y,N,0,124,0
M1397,08,8K,0,,0,E,N,B,Y,N,0,124,0
M248,08,8R,0,,0,,N,B,Y,N,0,124,0
B383,09,9C,0,,0,D,N,B,Y,N,0,124,0
S007,09,9H,0,,0,,0,B,Y,N,0,124,0
O343,14,14B,0,,0,,N,F,Y,N,9,60,0
R002,05,5M,0,,0,,N,B,Y,N,0,124,0
L255,09,9D,0,,0,,N,B,Y,N,0,124,0
S5302,08,8Q,0,,0,,0,B,Y,N,0,124,0
D1037,03,3H,0,,0,,N,B,Y,N,0,124,0
E854,08,8S,0,,0,,N,B,Y,N,0,124,0
S047,01,1J,0,,0,,0,B,Y,N,0,124,0
S015,03,3H,0,,0,,0,B,Y,N,0,124,0
M1117,08,8J,0,,0,,N,B,Y,N,0,124,0
T237,22,22B,0,,0,,N,B,Y,N,0,124,0
B278,18,18F,0,,0,,N,B,Y,N,0,124,0
M913,08,8J,0,,0,,N,B,Y,N,0,124,0
M1389,08,8J,0,,0,,N,B,Y,N,0,124,0
A969,18,18F,0,,0,,N,B,Y,N,0,124,0
M7249,08,8M,0,,0,,N,B,Y,N,0,124,0
G935,01,1M,0,,0,,N,B,Y,N,0,124,0
C630,12,12A,0,,0,,N,M,Y,N,0,124,0
M6116,08,8M,0,,0,,N,B,Y,N,0,124,0
T604,21,21C,0,,0,,N,B,Y,N,0,124,0
M2537,08,8R,0,,0,,N,B,Y,N,0,124,0
G512,01,1J,0,,0,,N,B,Y,N,0,124,0
M5440,08,8H,0,,0,,N,B,Y,N,0,124,0
S7309,08,8C,0,,0,,0,B,Y,N,0,124,0
D233,09,9D,0,,0,,N,B,Y,N,0,124,0
M084,08,8F,0,,0,,N,B,Y,N,0,124,0
S442,01,1J,0,,0,,7,B,Y,N,0,124,0
D749,16,16A,0,,0,,N,B,Y,N,0,124,0
M2439,08,8R,0,,0,,N,B,Y,N,0,124,0
L572,09,9D,0,,0,,N,B,Y,N,0,124,0
M799,08,8L,0,,0,,N,B,Y,N,0,124,0
R508,18,18E,0,,0,,N,B,Y,N,0,124,0
T656,21,21C,0,,0,,N,B,Y,N,0,124,0
T324,22,22A,0,,0,,N,B,Y,N,0,124,0
H901,03,3G,0,,0,,N,B,Y,N,0,124,0
M1208,08,8J,0,,0,,N,B,Y,N,0,124,0
L930,09,9C,0,,0,,N,B,Y,N,0,124,0
S02512,03,3H,0,,0,,0,B,Y,N,0,124,0
S4301,08,8Q,0,,0,,0,B,Y,N,0,124,0
M1205,08,8J,0,,0,,N,B,Y,N,0,124,0
M2498,08,8R,0,,0,,N,B,Y,N,0,124,0
Q041,01,1U,0,,0,,N,B,Y,N,0,124,0
H538,02,2D,0,,0,,N,B,Y,N,0,124,0
C472,08,8E,0,,0,,N,B,Y,N,0,124,0
M7381,08,8M,0,,0,,N,B,N,N,0,124,0
Z837,23,23D,0,,0,,N,B,Y,N,0,124,0
T452,21,21C,0,,0,,N,B,Y,N,0,124,0
T271,04,4Q,0,,0,,N,B,Y,N,0,124,0
K109,03,3H,0,,0,,N,B,Y,N,0,124,0
I791,05,5F,0,,0,,N,B,N,N,0,124,0
M4028,08,8H,0,,0,,N,B,Y,N,0,124,0
K836,07,7E,0,,0,,N,B,Y,N,0,124,0
P582,15,,0,,0,,N,B,Y,N,0,0,0
M4328,08,8H,0,,0,,N,B,Y,N,0,124,0
G22,01,1D,0,,0,,N,B,N,N,0,124,0
F1206,20,20F,0,,0,,N,B,Y,N,0,124,0
M7979,08,8L,0,,0,,N,B,Y,N,0,124,0
K0360,03,3H,0,,0,,N,B,Y,Y,0,124,28
E790,10,10D,0,,0,,N,B,Y,N,0,124,0
M7799,08,8M,0,,0,,N,B,Y,N,0,124,0
L439,09,9C,0,,0,,N,B,Y,N,0,124,0
D121,06,6J,0,,0,,N,B,Y,N,0,124,0
M4015,08,8H,0,,0,,N,B,Y,N,0,124,0
O065,14,14K,0,,0,,N,F,Y,N,9,60,0
P004,15,,0,,0,,N,B,Y,N,0,0,0
S0322,03,3H,0,,0,,0,B,Y,N,0,124,0
L415,09,9B,0,,0,,N,B,Y,N,0,124,0
S32601,08,8B,0,,0,,0,B,Y,N,0,124,0
E800,10,10D,0,,0,,N,B,Y,N,0,124,0
M7230,08,8M,0,,0,,N,B,Y,N,0,124,0
M1393,08,8K,0,,0,E,N,B,Y,N,0,124,0
D292,12,12E,0,,0,,N,M,Y,N,0,124,0
J328,03,3D,0,,0,,N,B,Y,N,0,124,0
S045,01,1J,0,,0,,0,B,Y,N,0,124,0
Z906,30,,0,,0,,N,B,N,N,0,124,0
D519,16,16A,0,,0,E,N,B,Y,N,0,124,0
C639,12,12A,0,,0,,N,M,Y,N,0,124,0
S118,09,9H,0,,0,,0,B,Y,N,0,124,0
M0916,08,8J,0,,0,,N,B,N,N,0,124,0
Q968,13,13F,0,,0,,N,B,Y,N,0,124,0
M9059,08,8J,0,,0,,N,B,N,N,0,124,0
I959,05,5R,0,,0,,N,B,Y,N,0,124,0
R309,11,11F,0,,0,,N,B,Y,N,0,124,0
R53,23,23B,0,,0,,N,B,Y,N,0,124,0
O640,14,14A,0,,0,,N,F,Y,N,9,60,0
S059,02,2C,0,,0,,0,B,Y,N,0,124,0
M4315,08,8H,0,,0,,N,B,Y,N,0,124,0
M8087,08,8E,0,,0,,N,B,Y,N,0,124,0
N974,13,13F,0,,0,,N,F,Y,N,9,60,0
N641,09,9F,0,,0,,N,B,Y,N,0,124,0
M1189,08,8J,0,,0,,N,B,Y,N,0,124,0
J211,04,4L,0,,0,,N,B,Y,N,0,124,0
M4134,08,8H,0,,0,,N,B,Y,N,0,124,0
M9115,08,8J,0,,0,,N,B,Y,N,0,124,0
K1214,03,3H,0,,0,,N,B,Y,N,0,124,0
C408,08,8E,0,,0,,N,B,Y,N,0,124,0
M6115,08,8M,0,,0,,N,B,Y,N,0,124,0
A86,01,1K,0,,0,B,N,B,Y,N,0,124,0
F172,20,20F,0,,0,,N,B,Y,N,0,124,0
R51,01,1Q,0,,0,,N,B,Y,N,0,124,0
B3700,03,3H,0,,0,D,N,B,Y,N,0,124,0
T189,06,6J,0,,0,,N,B,Y,N,0,124,0
N897,13,13F,0,,0,,N,F,Y,N,0,124,0
M7999,08,8L,0,,0,,N,B,Y,N,0,124,0
S068,01,1R,0,,0,,1,B,Y,N,0,124,0
H833,03,3G,0,,0,,N,B,Y,N,0,124,0
F067,19,19K,0,,0,,N,B,Y,N,0,124,0
S641,01,1J,0,,0,,7,B,Y,N,0,124,0
B962,30,,0,,0,,N,B,N,N,0,124,0
N901,13,13F,0,,0,,N,F,Y,N,0,124,0
M901,08,8D,0,,0,,N,B,N,N,0,124,0
P260,15,,0,,0,,N,B,Y,N,0,0,0
T6300,21,21C,0,,0,,N,B,Y,N,0,124,0
K0900,03,3H,0,,0,,N,B,Y,N,0,124,0
S089,21,21A,0,,0,,0,B,Y,N,0,124,0
B831,18,18H,0,,0,,N,B,Y,N,0,124,0
M5497,08,8H,0,,0,,N,B,Y,N,0,124,0
R460,19,19L,0,,0,,N,B,Y,N,0,124,0
R1040,06,6K,0,,0,,N,B,Y,N,0,124,0
M1092,08,8J,0,,0,,N,B,Y,N,0,124,0
J118,18,18F,0,,0,,N,B,Y,N,0,124,0
S528,08,8P,0,,0,,0,B,Y,N,0,124,0
S107,09,9H,0,,0,,0,B,Y,N,0,124,0
S108,09,9H,0,,0,,0,B,Y,N,0,124,0
S109,09,9H,0,,0,,0,B,Y,N,0,124,0
K134,03,3H,0,,0,,N,B,Y,N,0,124,0
K008,03,3H,0,,0,,N,B,Y,Y,0,124,28
S112,03,3G,0,,0,,2,B,Y,N,0,124,0
M7941,09,9C,0,,0,,N,B,Y,N,0,124,0
I255,05,5G,0,,0,,N,B,Y,N,1,124,0
K388,06,6J,0,,0,,N,B,Y,N,0,124,0
T501,21,21C,0,,0,,N,B,Y,N,0,124,0
N158,11,11H,0,,0,,N,B,Y,N,0,124,0
L812,09,9D,0,,0,,N,B,Y,N,0,124,0
K228,06,6H,0,,0,,N,B,Y,N,0,124,0
L879,09,9D,0,,0,,N,B,Y,N,0,124,0
B669,18,18H,0,,0,,N,B,Y,N,0,124,0
Q658,08,8R,0,,0,,N,B,Y,N,0,124,0
M0151,08,8J,0,,0,,N,B,N,N,0,124,0
K1303,03,3H,0,,0,,N,B,Y,N,0,124,0
M429,08,8J,0,,0,,N,B,Y,N,0,124,0
H062,02,2D,0,,0,,N,B,N,N,0,124,0
G379,01,1E,0,,0,,N,B,Y,N,0,124,0
C140,03,3A,0,,0,,N,B,Y,N,0,124,0
R799,23,23B,0,,0,,N,B,Y,N,0,124,0
S525,08,8P,0,,0,,0,B,Y,N,0,124,0
M0089,08,8G,0,,0,,N,B,Y,N,0,124,0
A081,06,6G,0,,0,,N,B,Y,N,0,124,0
J22,04,4Q,0,,0,,N,B,Y,N,0,124,0
T631,21,21C,0,,0,,N,B,Y,N,0,124,0
F556,20,20F,0,,0,,N,B,Y,N,0,124,0
T454,21,21C,0,,0,,N,B,Y,N,0,124,0
L878,09,9D,0,,0,,N,B,Y,N,0,124,0
M6643,08,8M,0,,0,,N,B,Y,N,0,124,0
M2541,08,8R,0,,0,,N,B,Y,N,0,124,0
M252,08,8R,0,,0,,N,B,Y,N,0,124,0
M7313,08,8M,0,,0,,N,B,N,N,0,124,0
L608,09,9D,0,,0,,N,B,Y,N,0,124,0
M1245,08,8J,0,,0,,N,B,Y,N,0,124,0
S134,08,8H,0,,0,,0,B,Y,N,0,124,0
R252,08,8L,0,,0,,N,B,Y,N,0,124,0
R871,23,23B,0,,0,,N,F,Y,N,0,124,0
M228,08,8Q,0,,0,,N,B,Y,N,0,124,0
M1989,08,8J,0,,0,,N,B,Y,N,0,124,0
S146,01,1J,0,,0,,0,B,Y,N,0,124,0
M1047,08,8J,0,,0,,N,B,Y,N,0,124,0
Z512,30,,0,,0,,N,B,N,N,0,124,0
J688,04,4F,0,,0,,N,B,Y,N,0,124,0
K0065,03,3H,0,,0,,N,B,Y,N,0,124,0
I440,05,5M,0,,0,,N,B,Y,N,0,124,0
B662,18,18H,0,,0,,N,B,Y,N,0,124,0
S18,21,21A,0,,0,,0,B,Y,N,0,124,0
M7309,08,8G,0,,0,,N,B,N,N,0,124,0
C418,08,8E,0,,0,,N,B,Y,N,0,124,0
T903,30,,0,,0,,N,B,N,N,0,124,0
M7193,08,8M,0,,0,,N,B,Y,N,0,124,0
S201,09,9H,0,,0,,0,B,Y,N,0,124,0
T448,21,21C,0,,0,,N,B,Y,N,0,124,0
E269,10,10E,0,,0,,N,B,Y,N,0,124,0
T441,21,21C,0,,0,,N,B,Y,N,0,124,0
S82209,08,8Q,0,,0,,0,B,Y,N,0,124,0
S219,21,21A,0,,0,,0,B,Y,N,0,124,0
R42,03,3B,0,,0,,N,B,Y,N,0,124,0
M7380,08,8M,0,,0,,N,B,N,N,0,124,0
L750,09,9D,0,,0,,N,B,Y,N,0,124,0
B879,09,9D,0,,0,,N,B,Y,N,0,124,0
B954,30,,0,,0,,N,B,N,N,0,124,0
H730,03,3D,0,,0,,N,B,Y,N,0,124,0
M2101,08,8R,0,,0,,N,B,Y,N,0,124,0
R600,23,23B,0,,0,,N,B,Y,N,0,124,0
Q395,06,6J,0,,0,,N,B,Y,N,0,124,0
L739,09,9D,0,,0,,N,B,Y,N,0,124,0
A809,01,1K,0,,0,,N,B,Y,N,0,124,0
A803,01,1K,0,,0,,N,B,Y,N,0,124,0
M1023,08,8J,0,,0,,N,B,Y,N,0,124,0
O995,14,14B,0,,0,,N,F,Y,N,9,60,0
K075,03,3H,0,,0,,N,B,Y,Y,0,124,28
G132,01,1D,0,,0,,N,B,N,N,0,124,0
B79,06,6L,0,,0,,N,B,Y,N,0,124,0
T96,30,,0,,0,,N,B,N,N,0,124,0
M6102,08,8M,0,,0,,N,B,Y,N,0,124,0
D299,12,12E,0,,0,,N,M,Y,N,0,124,0
G430,01,1Q,0,,0,,N,B,Y,N,0,124,0
Q555,12,12E,0,,0,,N,M,Y,N,0,124,0
M2412,08,8Q,0,,0,,N,B,Y,N,0,124,0
T398,21,21C,0,,0,,N,B,Y,N,0,124,0
S2230,04,4Q,0,,0,,0,B,Y,N,0,124,0
G211,01,1D,0,,0,,N,B,Y,N,0,124,0
M9954,30,,0,,0,,N,B,N,N,0,124,0
M121,08,8J,0,,0,,N,B,Y,N,0,124,0
S4281,08,8Q,0,,0,,7,B,Y,N,0,124,0
M0754,08,8J,0,,0,,N,B,N,N,16,124,0
M8645,08,8D,0,,0,,N,B,Y,N,0,124,0
M4304,08,8H,0,,0,,N,B,Y,N,0,124,0
M1283,08,8K,0,,0,,N,B,Y,N,0,124,0
M0188,08,8G,0,,0,,N,B,N,N,0,124,0
S230,08,8H,0,,0,,0,B,Y,N,0,124,0
M4049,08,8H,0,,0,,N,B,Y,N,0,124,0
D224,09,9D,0,,0,,N,B,Y,N,0,124,0
L410,09,9B,0,,0,,N,B,Y,N,0,124,0
M8489,08,8R,0,,0,,N,B,Y,N,0,124,0
M9120,08,8J,0,,0,,N,B,Y,N,0,124,0
S52708,08,8Q,0,,0,,0,B,Y,N,0,124,0
M7946,09,9D,0,,0,,N,B,Y,N,0,124,0
J628,04,4P,0,,0,,N,B,Y,N,1,124,0
S245,01,1J,0,,0,,6,B,Y,N,0,124,0
M8917,08,8R,0,,0,,N,B,Y,N,0,19,0
M2583,08,8L,0,,0,,N,B,Y,N,0,124,0
T0230,08,8R,0,,0,,0,B,Y,N,0,124,0
M0082,08,8G,0,,0,,N,B,Y,N,0,124,0
M9388,08,8J,0,,0,,N,B,Y,N,0,124,0
G210,01,1U,0,,0,,N,B,Y,N,0,124,0
P141,15,,0,,0,,N,B,Y,N,0,0,0
S4210,08,8Q,0,,0,,0,B,Y,N,0,124,0
M368,08,8F,0,,0,,N,B,N,N,0,124,0
A232,18,18H,0,,0,,N,B,Y,N,0,124,0
K0765,03,3H,0,,0,,N,B,Y,Y,0,124,28
E343,10,10E,0,,0,,N,B,Y,N,0,124,0
M0766,08,8J,0,,0,,N,B,N,N,16,124,0
R782,23,23B,0,,0,,N,B,Y,N,0,124,0
M8647,08,8D,0,,0,,N,B,Y,N,0,124,0
O281,14,14E,0,,0,,N,F,Y,N,9,60,0
H678,03,3D,0,,0,,N,B,N,N,0,124,0
E009,10,10E,0,,0,,N,B,Y,N,0,124,0
Q962,12,12E,0,,0,,N,B,Y,N,0,124,0
S005,09,9H,0,,0,,0,B,Y,N,0,124,0
M9053,08,8J,0,,0,,N,B,N,N,0,124,0
Q950,23,23D,0,,0,,N,B,Y,N,0,124,0
M7304,08,8G,0,,0,,N,B,N,N,0,124,0
M6201,08,8M,0,,0,,N,B,Y,N,0,124,0
F449,19,19E,0,,0,,N,B,Y,N,0,124,0
M362,08,8J,0,,0,,N,B,N,N,0,124,0
T030,08,8R,0,,0,,0,B,Y,N,0,124,0
S849,01,1J,0,,0,,0,B,Y,N,0,124,0
S710,21,21A,0,,0,,0,B,Y,N,0,124,0
M8042,08,8E,0,,0,,N,B,Y,N,0,124,0
Q355,03,3H,0,,0,,N,B,Y,N,0,124,0
N973,13,13F,0,,0,,N,F,Y,N,9,60,0
M7131,08,8M,0,,0,,N,B,Y,N,0,124,0
L680,09,9D,0,,0,,N,B,Y,N,0,124,0
N308,11,11D,0,,0,,N,B,Y,N,0,124,0
T292,22,22C,0,,0,,N,B,Y,N,0,124,0
D069,13,13B,0,,0,,N,F,Y,N,0,124,0
M203,08,8R,0,,0,,N,B,Y,N,0,124,0
T344,21,21E,0,,0,,N,B,Y,N,0,124,0
S5080,09,9H,0,,0,,0,B,Y,N,0,124,0
P509,15,,0,,0,,N,B,Y,N,0,0,0
M6118,08,8M,0,,0,,N,B,Y,N,0,124,0
R510,01,1Q,0,,0,,N,B,Y,N,0,124,0
S301,09,9H,0,,0,,0,B,Y,N,0,124,0
M104,08,8J,0,,0,,N,B,Y,N,0,124,0
M7965,08,8L,0,,0,,N,B,Y,N,0,124,0
K0621,03,3H,0,,0,,N,B,Y,Y,0,124,28
M6193,08,8M,0,,0,,N,B,Y,N,0,124,0
M6644,08,8M,0,,0,,N,B,Y,N,0,124,0
F444,19,19F,0,,0,,N,B,Y,N,0,124,0
J219,04,4L,0,,0,,N,B,Y,N,0,124,0
M2393,08,8Q,0,,0,,N,B,Y,N,0,124,0
T063,21,21A,0,,0,,0,B,Y,N,0,124,0
A740,02,2D,0,,0,,N,B,Y,N,0,124,0
S315,12,12E,0,,0,,0,B,Y,N,0,124,0
D1005,03,3H,0,,0,,N,B,Y,N,0,124,0
Q691,08,8R,0,,0,,N,B,Y,N,0,124,0
F559,20,20F,0,,0,,N,B,Y,N,0,124,0
K0022,03,3H,0,,0,,N,B,Y,Y,0,124,28
T911,30,,0,,0,,N,B,N,N,0,124,0
M5495,08,8H,0,,0,,N,B,Y,N,0,124,0
D226,09,9D,0,,0,,N,B,Y,N,0,124,0
M0287,08,8J,0,,0,,N,B,Y,N,0,124,0
K0081,03,3H,0,,0,,N,B,Y,Y,0,124,28
F731,19,19K,0,,0,,N,B,Y,N,0,124,0
T752,21,21E,0,,0,,N,B,Y,N,0,124,0
Z515,23,23D,0,,0,,N,B,Y,N,0,124,0
S912,21,21A,0,,0,,0,B,Y,N,0,124,0
K0369,03,3H,0,,0,,N,B,Y,Y,0,124,28
Z017,30,,0,,0,,N,B,N,N,0,124,0
M5382,08,8H,0,,0,,N,B,Y,N,0,124,0
S3211,08,8H,0,,0,,6,B,Y,N,0,124,0
M8923,08,8R,0,,0,,N,B,Y,N,0,19,0
S3221,08,8H,0,,0,,0,B,Y,N,0,124,0
H509,02,2D,0,,0,,N,B,Y,N,0,124,0
Q256,05,5J,0,,0,,N,B,Y,N,0,124,0
Z999,30,,0,,0,,N,B,N,N,0,124,0
F078,19,19K,0,,0,,N,B,Y,N,0,124,0
M8036,08,8E,0,,0,,N,B,Y,N,0,124,0
Z993,30,,0,,0,,N,B,N,N,0,124,0
E671,10,10C,0,,0,,N,B,Y,N,0,124,0
L901,09,9D,0,,0,,N,B,Y,N,0,124,0
M8920,08,8R,0,,0,,N,B,Y,N,0,19,0
M9950,30,,0,,0,,N,B,N,N,0,124,0
M7650,08,8M,0,,0,,N,B,Y,N,0,124,0
L738,09,9D,0,,0,,N,B,Y,N,0,124,0
M4902,08,8D,0,,0,,N,B,N,N,0,124,0
L551,09,9D,0,,0,,N,B,Y,N,0,124,0
M9924,30,,0,,0,,N,B,N,N,0,124,0
S511,09,9H,0,,0,,0,B,Y,N,0,124,0
P548,15,,0,,0,,N,B,Y,N,0,0,0
T493,21,21C,0,,0,,N,B,Y,N,0,124,0
Q8288,09,9D,0,,0,,N,B,Y,N,0,124,0
Z969,30,,0,,0,,N,B,N,N,0,124,0
A268,18,18H,0,,0,,N,B,Y,N,0,124,0
N771,13,13D,0,,0,,N,F,N,N,0,124,0
M6237,08,8M,0,,0,,N,B,Y,N,0,124,0
K082,03,3H,0,,0,,N,B,Y,Y,0,124,28
Z9664,30,,0,,0,,N,B,N,N,0,124,0
Q433,06,6J,0,,0,,N,B,Y,N,0,124,0
Z9662,30,,0,,0,,N,B,N,N,0,124,0
M9498,08,8R,0,,0,,N,B,Y,N,0,124,0
L118,09,9B,0,,0,,N,B,Y,N,0,124,0
Q791,04,4Q,0,,0,,N,B,Y,N,0,124,0
M4102,08,8H,0,,0,,N,B,Y,N,0,124,0
H268,02,2D,0,,0,,N,B,Y,N,0,124,0
S52511,08,8P,0,,0,,7,B,Y,N,0,124,0
M1187,08,8J,0,,0,,N,B,Y,N,0,124,0
Q049,01,1U,0,,0,,N,B,Y,N,0,124,0
K0754,03,3H,0,,0,,N,B,Y,Y,0,124,28
M8896,08,8J,0,,0,,N,B,Y,N,0,124,0
Q404,06,6J,0,,0,,N,B,Y,N,0,124,0
M062,08,8F,0,,0,,N,B,Y,N,0,124,0
E038,10,10E,0,,0,,N,B,Y,N,0,124,0
P788,15,,0,,0,,N,B,Y,N,0,0,0
H900,03,3G,0,,0,,N,B,Y,N,0,124,0
Z947,30,,0,,0,,N,B,N,N,0,124,0
Q638,11,11H,0,,0,,N,B,Y,N,0,124,0
L649,09,9D,0,,0,,N,B,Y,N,0,124,0
M1998,08,8J,0,,0,,N,B,Y,N,0,124,0
D353,01,1C,0,,0,,N,B,Y,N,0,124,0
M4655,08,8H,0,,0,,N,B,Y,N,0,124,0
O602,14,14A,0,,0,,N,F,Y,N,9,60,0
M0609,08,8F,0,,0,,N,B,Y,N,16,124,0
S9241,08,8P,0,,0,,0,B,Y,N,0,124,0
Z932,30,,0,,0,,N,B,N,N,0,124,0
A066,01,1K,0,,0,,N,B,Y,N,0,124,0
M8727,08,8J,0,,0,,N,B,Y,N,0,124,0
T659,21,21C,0,,0,,N,B,Y,N,0,124,0
N26,11,11K,0,,0,,N,B,Y,N,0,124,0
L903,09,9D,0,,0,,N,B,Y,N,0,124,0
L748,09,9D,0,,0,,N,B,Y,N,0,124,0
C091,03,3A,0,,0,,N,B,Y,N,0,124,0
T274,04,4Q,0,,0,,N,B,Y,N,0,124,0
Z921,30,,0,,0,,N,B,N,N,0,124,0
Z920,30,,0,,0,,N,B,N,N,0,124,0
Z314,23,23D,0,,0,,N,B,Y,N,9,60,0
D0330,09,9C,0,,0,,N,B,Y,N,0,124,0
N852,13,13F,0,,0,,N,F,Y,N,0,124,0
H368,02,2D,0,,0,,N,B,N,N,0,124,0
H535,02,2D,0,,0,,N,B,Y,N,0,124,0
M0753,08,8J,0,,0,,N,B,N,N,16,124,0
R231,23,23B,0,,0,,N,B,Y,N,0,124,0
Z729,30,,0,,0,,N,B,N,N,0,124,0
M6125,08,8M,0,,0,,N,B,Y,N,0,124,0
K36,06,6J,0,,0,,N,B,Y,N,0,124,0
P918,15,,0,,0,,N,B,Y,N,0,0,0
H169,02,2D,0,,0,,N,B,Y,N,0,124,0
R030,05,5R,0,,0,,N,B,Y,N,0,124,0
M6138,08,8M,0,,0,,N,B,Y,N,0,124,0
M8106,08,8J,0,,0,,N,F,Y,N,31,124,0
Z505,23,23A,0,,0,,N,B,Y,N,0,124,0
O268,14,14B,0,,0,,N,F,Y,N,9,60,0
O328,14,14B,0,,0,,N,F,Y,N,9,60,0
M0300,08,8J,0,,0,,N,B,N,N,0,124,0
Q780,08,8R,0,,0,,N,B,Y,N,0,124,0
M1912,08,8J,0,,0,,N,B,Y,N,0,124,0
Z8961,30,,0,,0,,N,B,N,N,0,124,0
Z896,30,,0,,0,,N,B,N,N,0,124,0
M8891,08,8J,0,,0,,N,B,Y,N,0,124,0
Z8951,30,,0,,0,,N,B,N,N,0,124,0
Z895,30,,0,,0,,N,B,N,N,0,124,0
Z894,30,,0,,0,,N,B,N,N,0,124,0
H613,03,3G,0,,0,,N,B,Y,N,0,124,0
T540,21,21C,0,,0,,N,B,Y,N,0,124,0
Z8944,30,,0,,0,,N,B,N,N,0,124,0
K0921,03,3H,0,,0,,N,B,Y,N,0,124,0
Z8942,30,,0,,0,,N,B,N,N,0,124,0
D024,04,4M,0,,0,,N,B,Y,N,0,124,0
Z893,30,,0,,0,,N,B,N,N,0,124,0
M152,08,8J,0,,0,,N,B,Y,N,16,124,0
I069,05,5K,0,,0,,N,B,Y,N,0,124,0
H832,03,3B,0,,0,,N,B,Y,N,0,124,0
R391,11,11F,0,,0,,N,B,Y,N,0,124,0
T534,21,21C,0,,0,,N,B,Y,N,0,124,0
F0282,19,19K,0,,0,,N,B,N,N,0,124,0
Z890,30,,0,,0,,N,B,N,N,0,124,0
Z889,30,,0,,0,,N,B,N,N,0,124,0
D157,04,4M,0,,0,,N,B,Y,N,0,124,0
M2595,08,8L,0,,0,,N,B,Y,N,0,124,0
E58,10,10C,0,,0,E,N,B,Y,N,0,124,0
M9433,08,8R,0,,0,,N,B,Y,N,0,124,0
F402,19,19F,0,,0,,N,B,Y,N,0,124,0
T954,30,,0,,0,,N,B,N,N,0,124,0
Z080,23,23C,0,,0,,N,B,Y,N,0,124,0
Z881,30,,0,,0,,N,B,N,N,0,124,0
M7687,08,8M,0,,0,,N,B,Y,N,0,124,0
F638,19,19H,0,,0,,N,B,Y,N,0,124,0
M2316,08,8Q,0,,0,,N,B,Y,N,0,124,0
Z876,30,,0,,0,,N,B,N,N,0,124,0
M0186,08,8G,0,,0,,N,B,N,N,0,124,0
M4029,08,8H,0,,0,,N,B,Y,N,0,124,0
B3703,03,3H,0,,0,D,N,B,Y,N,0,124,0
H330,02,2C,0,,0,,N,B,Y,N,0,124,0
Z870,30,,0,,0,,N,B,N,N,0,124,0
N941,13,13F,0,,0,,N,F,Y,N,1,124,0
Z866,30,,0,,0,,N,B,N,N,0,124,0
S02507,03,3H,0,,0,,0,B,Y,N,0,124,0
Z864,30,,0,,0,,N,B,N,N,0,124,0
Z916,30,,0,,0,,N,B,N,N,0,124,0
M8119,08,8J,0,,0,,N,F,Y,N,1,124,0
R845,18,18H,0,,0,,N,B,Y,N,0,124,0
S949,01,1J,0,,0,,0,B,Y,N,0,124,0
D802,16,16C,0,,0,,N,B,Y,N,0,124,0
B813,06,6L,0,,0,,N,B,Y,N,0,124,0
T333,21,21E,0,,0,,N,B,Y,N,0,124,0
M896,08,8R,0,,0,,N,B,Y,N,0,124,0
N898,13,13D,0,,0,,N,F,Y,N,0,124,0
Q391,06,6J,0,,0,,N,B,Y,N,0,124,0
Z853,30,,0,,0,,N,B,N,N,0,124,0
H709,03,3D,0,,0,,N,B,Y,N,0,124,0
T450,21,21C,0,,0,,N,B,Y,N,0,124,0
Z136,23,23D,0,,0,,N,B,Y,N,0,124,0
A203,18,18H,0,,0,,N,B,Y,N,0,124,0
F655,19,19H,0,,0,,N,B,Y,N,0,124,0
Z841,23,23D,0,,0,,N,B,Y,N,0,124,0
M4696,08,8H,0,,0,,N,B,Y,N,0,124,0
N849,13,13F,0,,0,,N,F,Y,N,0,124,0
Q762,08,8H,0,,0,,N,B,Y,N,0,124,0
K1024,03,3H,0,,0,,N,B,Y,N,0,124,0
T216,22,22C,0,,0,,N,B,Y,N,0,124,0
Q978,13,13F,0,,0,,N,B,Y,N,0,124,0
S4080,09,9H,0,,0,,0,B,Y,N,0,124,0
Z824,23,23D,0,,0,,N,B,Y,N,0,124,0
D373,06,6A,0,,0,,N,B,Y,N,0,124,0
A305,18,18H,0,,0,,N,B,Y,N,0,124,0
E036,10,10E,0,,0,,N,B,Y,N,0,124,0
A668,18,18H,0,,0,,N,B,Y,N,0,124,0
P964,30,,0,,0,,N,B,N,N,0,0,0
T414,21,21C,0,,0,,N,B,Y,N,0,124,0
K0981,03,3H,0,,0,,N,B,Y,N,0,124,0
F508,19,19G,0,,0,,N,B,Y,N,0,124,0
S019,21,21A,0,,0,,0,B,Y,N,0,124,0
M210,08,8R,0,,0,,N,B,Y,N,0,124,0
Z808,23,23D,0,,0,,N,B,Y,N,0,124,0
D035,09,9C,0,,0,,N,B,Y,N,0,124,0
M4120,08,8H,0,,0,,N,B,Y,N,0,124,0
P233,15,,0,,0,,N,B,Y,N,0,0,0
F334,19,19C,0,,0,,N,B,Y,N,0,124,0
Z523,23,23D,0,,0,,N,B,Y,N,0,124,0
Z800,23,23D,0,,0,,N,B,Y,N,0,124,0
E802,10,10D,0,,0,,N,B,Y,N,0,124,0
M6792,08,8M,0,,0,,N,B,Y,N,0,124,0
M5406,09,9C,0,,0,,N,B,Y,N,0,124,0
M1308,08,8K,0,,0,,N,B,Y,N,0,124,0
H308,02,2D,0,,0,,N,B,Y,N,0,124,0
M2493,08,8R,0,,0,,N,B,Y,N,0,124,0
Z758,23,23D,0,,0,,N,B,Y,N,0,124,0
P051,15,,0,,0,,N,B,Y,N,0,0,0
Z753,23,23D,0,,0,,N,B,Y,N,0,124,0
S444,01,1J,0,,0,,0,B,Y,N,0,124,0
M8503,08,8J,0,,0,,N,B,Y,N,0,124,0
M0516,04,4P,0,,0,,N,B,Y,N,16,124,0
B331,18,18F,0,,0,,N,B,Y,N,0,124,0
Z973,30,,0,,0,,N,B,N,N,0,124,0
M2331,08,8Q,0,,0,,N,B,Y,N,0,124,0
M7120,08,8M,0,,0,,N,B,Y,N,0,124,0
Z739,23,23D,0,,0,,N,B,Y,N,0,124,0
M7209,08,8M,0,,0,,N,B,Y,N,0,124,0
M7083,08,8M,0,,0,,N,B,Y,N,0,124,0
C518,13,13A,0,,0,,N,F,Y,N,0,124,0
Z734,23,23D,0,,0,,N,B,Y,N,0,124,0
M8716,08,8J,0,,0,,N,B,Y,N,0,124,0
G511,01,1J,0,,0,,N,B,Y,N,0,124,0
Q501,13,13F,0,,0,,N,F,Y,N,0,124,0
Q601,11,11H,0,,0,,N,B,Y,N,0,124,0
M8644,08,8D,0,,0,,N,B,Y,N,0,124,0
M5447,08,8H,0,,0,,N,B,Y,N,0,124,0
M8681,08,8D,0,,0,,N,B,Y,N,0,124,0
M968,08,8N,0,,0,,N,B,Y,N,0,124,0
M4308,08,8H,0,,0,,N,B,Y,N,0,124,0
M7086,08,8M,0,,0,,N,B,Y,N,0,124,0
M4004,08,8H,0,,0,,N,B,Y,N,0,124,0
S82117,08,8Q,0,,0,,8,B,Y,N,0,124,0
M6156,08,8M,0,,0,,N,B,Y,N,0,124,0
T231,22,22C,0,,0,,N,B,Y,N,0,124,0
M4021,08,8H,0,,0,,N,B,Y,N,0,124,0
Z713,23,23D,0,,0,,N,B,Y,N,0,124,0
K020,03,3H,0,,0,,N,B,Y,Y,0,124,28
D1012,03,3H,0,,0,,N,B,Y,N,0,124,0
S434,08,8Q,0,,0,,0,B,Y,N,0,124,0
M2193,08,8R,0,,0,,N,B,Y,N,0,124,0
M4890,08,8H,0,,0,,N,B,Y,N,0,124,0
B528,18,18C,0,,0,,N,B,Y,N,0,124,0
M6027,08,8M,0,,0,,N,B,Y,N,0,124,0
N970,13,13F,0,,0,,N,F,Y,N,9,60,0
G458,01,1G,0,,0,,N,B,Y,N,0,124,0
Z814,23,23D,0,,0,,N,B,Y,N,0,124,0
M8547,08,8J,0,,0,,N,B,Y,N,0,124,0
Z654,23,23D,0,,0,,N,B,Y,N,0,124,0
K299,06,6M,0,,0,,N,B,Y,N,0,124,0
Z651,23,23D,0,,0,,N,B,Y,N,0,124,0
F521,19,19M,0,,0,,N,B,Y,N,0,124,0
L683,09,9D,0,,0,,N,B,Y,N,0,124,0
F669,19,19H,0,,0,,N,B,Y,N,0,124,0
Z641,23,23D,0,,0,,N,B,Y,N,0,124,0
D518,16,16A,0,,0,E,N,B,Y,N,0,124,0
S5081,09,9H,0,,0,,0,B,Y,N,0,124,0
S5201,08,8P,0,,0,,7,B,Y,N,0,124,0
B854,09,9D,0,,0,,N,B,Y,N,0,124,0
M8969,08,8R,0,,0,,N,B,Y,N,0,124,0
Z635,23,23D,0,,0,,N,B,Y,N,0,124,0
Z634,23,23D,0,,0,,N,B,Y,N,0,124,0
D165,03,3H,0,,0,,N,B,Y,N,0,124,0
J630,04,4P,0,,0,,N,B,Y,N,1,124,0
R822,07,7D,0,,0,,N,B,Y,N,0,124,0
G119,01,1E,0,,0,,N,B,Y,N,0,124,0
Z626,23,23D,0,,0,,N,B,Y,N,0,124,0
M661,08,8M,0,,0,,N,B,Y,N,0,124,0
M6786,08,8M,0,,0,,N,B,Y,N,0,124,0
Z623,23,23D,0,,0,,N,B,Y,N,0,124,0
Z621,23,23D,0,,0,,N,B,Y,N,0,124,0
Q308,03,3G,0,,0,,N,B,Y,N,0,124,0
G138,01,1D,0,,0,,N,B,N,N,0,124,0
Z615,23,23D,0,,0,,N,B,Y,N,0,124,0
T148,21,21A,0,,0,,0,B,Y,N,0,124,0
Z612,23,23D,0,,0,,N,B,Y,N,0,124,0
M9042,08,8J,0,,0,,N,B,N,N,0,124,0
S82219,08,8Q,0,,0,,8,B,Y,N,0,124,0
Z609,23,23D,0,,0,,N,B,Y,N,0,124,0
Z605,23,23D,0,,0,,N,B,Y,N,0,124,0
Z604,23,23D,0,,0,,N,B,Y,N,0,124,0
Z603,23,23D,0,,0,,N,B,Y,N,0,124,0
Z602,23,23D,0,,0,,N,B,Y,N,0,124,0
K0700,03,3H,0,,0,,N,B,Y,N,0,124,0
Z600,23,23D,0,,0,,N,B,Y,N,0,124,0
M9994,30,,0,,0,,N,B,N,N,0,124,0
Z750,23,23D,0,,0,,N,B,Y,N,0,124,0
C100,03,3A,0,,0,,N,B,Y,N,0,124,0
H501,02,2B,0,,0,,N,B,Y,N,0,124,0
M2455,08,8R,0,,0,,N,B,Y,N,0,124,0
Z594,23,23D,0,,0,,N,B,Y,N,0,124,0
M1289,08,8K,0,,0,,N,B,Y,N,0,124,0
Q643,11,11H,0,,0,,N,B,Y,N,0,124,0
T141,21,21A,0,,0,,0,B,Y,N,0,124,0
A99,18,18F,0,,0,,N,B,Y,N,0,124,0
P115,15,,0,,0,,N,B,Y,N,0,0,0
M2346,08,8R,0,,0,,N,B,Y,N,0,124,0
O970,30,,0,,0,,N,F,N,N,9,60,0
Q845,09,9D,0,,0,,N,B,Y,N,0,124,0
K0727,03,3H,0,,0,,N,B,Y,Y,0,124,28
M2475,08,8R,0,,0,,N,B,Y,N,0,124,0
A212,04,4C,0,,0,,N,B,Y,N,0,124,0
M4210,08,8J,0,,0,,N,B,Y,N,16,124,0
M4200,08,8J,0,,0,,N,B,Y,N,0,124,0
M1045,08,8J,0,,0,,N,B,Y,N,0,124,0
B8319,18,18H,0,,0,,N,B,Y,N,0,124,0
H744,03,3G,0,,0,,N,B,Y,N,0,124,0
A544,08,8G,0,,0,,N,B,Y,N,0,124,0
M8915,08,8R,0,,0,,N,B,Y,N,0,19,0
N871,13,13F,0,,0,,N,F,Y,N,0,124,0
E752,10,10D,0,,0,,N,B,Y,N,0,124,0
K294,06,6M,0,,0,,N,B,Y,N,0,124,0
M808,08,8E,0,,0,,N,B,Y,N,0,124,0
Q952,23,23D,0,,0,,N,B,Y,N,0,124,0
Z938,30,,0,,0,,N,B,N,N,0,124,0
D733,16,16C,0,,0,,N,B,Y,N,0,124,0
H280,02,2D,0,,0,,N,B,N,N,0,124,0
M2120,08,8R,0,,0,,N,B,Y,N,0,124,0
D134,07,7D,0,,0,,N,B,Y,N,0,124,0
P505,15,,0,,0,,N,B,Y,N,0,0,0
S098,21,21A,0,,0,,0,B,Y,N,0,124,0
Q624,11,11H,0,,0,,N,B,Y,N,0,124,0
M8101,08,8J,0,,0,,N,F,Y,N,31,124,0
M9920,30,,0,,0,,N,B,N,N,0,124,0
D267,13,13F,0,,0,,N,F,Y,N,0,124,0
K221,06,6C,0,,0,E,N,B,Y,N,0,124,0
M6793,08,8M,0,,0,,N,B,Y,N,0,124,0
Z966,30,,0,,0,,N,B,N,N,0,124,0
M7991,08,8L,0,,0,,N,B,Y,N,0,124,0
T932,30,,0,,0,,N,B,N,N,0,124,0
Z538,23,23D,0,,0,,N,B,Y,N,0,124,0
M4711,08,8H,0,,0,,N,B,Y,N,0,124,0
C548,13,13A,0,,0,,N,F,Y,N,0,124,0
K1180,03,3G,0,,0,,N,B,Y,N,0,124,0
B589,18,18H,0,,0,D,N,B,Y,N,0,124,0
T139,21,21A,0,,0,,0,B,Y,N,0,124,0
M4692,08,8H,0,,0,,N,B,Y,N,0,124,0
M2110,08,8R,0,,0,,N,B,Y,N,0,124,0
P249,15,,0,,0,,N,B,Y,N,0,0,0
Q721,08,8R,0,,0,,N,B,Y,N,0,124,0
A70,18,18H,0,,0,,N,B,Y,N,0,124,0
M7796,08,8M,0,,0,,N,B,Y,N,0,124,0
S311,21,21A,0,,0,,0,B,Y,N,0,124,0
M6248,08,8L,0,,0,,N,B,Y,N,0,124,0
L709,09,9D,0,,0,,N,B,Y,N,0,124,0
M0306,08,8J,0,,0,,N,B,N,N,0,124,0
M7989,08,8L,0,,0,,N,B,Y,N,0,124,0
K0518,03,3H,0,,0,,N,B,Y,Y,0,124,28
F1205,20,20F,0,,0,,N,B,Y,N,0,124,0
G622,01,1J,0,,0,,N,B,Y,N,0,124,0
Z521,09,9D,0,,0,,N,B,Y,N,0,124,0
K220,06,6H,0,,0,,N,B,Y,Y,0,124,28
P721,15,,0,,0,,N,B,Y,N,0,0,0
Z508,23,23A,0,,0,,N,B,Y,N,0,124,0
S826,08,8Q,0,,0,,0,B,Y,N,0,124,0
Z506,23,23D,0,,0,,N,B,Y,N,0,124,0
F909,19,19J,0,,0,,N,B,Y,N,0,124,0
K045,03,3H,0,,0,,N,B,Y,Y,0,124,28
R092,04,4Q,0,,0,,N,B,Y,N,0,124,0
M8654,08,8D,0,,0,,N,B,Y,N,0,124,0
Q3860,03,3H,0,,0,,N,B,Y,N,0,124,0
G545,01,1J,0,,0,,N,B,Y,N,0,124,0
J631,04,4P,0,,0,,N,B,Y,N,1,124,0
M1286,08,8K,0,,0,,N,B,Y,N,0,124,0
Z470,08,8N,0,,0,,N,B,Y,N,0,124,0
Z469,23,23D,0,,0,,N,B,Y,N,0,124,0
A801,01,1K,0,,0,,N,B,Y,N,0,124,0
G459,01,1G,0,,0,,N,B,Y,N,0,124,0
F531,19,19A,0,,0,,N,F,Y,N,9,60,0
Z463,23,23D,0,,0,,N,B,Y,N,0,124,0
U830,30,,0,,0,,N,B,N,N,0,124,0
T222,22,22C,0,,0,,N,B,Y,N,0,124,0
T269,02,2D,0,,0,,N,B,Y,N,0,124,0
H131,02,2D,0,,0,,N,B,N,N,0,124,0
M4209,08,8J,0,,0,,N,B,Y,N,0,124,0
M7969,08,8L,0,,0,,N,B,Y,N,0,124,0
M8981,08,8R,0,,0,,N,B,Y,N,0,124,0
D319,02,2D,0,,0,,N,B,Y,N,0,124,0
N805,06,6H,0,,0,,N,F,Y,N,1,124,0
O349,14,14B,0,,0,,N,F,Y,N,9,60,0
M1112,08,8J,0,,0,,N,B,Y,N,0,124,0
E440,10,10B,0,,0,E,N,B,Y,N,0,124,0
Q208,05,5J,0,,0,,N,B,Y,N,0,124,0
M6791,08,8M,0,,0,,N,B,Y,N,0,124,0
Z436,11,11H,0,,0,,N,B,Y,N,0,124,0
Z435,11,11H,0,,0,,N,B,Y,N,0,124,0
M7302,08,8G,0,,0,,N,B,N,N,0,124,0
H544,02,2D,0,,0,E,N,B,Y,N,0,124,0
E785,10,10D,0,,0,,N,B,Y,N,0,124,0
T407,21,21C,0,,0,,N,B,Y,N,0,124,0
M8945,08,8J,0,,0,,N,B,Y,N,0,124,0
Z852,30,,0,,0,,N,B,N,N,0,124,0
S7300,08,8C,0,,0,,0,B,Y,N,0,124,0
Z422,09,9D,0,,0,,N,B,Y,N,0,124,0
Z420,09,9D,0,,0,,N,B,Y,N,0,124,0
H543,02,2D,0,,0,E,N,B,Y,N,0,124,0
Z418,23,23D,0,,0,,N,B,Y,N,0,124,0
L299,09,9D,0,,0,,N,B,Y,N,0,124,0
M8901,08,8R,0,,0,,N,B,Y,N,0,124,0
B359,09,9D,0,,0,,N,B,Y,N,0,124,0
S607,09,9H,0,,0,,0,B,Y,N,0,124,0
Z825,23,23D,0,,0,,N,B,Y,N,0,124,0
M6247,08,8L,0,,0,,N,B,Y,N,0,124,0
D479,17,17B,0,,0,,N,B,Y,N,0,124,0
S3241,08,8B,0,,0,,6,B,Y,N,0,124,0
F401,19,19F,0,,0,,N,B,Y,N,0,124,0
E725,10,10D,0,,0,,N,B,Y,N,0,124,0
M8161,08,8J,0,,0,,N,B,Y,N,0,124,0
K1202,03,3H,0,,0,,N,B,Y,N,0,124,0
C440,09,9B,0,,0,C,N,B,Y,N,0,124,0
D472,16,16C,0,,0,,N,B,Y,N,0,124,0
M6590,08,8M,0,,0,,N,B,Y,N,0,124,0
Z958,30,,0,,0,,N,B,N,N,0,124,0
M842,08,8R,0,,0,,N,B,Y,N,0,124,0
Q138,02,2D,0,,0,,N,B,Y,N,0,124,0
M720,08,8M,0,,0,,N,B,Y,N,0,124,0
S6230,08,8P,0,,0,,0,B,Y,N,0,124,0
C022,03,3A,0,,0,,N,B,Y,N,0,124,0
C496,08,8E,0,,0,,N,B,Y,N,0,124,0
M1256,08,8J,0,,0,,N,B,Y,N,0,124,0
S42103,08,8Q,0,,0,,0,B,Y,N,0,124,0
T327,22,22A,0,,0,,N,B,Y,N,0,124,0
M809,08,8E,0,,0,,N,B,Y,N,0,124,0
S6251,08,8P,0,,0,,0,B,Y,N,0,124,0
M7973,08,8L,0,,0,,N,B,Y,N,0,124,0
F662,19,19H,0,,0,,N,B,Y,N,0,124,0
C4109,08,8E,0,,0,,N,B,Y,N,0,124,0
H680,03,3D,0,,0,,N,B,Y,N,0,124,0
S6271,08,8P,0,,0,,0,B,Y,N,0,124,0
S628,08,8P,0,,0,,0,B,Y,N,0,124,0
M0693,08,8F,0,,0,,N,B,Y,N,16,124,0
M9491,08,8R,0,,0,,N,B,Y,N,0,124,0
D1008,03,3H,0,,0,,N,B,Y,N,0,124,0
H578,02,2D,0,,0,,N,B,Y,N,0,124,0
K409,06,6J,0,,0,,N,B,Y,N,0,124,0
K0982,03,3H,0,,0,,N,B,Y,N,0,124,0
K669,06,6J,0,,0,,N,B,Y,N,0,124,0
N054,11,11K,0,,0,E,N,B,Y,N,0,124,0
M0929,08,8J,0,,0,,N,B,N,N,0,124,0
Q922,23,23D,0,,0,,N,B,Y,N,0,124,0
S6319,08,8P,0,,0,,0,B,Y,N,0,124,0
N801,13,13F,0,,0,,N,F,Y,N,1,124,0
K1171,03,3G,0,,0,,N,B,Y,N,0,124,0
M4127,08,8H,0,,0,,N,B,Y,N,0,124,0
M7100,08,8M,0,,0,,N,B,Y,N,0,124,0
N033,11,11K,0,,0,E,N,B,Y,Y,0,124,28
G523,01,1J,0,,0,,N,B,Y,N,0,124,0
K055,03,3H,0,,0,,N,B,Y,Y,0,124,28
H049,02,2D,0,,0,,N,B,Y,N,0,124,0
M8219,08,8J,0,,0,,N,B,N,N,0,124,0
D220,09,9D,0,,0,,N,B,Y,N,0,124,0
D721,16,16C,0,,0,,N,B,Y,N,0,124,0
N484,12,12E,0,,0,,N,M,Y,N,16,124,0
K625,06,6B,0,,0,,N,B,Y,N,0,124,0
Z243,23,23D,0,,0,,N,B,Y,N,0,124,0
M849,08,8R,0,,0,,N,B,Y,N,0,124,0
S655,21,21A,0,,0,,0,B,Y,N,0,124,0
B970,30,,0,,0,,N,B,N,N,0,124,0
M952,08,8R,0,,0,,N,B,Y,N,0,124,0
T435,21,21C,0,,0,,N,B,Y,N,0,124,0
H440,02,2A,0,,0,,N,B,Y,N,0,124,0
Q677,04,4Q,0,,0,,N,B,Y,N,0,124,0
R590,16,16C,0,,0,E,N,B,Y,N,0,124,0
M7108,08,8M,0,,0,,N,B,Y,N,0,124,0
M8007,08,8E,0,,0,,N,F,Y,N,31,124,0
M995,30,,0,,0,,N,B,N,N,0,124,0
B949,18,18H,0,,0,,N,B,Y,Y,0,124,28
R101,06,6K,0,,0,,N,B,Y,N,0,124,0
O872,14,14C,0,,0,,N,F,Y,N,9,60,0
S680,21,21A,0,,0,,0,B,Y,N,0,124,0
M8120,08,8J,0,,0,,N,B,Y,N,0,124,0
S682,21,21A,0,,0,,0,B,Y,N,0,124,0
M8634,08,8D,0,,0,,N,B,Y,N,0,124,0
M512,08,8H,0,,0,,N,B,Y,N,0,124,0
K1188,03,3G,0,,0,,N,B,Y,N,0,124,0
Q776,08,8R,0,,0,,N,B,Y,N,0,124,0
C681,11,11C,0,,0,,N,B,Y,N,0,124,0
E701,10,10D,0,,0,,N,B,Y,N,0,124,0
S701,09,9H,0,,0,,0,B,Y,N,0,124,0
D376,07,7B,0,,0,,N,B,Y,N,0,124,0
S7081,09,9H,0,,0,,0,B,Y,N,0,124,0
M9049,08,8J,0,,0,,N,B,N,N,0,124,0
S711,21,21A,0,,0,,0,B,Y,N,0,124,0
Q775,08,8R,0,,0,,N,B,Y,N,0,124,0
C081,03,3A,0,,0,,N,B,Y,N,0,124,0
H261,02,2C,0,,0,,N,B,Y,N,0,124,0
Z532,23,23D,0,,0,,N,B,Y,N,0,124,0
D321,01,1C,0,,0,,N,B,Y,N,0,124,0
Q248,05,5J,0,,0,,N,B,Y,N,0,124,0
Q211,05,5J,0,,0,,N,B,Y,N,0,124,0
M2410,08,8R,0,,0,,N,B,Y,N,0,124,0
Z350,30,,0,,0,,N,F,N,N,9,60,0
M1121,08,8J,0,,0,,N,B,Y,N,0,124,0
M2170,08,8R,0,,0,,N,B,Y,N,0,124,0
M9905,30,,0,,0,,N,B,N,N,0,124,0
K117,03,3G,0,,0,,N,B,Y,N,0,124,0
I011,05,5K,0,,0,,N,B,Y,N,0,124,0
Q129,02,2D,0,,0,,N,B,Y,N,0,124,0
T263,02,2D,0,,0,,N,B,Y,N,0,124,0
F443,19,19F,0,,0,,N,B,Y,N,0,124,0
M2452,08,8R,0,,0,,N,B,Y,N,0,124,0
Q660,08,8R,0,,0,,N,B,Y,N,0,124,0
L500,09,9D,0,,0,,N,B,Y,N,0,124,0
M6529,08,8M,0,,0,,N,B,Y,N,0,124,0
M4292,08,8J,0,,0,,N,B,Y,N,0,124,0
O421,14,14B,0,,0,,N,F,Y,N,9,60,0
M6238,08,8M,0,,0,,N,B,Y,N,0,124,0
O926,14,14C,0,,0,,N,F,Y,N,9,60,0
M6615,08,8M,0,,0,,N,B,Y,N,0,124,0
M4695,08,8H,0,,0,,N,B,Y,N,0,124,0
Z552,23,23D,0,,0,,N,B,Y,N,0,124,0
K1348,03,3H,0,,0,,N,B,Y,N,0,124,0
P399,15,,0,,0,,N,B,Y,N,0,0,0
M7139,08,8M,0,,0,,N,B,Y,N,0,124,0
M510,08,8H,0,,0,,N,B,Y,N,0,124,0
Q769,04,4Q,0,,0,,N,B,Y,N,0,124,0
M923,08,8J,0,,0,,N,B,Y,N,0,124,0
K0023,03,3H,0,,0,,N,B,Y,Y,0,124,28
T560,21,21C,0,,0,,N,B,Y,N,0,124,0
M120,08,8J,0,,0,,N,B,Y,N,0,124,0
S724,08,8A,0,,0,,8,B,Y,N,0,124,0
K004,03,3H,0,,0,,N,B,Y,Y,0,124,28
M903,08,8J,0,,0,,N,B,N,N,0,124,0
M1188,08,8J,0,,0,,N,B,Y,N,0,124,0
M1100,08,8J,0,,0,,N,B,Y,N,0,124,0
T462,21,21C,0,,0,,N,B,Y,N,0,124,0
S72406,08,8A,0,,0,,8,B,Y,N,0,124,0
F628,19,19H,0,,0,,N,B,Y,N,0,124,0
M8563,08,8J,0,,0,,N,B,Y,N,0,124,0
M2576,08,8R,0,,0,,N,B,Y,N,0,124,0
A043,06,6G,0,,0,,N,B,Y,N,0,124,0
G462,01,1G,0,,0,,N,B,N,N,0,124,0
M8158,08,8J,0,,0,,N,B,Y,N,1,124,0
M7950,08,8R,0,,0,,N,B,Y,N,0,124,0
P220,15,,0,,0,,N,B,Y,N,0,0,0
A772,18,18H,0,,0,,N,B,Y,N,0,124,0
S72415,08,8A,0,,0,,8,B,Y,N,0,124,0
Z719,23,23D,0,,0,,N,B,Y,N,0,124,0
T413,21,21C,0,,0,,N,B,Y,N,0,124,0
M7182,08,8M,0,,0,,N,B,Y,N,0,124,0
M4024,08,8H,0,,0,,N,B,Y,N,0,124,0
M1000,08,8J,0,,0,,N,B,Y,N,0,124,0
M6517,08,8M,0,,0,,N,B,Y,N,0,124,0
T6303,21,21C,0,,0,,N,B,Y,N,0,124,0
S7280,08,8A,0,,0,,8,B,Y,N,0,124,0
S3630,06,6J,0,,0,,3,B,Y,N,0,124,0
M0927,08,8J,0,,0,,N,B,N,N,0,124,0
M7600,08,8M,0,,0,,N,B,Y,N,0,124,0
M2458,08,8R,0,,0,,N,B,Y,N,0,124,0
O603,14,14A,0,,0,,N,F,Y,N,9,60,0
S7301,08,8C,0,,0,,0,B,Y,N,0,124,0
M1317,08,8K,0,,0,,N,B,Y,N,0,124,0
B700,06,6L,0,,0,,N,B,Y,N,0,124,0
J450,04,4K,0,,0,,N,B,Y,N,0,124,0
M4809,08,8H,0,,0,,N,B,Y,N,16,124,0
S461,08,8Q,0,,0,,0,B,Y,N,0,124,0
C469,09,9B,0,,0,C,N,B,Y,N,0,124,0
M9195,08,8J,0,,0,,N,B,Y,N,0,124,0
S048,01,1J,0,,0,,0,B,Y,N,0,124,0
S749,01,1J,0,,0,,0,B,Y,N,0,124,0
M7961,08,8L,0,,0,,N,B,Y,N,0,124,0
S7270,08,8A,0,,0,,8,B,Y,N,0,124,0
M8956,08,8R,0,,0,,N,B,Y,N,0,124,0
M6021,08,8M,0,,0,,N,B,Y,N,0,124,0
M763,08,8M,0,,0,,N,B,Y,N,0,124,0
M458,08,8F,0,,0,,N,B,Y,N,16,124,0
Z850,30,,0,,0,,N,B,N,N,0,124,0
S869,08,8Q,0,,0,,0,B,Y,N,0,124,0
M2430,08,8R,0,,0,,N,B,Y,N,0,124,0
Z740,23,23D,0,,0,,N,B,Y,N,0,124,0
B853,09,9D,0,,0,,N,B,Y,N,0,124,0
T019,21,21A,0,,0,,0,B,Y,N,0,124,0
T178,04,4Q,0,,0,,N,B,Y,N,0,124,0
F639,19,19H,0,,0,,N,B,Y,N,0,124,0
S999,21,21A,0,,0,,0,B,Y,N,0,124,0
M4121,08,8H,0,,0,,N,B,Y,N,0,124,0
M5326,08,8H,0,,0,,N,B,Y,N,0,124,0
D160,08,8R,0,,0,,N,B,Y,N,0,124,0
P501,15,,0,,0,,N,B,Y,N,0,0,0
S742,01,1J,0,,0,,0,B,Y,N,0,124,0
G440,01,1Q,0,,0,,N,B,Y,N,0,124,0
S8083,09,9H,0,,0,,0,B,Y,N,0,124,0
M6082,08,8L,0,,0,,N,B,Y,N,0,124,0
H911,03,3G,0,,0,,N,B,Y,N,0,124,0
H82,03,3B,0,,0,,N,B,N,N,0,124,0
S817,21,21A,0,,0,,0,B,Y,N,0,124,0
M175,08,8J,0,,0,,N,B,Y,N,0,124,0
M6719,08,8M,0,,0,,N,B,Y,N,0,124,0
G439,01,1Q,0,,0,,N,B,Y,N,0,124,0
S8200,08,8Q,0,,0,,0,B,Y,N,0,124,0
A491,18,18H,0,,0,,N,B,Y,N,0,124,0
M1390,08,8K,0,,0,E,N,B,Y,N,0,124,0
O648,14,14A,0,,0,,N,F,Y,N,9,60,0
S82100,08,8Q,0,,0,,0,B,Y,N,0,124,0
A070,06,6G,0,,0,,N,B,Y,N,0,124,0
C506,09,9E,0,,0,,N,B,Y,N,0,124,0
Q760,01,1U,0,,0,,N,B,Y,N,0,124,0
S7291,08,8A,0,,0,,8,B,Y,N,0,124,0
S8211,08,8Q,0,,0,,8,B,Y,N,0,124,0
Q387,03,3G,0,,0,,N,B,Y,N,0,124,0
S82112,08,8Q,0,,0,,8,B,Y,N,0,124,0
C029,03,3A,0,,0,,N,B,Y,N,0,124,0
N770,13,13F,0,,0,,N,F,N,N,0,124,0
M4294,08,8J,0,,0,,N,B,Y,N,0,124,0
T0220,08,8R,0,,0,,0,B,Y,N,0,124,0
Q911,19,19K,0,,0,,N,B,Y,N,0,124,0
M2169,08,8R,0,,0,,N,B,Y,N,0,124,0
P036,15,,0,,0,,N,B,Y,N,0,0,0
S8220,08,8Q,0,,0,,0,B,Y,N,0,124,0
N903,13,13F,0,,0,,N,F,Y,N,0,124,0
S952,21,21A,0,,0,,0,B,Y,N,0,124,0
H040,02,2D,0,,0,,N,B,Y,N,0,124,0
A852,01,1K,0,,0,,N,B,Y,N,0,124,0
M124,08,8J,0,,0,,N,B,Y,N,0,124,0
N359,11,11G,0,,0,,N,B,Y,N,0,124,0
S657,21,21A,0,,0,,0,B,Y,N,0,124,0
M0139,08,8G,0,,0,,N,B,N,N,0,124,0
O25,14,14B,0,,0,,N,F,Y,N,9,60,0
S82217,08,8Q,0,,0,,8,B,Y,N,0,124,0
L7083,09,9D,0,,0,,N,B,Y,N,0,124,0
T677,21,21E,0,,0,,N,B,Y,N,0,124,0
M1995,08,8J,0,,0,,N,B,Y,N,0,124,0
K1208,03,3H,0,,0,,N,B,Y,N,0,124,0
S82302,08,8Q,0,,0,,0,B,Y,N,0,124,0
N064,11,11K,0,,0,,N,B,Y,N,0,124,0
Z236,23,23D,0,,0,,N,B,Y,N,0,124,0
S42413,08,8Q,0,,0,,7,B,Y,N,0,124,0
L741,09,9D,0,,0,,N,B,Y,N,0,124,0
M8286,08,8J,0,,0,,N,B,N,N,0,124,0
R060,04,4H,0,,0,E,N,B,Y,N,0,124,0
M461,08,8H,0,,0,,N,B,Y,N,0,124,0
F28,19,19B,0,,0,,N,B,Y,N,0,124,0
T809,16,16A,0,,0,,N,B,Y,N,0,124,0
M4984,08,8H,0,,0,,N,B,N,N,0,124,0
S82319,08,8Q,0,,0,,8,B,Y,N,0,124,0
J304,03,3D,0,,0,,N,B,Y,N,0,124,0
S8240,08,8Q,0,,0,,0,B,Y,N,0,124,0
K1178,03,3G,0,,0,,N,B,Y,N,0,124,0
Z088,23,23C,0,,0,,N,B,Y,N,0,124,0
S8250,08,8Q,0,,0,,0,B,Y,N,0,124,0
H729,03,3G,0,,0,,N,B,Y,N,0,124,0
M4101,08,8H,0,,0,,N,B,Y,N,0,124,0
M0220,08,8J,0,,0,,N,B,Y,N,0,124,0
M411,08,8H,0,,0,,N,B,Y,N,0,124,0
Z633,23,23D,0,,0,,N,B,Y,N,0,124,0
S8271,08,8Q,0,,0,,0,B,Y,N,0,124,0
N080,11,11H,0,,0,,N,B,N,N,0,124,0
L853,09,9D,0,,0,,N,B,Y,N,0,124,0
M7238,08,8M,0,,0,,N,B,Y,N,0,124,0
M509,08,8H,0,,0,,N,B,Y,N,0,124,0
H051,02,2D,0,,0,,N,B,Y,N,0,124,0
M0294,08,8J,0,,0,,N,B,Y,N,0,124,0
D1648,08,8R,0,,0,,N,B,Y,N,0,124,0
Q370,03,3H,0,,0,,N,B,Y,N,0,124,0
T673,21,21E,0,,0,,N,B,Y,N,0,124,0
S8350,08,8Q,0,,0,,0,B,Y,N,0,124,0
M8342,08,8J,0,,0,,N,B,Y,N,1,124,0
M7920,01,1J,0,,0,E,N,B,Y,N,0,124,0
N079,11,11H,0,,0,,N,B,Y,N,0,124,0
F09,19,19K,0,,0,,N,B,Y,N,0,124,0
M0142,08,8J,0,,0,,N,B,N,N,0,124,0
H910,03,3G,0,,0,,N,B,Y,N,0,124,0
S842,01,1J,0,,0,,0,B,Y,N,0,124,0
S847,01,1J,0,,0,,0,B,Y,N,0,124,0
L403,09,9B,0,,0,,N,B,Y,N,0,124,0
O48,14,14B,0,,0,,N,F,Y,N,9,60,0
J410,04,4K,0,,0,,N,B,Y,Y,0,124,28
B661,07,7D,0,,0,,N,B,Y,N,0,124,0
M0155,08,8J,0,,0,,N,B,N,N,0,124,0
L548,09,9D,0,,0,,N,B,N,N,0,124,0
Z278,23,23D,0,,0,,N,B,Y,N,0,124,0
S858,21,21A,0,,0,,8,B,Y,N,0,124,0
Z820,23,23D,0,,0,,N,B,Y,N,0,124,0
Q4479,07,7D,0,,0,,N,B,Y,N,0,124,0
M9431,08,8R,0,,0,,N,B,Y,N,0,124,0
M0145,08,8J,0,,0,,N,B,N,N,0,124,0
Q122,02,2D,0,,0,,N,B,Y,N,0,124,0
M6654,08,8M,0,,0,,N,B,Y,N,0,124,0
T58,21,21C,0,,0,,N,B,Y,N,0,124,0
M9430,08,8R,0,,0,,N,B,Y,N,0,124,0
Z503,20,20B,0,,0,,N,B,Y,N,0,124,0
M0239,08,8F,0,,0,,N,B,Y,N,16,124,0
R1049,06,6K,0,,0,,N,B,Y,N,0,124,0
S897,21,21A,0,,0,,0,B,Y,N,0,124,0
S567,08,8P,0,,0,,0,B,Y,N,0,124,0
Z384,15,,0,,0,,N,B,Y,N,0,0,0
A052,06,6G,0,,0,,N,B,Y,N,0,124,0
N949,13,13F,0,,0,,N,F,Y,N,0,124,0
F3130,19,19C,0,,0,,N,B,Y,N,0,124,0
P108,15,,0,,0,,N,B,Y,N,0,0,0
S6221,08,8P,0,,0,,0,B,Y,N,0,124,0
S908,09,9H,0,,0,,0,B,Y,N,0,124,0
S3231,08,8B,0,,0,,6,B,Y,N,0,124,0
Q282,01,1U,0,,0,,N,B,Y,N,0,124,0
Z357,30,,0,,0,,N,F,N,N,9,60,0
R410,19,19K,0,,0,,N,B,Y,N,0,124,0
O362,14,14B,0,,0,,N,F,Y,N,9,60,0
T214,22,22C,0,,0,,N,B,Y,N,0,124,0
Q3858,03,3H,0,,0,,N,B,Y,N,0,124,0
S917,21,21A,0,,0,,0,B,Y,N,0,124,0
S202,09,9H,0,,0,,0,B,Y,N,0,124,0
S62100,08,8P,0,,0,,0,B,Y,N,0,124,0
S9210,08,8Q,0,,0,,0,B,Y,N,0,124,0
M7181,08,8M,0,,0,,N,B,Y,N,0,124,0
T170,03,3F,0,,0,,N,B,Y,N,0,124,0
S9220,08,8P,0,,0,,0,B,Y,N,0,124,0
S62104,08,8P,0,,0,,0,B,Y,N,0,124,0
M5381,08,8H,0,,0,,N,B,Y,N,0,124,0
M254,08,8R,0,,0,,N,B,Y,N,0,124,0
M7070,08,8M,0,,0,,N,B,Y,N,0,124,0
M1105,08,8J,0,,0,,N,B,Y,N,0,124,0
R467,19,19L,0,,0,,N,B,Y,N,0,124,0
M0624,08,8F,0,,0,,N,B,Y,N,0,124,0
S92311,08,8P,0,,0,,0,B,Y,N,0,124,0
Q674,08,8R,0,,0,,N,B,Y,N,0,124,0
F948,19,19J,0,,0,,N,B,Y,N,0,124,0
S924,08,8P,0,,0,,0,B,Y,N,0,124,0
M1028,08,8J,0,,0,,N,B,Y,N,0,124,0
M0200,08,8J,0,,0,,N,B,Y,N,0,124,0
M8994,08,8R,0,,0,,N,B,Y,N,0,124,0
G819,01,1D,0,,0,,N,B,Y,N,0,124,0
L568,09,9D,0,,0,,N,B,Y,N,0,124,0
K0041,03,3H,0,,0,,N,B,Y,Y,0,124,28
A851,01,1K,0,,0,B,N,B,Y,N,0,124,0
K1449,03,3H,0,,0,,N,B,Y,N,0,124,0
M4694,08,8H,0,,0,,N,B,Y,N,0,124,0
M6114,08,8M,0,,0,,N,B,Y,N,0,124,0
I447,05,5M,0,,0,,N,B,Y,N,0,124,0
Z392,30,,0,,0,,N,F,N,N,9,60,0
L942,09,9D,0,,0,,N,B,Y,N,0,124,0
S935,08,8P,0,,0,,0,B,Y,N,0,124,0
M6103,08,8M,0,,0,,N,B,Y,N,0,124,0
C438,09,9B,0,,0,,N,B,Y,N,0,124,0
O923,14,14C,0,,0,,N,F,Y,N,9,60,0
M7307,08,8G,0,,0,,N,B,N,N,0,124,0
K0768,03,3H,0,,0,,N,B,Y,Y,0,124,28
S948,01,1J,0,,0,,0,B,Y,N,0,124,0
Q160,03,3G,0,,0,,N,B,Y,N,0,124,0
S0157,03,3H,0,,0,,0,B,Y,N,0,124,0
B889,09,9D,0,,0,,N,B,Y,N,0,124,0
K0113,03,3H,0,,0,,N,B,Y,Y,0,124,28
Z019,30,,0,,0,,N,B,N,N,0,124,0
M1032,08,8J,0,,0,,N,B,Y,N,0,124,0
M8728,08,8J,0,,0,,N,B,Y,N,0,124,0
Q3843,03,3H,0,,0,,N,B,Y,N,0,124,0
M7110,08,8M,0,,0,,N,B,Y,N,0,124,0
Z769,23,23D,0,,0,,N,B,Y,N,0,124,0
S969,08,8Q,0,,0,,0,B,Y,N,0,124,0
B302,02,2D,0,,0,,N,B,Y,N,0,124,0
K238,06,6H,0,,0,,N,B,N,N,0,124,0
M6230,08,8M,0,,0,,N,B,Y,N,0,124,0
P361,15,,0,,0,,N,B,Y,N,0,0,0
M0638,08,8F,0,,0,,N,B,Y,N,0,124,0
S997,21,21A,0,,0,,0,B,Y,N,0,124,0
H352,02,2D,0,,0,,N,B,Y,N,0,124,0
H603,03,3G,0,,0,,N,B,Y,N,0,124,0
M6016,08,8M,0,,0,,N,B,Y,N,0,124,0
T002,09,9H,0,,0,,0,B,Y,N,0,124,0
M0748,08,8J,0,,0,,N,B,N,N,16,124,0
T008,09,9H,0,,0,,0,B,Y,N,0,124,0
O653,14,14A,0,,0,,N,F,Y,N,9,60,0
K529,06,6G,0,,0,,N,B,Y,N,0,124,0
T012,21,21A,0,,0,,0,B,Y,N,0,124,0
Q870,08,8R,0,,0,,N,B,Y,N,0,124,0
T018,21,21A,0,,0,,0,B,Y,N,0,124,0
P580,15,,0,,0,,N,B,Y,N,0,0,0
K314,06,6H,0,,0,,N,B,Y,N,0,124,0
B348,18,18F,0,,0,,N,B,Y,N,0,124,0
F651,19,19H,0,,0,,N,B,Y,N,0,124,0
R635,10,10C,0,,0,,N,B,Y,N,0,124,0
M353,08,8S,0,,0,,N,B,Y,N,16,124,0
M2357,08,8R,0,,0,,N,B,Y,N,0,124,0
L638,09,9D,0,,0,,N,B,Y,N,0,124,0
M6526,08,8M,0,,0,,N,B,Y,N,0,124,0
N836,13,13F,0,,0,,N,F,Y,N,0,124,0
M0118,08,8G,0,,0,D,N,B,N,N,0,124,0
R833,23,23B,0,,0,,N,B,Y,N,0,124,0
R760,16,16C,0,,0,,N,B,Y,N,0,124,0
Q781,08,8R,0,,0,,N,B,Y,N,0,124,0
T026,21,21A,0,,0,,8,B,Y,N,0,124,0
M7750,08,8M,0,,0,,N,B,Y,N,0,124,0
Z939,30,,0,,0,,N,B,N,N,0,124,0
M421,08,8J,0,,0,,N,B,Y,N,0,124,0
P748,15,,0,,0,,N,B,Y,N,0,0,0
T0271,21,21A,0,,0,,8,B,Y,N,0,124,0
R258,01,1U,0,,0,,N,B,Y,N,0,124,0
O289,14,14E,0,,0,,N,F,Y,N,9,60,0
G98,01,1H,0,,0,,N,B,Y,N,0,124,0
Z298,23,23D,0,,0,,N,B,Y,N,0,124,0
M245,08,8R,0,,0,,N,B,Y,N,0,124,0
M0740,08,8J,0,,0,,N,B,N,N,16,124,0
M0143,08,8J,0,,0,,N,B,N,N,0,124,0
M4307,08,8H,0,,0,,N,B,Y,N,0,124,0
M4385,08,8H,0,,0,,N,B,Y,N,0,124,0
Q000,01,1U,0,,0,,N,B,Y,N,0,124,0
N038,11,11H,0,,0,E,N,B,Y,Y,0,124,28
T041,21,21A,0,,0,,0,B,Y,N,0,124,0
M796,08,8L,0,,0,,N,B,Y,N,0,124,0
M7204,08,8M,0,,0,,N,B,Y,N,0,124,0
F452,19,19D,0,,0,,N,B,Y,N,0,124,0
M9325,08,8J,0,,0,,N,B,Y,N,0,124,0
R412,23,23B,0,,0,,N,B,Y,N,0,124,0
M6211,08,8M,0,,0,,N,B,Y,N,0,124,0
K5220,06,6G,0,,0,,N,B,Y,N,0,124,0
S365,06,6J,0,,0,,3,B,Y,N,0,124,0
S52507,08,8P,0,,0,,0,B,Y,N,0,124,0
T062,01,1J,0,,0,,0,B,Y,N,0,124,0
I860,05,5F,0,,0,,N,B,Y,N,0,124,0
S998,21,21A,0,,0,,0,B,Y,N,0,124,0
C0612,03,3A,0,,0,,N,B,Y,N,0,124,0
T07,21,21A,0,,0,,0,B,Y,N,0,124,0
S52100,08,8P,0,,0,,0,B,Y,N,0,124,0
U838,30,,0,,0,,N,B,N,N,0,124,0
R468,19,19L,0,,0,,N,B,Y,N,0,124,0
T090,09,9H,0,,0,,0,B,Y,N,0,124,0
P243,15,,0,,0,,N,B,Y,N,0,0,0
F4530,19,19D,0,,0,,N,B,Y,N,0,124,0
O985,14,14B,0,,0,,N,F,Y,N,9,60,0
S522,08,8P,0,,0,,0,B,Y,N,0,124,0
T099,21,21A,0,,0,,0,B,Y,N,0,124,0
R194,06,6H,0,,0,,N,B,Y,N,0,124,0
M8041,08,8E,0,,0,,N,B,Y,N,0,124,0
Q926,23,23D,0,,0,,N,B,Y,N,0,124,0
M2489,08,8R,0,,0,,N,B,Y,N,0,124,0
T113,01,1J,0,,0,,0,B,Y,N,0,124,0
T114,21,21A,0,,0,,0,B,Y,N,0,124,0
S951,21,21A,0,,0,,0,B,Y,N,0,124,0
T119,21,21A,0,,0,,0,B,Y,N,0,124,0
S832,08,8Q,0,,0,,0,B,Y,N,0,124,0
M6099,08,8L,0,,0,,N,B,Y,N,0,124,0
M1101,08,8J,0,,0,,N,B,Y,N,0,124,0
M4135,08,8H,0,,0,,N,B,Y,N,0,124,0
K043,03,3H,0,,0,,N,B,Y,Y,0,124,28
N800,13,13F,0,,0,,N,F,Y,N,1,124,0
M2437,08,8Q,0,,0,,N,B,Y,N,0,124,0
T134,21,21A,0,,0,,0,B,Y,N,0,124,0
R944,11,11F,0,,0,,N,B,Y,N,0,124,0
T140,21,21A,0,,0,,0,B,Y,N,0,124,0
F458,19,19D,0,,0,,N,B,Y,N,0,124,0
K310,06,6H,0,,0,,N,B,Y,N,0,124,0
C039,03,3A,0,,0,,N,B,Y,N,0,124,0
T1421,08,8R,0,,0,,0,B,Y,N,0,124,0
T143,08,8R,0,,0,,0,B,Y,N,0,124,0
M870,08,8J,0,,0,,N,B,Y,N,0,124,0
M6080,08,8L,0,,0,,N,B,Y,N,0,124,0
T146,08,8R,0,,0,,0,B,Y,N,0,124,0
M0626,08,8F,0,,0,,N,B,Y,N,0,124,0
M125,08,8J,0,,0,,N,B,Y,N,0,124,0
T149,21,21A,0,,0,,0,B,Y,N,0,124,0
M1922,08,8J,0,,0,,N,B,Y,N,0,124,0
M1026,08,8J,0,,0,,N,B,Y,N,0,124,0
C751,10,10E,0,,0,,N,B,Y,N,0,124,0
M8197,08,8J,0,,0,,N,B,Y,N,0,124,0
M2384,08,8Q,0,,0,,N,B,Y,N,0,124,0
S851,21,21A,0,,0,,8,B,Y,N,0,124,0
M678,08,8M,0,,0,,N,B,Y,N,0,124,0
T173,03,3G,0,,0,,N,B,Y,N,0,124,0
T174,04,4Q,0,,0,,N,B,Y,N,0,124,0
F0281,19,19K,0,,0,,N,B,N,N,0,124,0
M8324,08,8J,0,,0,,N,B,Y,N,16,124,0
S669,08,8P,0,,0,,0,B,Y,N,0,124,0
N880,13,13F,0,,0,,N,F,Y,N,0,124,0
T182,06,6J,0,,0,,N,B,Y,N,0,124,0
T184,06,6J,0,,0,,N,B,Y,N,0,124,0
T579,21,21C,0,,0,,N,B,Y,N,0,124,0
K0370,03,3H,0,,0,,N,B,Y,Y,0,124,28
N831,13,13F,0,,0,,N,F,Y,N,0,124,0
L281,09,9D,0,,0,,N,B,Y,N,0,124,0
M8396,08,8J,0,,0,,N,B,Y,N,16,124,0
S52303,08,8P,0,,0,,0,B,Y,N,0,124,0
K0734,03,3H,0,,0,,N,B,Y,Y,0,124,28
M2417,08,8Q,0,,0,,N,B,Y,N,0,124,0
O731,14,14A,0,,0,,N,F,Y,N,9,60,0
A259,18,18H,0,,0,,N,B,Y,N,0,124,0
I520,05,5G,0,,0,,N,B,N,N,0,124,0
P835,15,,0,,0,,N,B,Y,N,0,0,0
R931,05,5G,0,,0,,N,B,Y,N,0,124,0
P261,15,,0,,0,,N,B,Y,N,0,0,0
R847,23,23B,0,,0,,N,B,Y,N,0,124,0
S910,21,21A,0,,0,,0,B,Y,N,0,124,0
T215,22,22C,0,,0,,N,B,Y,N,0,124,0
M9069,08,8J,0,,0,,N,B,N,N,0,124,0
G951,01,1U,0,,0,,N,B,Y,N,0,124,0
C609,12,12A,0,,0,,N,M,Y,N,0,124,0
M0751,08,8J,0,,0,,N,B,N,N,16,124,0
I731,05,5F,0,,0,,N,B,Y,N,0,124,0
H743,03,3G,0,,0,,N,B,Y,N,0,124,0
R843,23,23B,0,,0,,N,B,Y,N,0,124,0
T704,21,21E,0,,0,,N,B,Y,N,0,124,0
Z715,23,23D,0,,0,,N,B,Y,N,0,124,0
R858,23,23B,0,,0,,N,B,Y,N,0,124,0
T233,22,22B,0,,0,,N,B,Y,N,0,124,0
T235,22,22C,0,,0,,N,B,Y,N,0,124,0
G708,01,1J,0,,0,,N,B,Y,N,0,124,0
M2342,08,8R,0,,0,,N,B,Y,N,0,124,0
Z439,23,23D,0,,0,,N,B,Y,N,0,124,0
T912,30,,0,,0,,N,B,N,N,0,124,0
Z300,23,23D,0,,0,,N,B,Y,N,1,124,0
P044,15,,0,,0,,N,B,Y,N,0,0,0
M9914,30,,0,,0,,N,B,N,N,0,124,0
T247,22,22B,0,,0,,N,B,Y,N,0,124,0
E669,10,10C,0,,0,,N,B,Y,N,0,124,0
T251,22,22C,0,,0,,N,B,Y,N,0,124,0
Z351,30,,0,,0,,N,F,N,N,9,60,0
C680,11,11C,0,,0,,N,B,Y,N,0,124,0
M4104,08,8H,0,,0,,N,B,Y,N,0,124,0
T260,02,2D,0,,0,,N,B,Y,N,0,124,0
T261,02,2D,0,,0,,N,B,Y,N,0,124,0
T262,02,2D,0,,0,,N,B,Y,N,0,124,0
M0692,08,8F,0,,0,,N,B,Y,N,16,124,0
M4106,08,8H,0,,0,,N,B,Y,N,0,124,0
M712,08,8M,0,,0,,N,B,Y,N,0,124,0
T266,02,2D,0,,0,,N,B,Y,N,0,124,0
Z928,30,,0,,0,,N,B,N,N,0,124,0
G529,01,1J,0,,0,,N,B,Y,N,0,124,0
N733,13,13E,0,,0,,N,F,Y,N,0,124,0
T272,04,4Q,0,,0,,N,B,Y,N,0,124,0
F4320,19,19E,0,,0,,N,B,Y,N,0,124,0
K1438,03,3H,0,,0,,N,B,Y,N,0,124,0
R762,08,8F,0,,0,,N,B,Y,N,0,124,0
T276,04,4Q,0,,0,,N,B,Y,N,0,124,0
K623,06,6J,0,,0,,N,B,Y,N,0,124,0
A770,18,18H,0,,0,,N,B,Y,N,0,124,0
S6261,08,8P,0,,0,,0,B,Y,N,0,124,0
T282,06,6J,0,,0,,N,B,Y,N,0,124,0
G553,08,8H,0,,0,,N,B,N,N,0,124,0
T285,03,3G,0,,0,,N,B,Y,N,0,124,0
M0219,08,8J,0,,0,,N,B,Y,N,0,124,0
S931,08,8P,0,,0,,0,B,Y,N,0,124,0
M7242,08,8M,0,,0,,N,B,Y,N,0,124,0
T289,22,22C,0,,0,,N,B,Y,N,0,124,0
D464,16,16A,0,,0,,N,B,Y,N,0,124,0
M918,08,8J,0,,0,,N,B,Y,N,0,124,0
D281,13,13F,0,,0,,N,F,Y,N,0,124,0
H109,02,2D,0,,0,,N,B,Y,N,0,124,0
J633,04,4P,0,,0,,N,B,Y,N,1,124,0
C759,10,10E,0,,0,,N,B,Y,N,0,124,0
F524,19,19M,0,,0,,N,M,Y,N,0,124,0
T300,22,22C,0,,0,,N,B,Y,N,0,124,0
M182,08,8J,0,,0,,N,B,Y,N,0,124,0
T303,22,22B,0,,0,,N,B,Y,N,0,124,0
T305,22,22C,0,,0,,N,B,Y,N,0,124,0
S860,08,8Q,0,,0,,0,B,Y,N,0,124,0
S933,08,8P,0,,0,,0,B,Y,N,0,124,0
N833,13,13F,0,,0,,N,F,Y,N,0,124,0
T312,22,22A,0,,0,,N,B,Y,N,0,124,0
M4714,08,8H,0,,0,,N,B,Y,N,0,124,0
T315,22,22A,0,,0,,N,B,Y,N,0,124,0
E839,10,10D,0,,0,,N,B,Y,N,0,124,0
T317,22,22A,0,,0,,N,B,Y,N,0,124,0
M4197,08,8H,0,,0,,N,B,Y,N,0,124,0
L704,09,9D,0,,0,,N,B,Y,N,0,124,0
M5391,08,8H,0,,0,,N,B,Y,N,0,124,0
T322,22,22A,0,,0,,N,B,Y,N,0,124,0
T323,22,22A,0,,0,,N,B,Y,N,0,124,0
A061,06,6G,0,,0,,N,B,Y,N,0,124,0
T325,22,22A,0,,0,,N,B,Y,N,0,124,0
G528,01,1J,0,,0,,N,B,Y,N,0,124,0
M9084,08,8J,0,,0,,N,B,N,N,0,124,0
R862,23,23B,0,,0,,N,M,Y,N,0,124,0
F526,19,19M,0,,0,,N,B,Y,N,0,124,0
H430,02,2D,0,,0,,N,B,Y,N,0,124,0
A360,03,3G,0,,0,,N,B,Y,N,0,124,0
M2516,08,8L,0,,0,,N,B,Y,N,0,124,0
Q357,03,3H,0,,0,,N,B,Y,N,0,124,0
Z720,30,,0,,0,,N,B,N,N,0,124,0
H200,02,2D,0,,0,,N,B,Y,N,0,124,0
L664,09,9D,0,,0,,N,B,Y,N,0,124,0
M4633,08,8H,0,,0,,N,B,Y,N,0,124,0
S5240,08,8P,0,,0,,0,B,Y,N,0,124,0
T345,21,21E,0,,0,,N,B,Y,N,0,124,0
M8949,08,8J,0,,0,,N,B,Y,N,0,124,0
T347,21,21E,0,,0,,N,B,Y,N,0,124,0
H492,02,2B,0,,0,,N,B,Y,N,0,124,0
E832,10,10D,0,,0,,N,B,Y,N,0,124,0
Z290,23,23D,0,,0,,N,B,Y,N,0,124,0
Q396,06,6J,0,,0,,N,B,Y,N,0,124,0
M8694,08,8D,0,,0,,N,B,Y,N,0,124,0
T353,21,21E,0,,0,,N,B,Y,N,0,124,0
Q710,08,8R,0,,0,,N,B,Y,N,0,124,0
S662,08,8P,0,,0,,0,B,Y,N,0,124,0
I679,01,1H,0,,0,,N,B,Y,N,0,124,0
D316,02,2D,0,,0,,N,B,Y,N,0,124,0
Z291,23,23D,0,,0,,N,B,Y,N,0,124,0
M5410,01,1J,0,,0,E,N,B,Y,N,0,124,0
M4119,08,8H,0,,0,,N,B,Y,N,0,124,0
E511,10,10C,0,,0,E,N,B,Y,N,0,124,0
M6598,08,8M,0,,0,,N,B,Y,N,0,124,0
M6194,08,8M,0,,0,,N,B,Y,N,0,124,0
M2126,08,8R,0,,0,,N,B,Y,N,0,124,0
K079,03,3H,0,,0,,N,B,Y,Y,0,124,28
Q061,01,1U,0,,0,,N,B,Y,N,0,124,0
G735,01,1U,0,,0,,N,B,N,N,0,124,0
S364,06,6J,0,,0,,3,B,Y,N,0,124,0
Z8952,30,,0,,0,,N,B,N,N,0,124,0
G569,01,1J,0,,0,,N,B,Y,N,0,124,0
P040,15,,0,,0,,N,B,Y,N,0,0,0
P378,15,,0,,0,,N,B,Y,N,0,0,0
M671,08,8M,0,,0,,N,B,Y,N,0,124,0
D050,09,9E,0,,0,,N,B,Y,N,0,124,0
M6549,08,8M,0,,0,,N,B,Y,N,0,124,0
M7150,08,8M,0,,0,,N,B,Y,N,0,124,0
Z614,23,23D,0,,0,,N,B,Y,N,0,124,0
T732,21,21E,0,,0,,N,B,Y,N,0,124,0
D019,06,6A,0,,0,,N,B,Y,N,0,124,0
H600,03,3G,0,,0,,N,B,Y,N,0,124,0
M963,08,8H,0,,0,,N,B,Y,N,0,124,0
T392,21,21C,0,,0,,N,B,Y,N,0,124,0
K0310,03,3H,0,,0,,N,B,Y,Y,0,124,28
M4885,08,8H,0,,0,,N,B,Y,N,0,124,0
M7615,08,8M,0,,0,,N,B,Y,N,0,124,0
M8506,08,8J,0,,0,,N,B,Y,N,0,124,0
L449,09,9B,0,,0,,N,B,Y,N,0,124,0
C311,03,3A,0,,0,,N,B,Y,N,0,124,0
T733,21,21E,0,,0,,N,B,Y,N,0,124,0
M9190,08,8J,0,,0,,N,B,Y,N,0,124,0
E250,10,10E,0,,0,,N,B,Y,N,0,124,0
M8382,08,8J,0,,0,,N,B,Y,N,16,124,0
T409,21,21C,0,,0,,N,B,Y,N,0,124,0
N761,13,13D,0,,0,,N,F,Y,N,0,124,0
T412,21,21C,0,,0,,N,B,Y,N,0,124,0
S82301,08,8Q,0,,0,,0,B,Y,N,0,124,0
M6158,08,8M,0,,0,,N,B,Y,N,0,124,0
T421,21,21C,0,,0,,N,B,Y,N,0,124,0
B427,18,18G,0,,0,,N,B,Y,N,0,124,0
M663,08,8M,0,,0,,N,B,Y,N,0,124,0
D212,08,8R,0,,0,,N,B,Y,N,0,124,0
N848,13,13F,0,,0,,N,F,Y,N,0,124,0
M4603,08,8H,0,,0,,N,B,Y,N,0,124,0
H619,03,3G,0,,0,,N,B,Y,N,0,124,0
M2184,08,8R,0,,0,,N,B,Y,N,0,124,0
M0141,08,8J,0,,0,,N,B,N,N,0,124,0
S32619,08,8B,0,,0,,6,B,Y,N,0,124,0
S82108,08,8Q,0,,0,,0,B,Y,N,0,124,0
L138,09,9B,0,,0,,N,B,Y,N,0,124,0
Z878,30,,0,,0,,N,B,N,N,0,124,0
R438,01,1U,0,,0,,N,B,Y,N,0,124,0
M0368,08,8J,0,,0,,N,B,N,N,0,124,0
M4201,08,8J,0,,0,,N,B,Y,N,0,124,0
L00,09,9B,0,,0,,N,B,Y,N,0,124,0
M927,08,8J,0,,0,,N,B,Y,N,0,124,0
L292,13,13F,0,,0,,N,F,Y,N,0,124,0
M060,08,8F,0,,0,,N,B,Y,N,0,124,0
E329,16,16C,0,,0,,N,B,Y,N,0,124,0
M7940,09,9D,0,,0,,N,B,Y,N,0,124,0
S819,21,21A,0,,0,,0,B,Y,N,0,124,0
T449,21,21C,0,,0,,N,B,Y,N,0,124,0
M478,08,8H,0,,0,,N,B,Y,N,0,124,0
S936,08,8P,0,,0,,0,B,Y,N,0,124,0
M8326,08,8J,0,,0,,N,B,Y,N,16,124,0
C068,03,3A,0,,0,,N,B,Y,N,0,124,0
S62117,08,8P,0,,0,,0,B,Y,N,0,124,0
T456,21,21C,0,,0,,N,B,Y,N,0,124,0
C674,11,11C,0,,0,,N,B,Y,N,0,124,0
D092,02,2E,0,,0,,N,B,Y,N,0,124,0
M8912,08,8R,0,,0,,N,B,Y,N,0,19,0
A666,08,8G,0,,0,,N,B,Y,N,0,124,0
M1301,08,8K,0,,0,,N,B,Y,N,0,124,0
S0052,09,9H,0,,0,,0,B,Y,N,0,124,0
R229,09,9D,0,,0,,N,B,Y,N,0,124,0
E713,10,10D,0,,0,,N,B,Y,N,0,124,0
O102,14,14B,0,,0,,N,F,Y,N,9,60,0
M0298,08,8J,0,,0,,N,B,Y,N,0,124,0
T703,21,21E,0,,0,,N,B,Y,N,0,124,0
G320,01,1U,0,,0,,N,B,N,N,1,124,0
M2176,08,8R,0,,0,,N,B,Y,N,0,124,0
T475,21,21C,0,,0,,N,B,Y,N,0,124,0
Z525,23,23D,0,,0,,N,B,Y,N,0,124,0
M9437,08,8R,0,,0,,N,B,Y,N,0,124,0
D644,16,16A,0,,0,,N,B,Y,N,0,124,0
Q264,05,5J,0,,0,,N,B,Y,N,0,124,0
B860,09,9C,0,,0,,N,B,Y,N,0,124,0
A329,18,18H,0,,0,,N,B,Y,N,0,124,0
I839,05,5F,0,,0,,N,B,Y,N,1,124,0
T483,21,21C,0,,0,,N,B,Y,N,0,124,0
T484,21,21C,0,,0,,N,B,Y,N,0,124,0
M8798,08,8J,0,,0,,N,B,Y,N,0,124,0
Z975,23,23D,0,,0,,N,F,Y,N,1,124,0
O860,14,14C,0,,0,,N,F,Y,N,9,60,0
N137,11,11H,0,,0,,N,B,Y,N,0,124,0
S550,21,21A,0,,0,,7,B,Y,N,0,124,0
C688,11,11C,0,,0,,N,B,Y,N,0,124,0
Z971,30,,0,,0,,N,B,N,N,0,124,0
M8709,08,8J,0,,0,,N,B,Y,N,0,124,0
L237,09,9D,0,,0,,N,B,Y,N,0,124,0
S549,01,1J,0,,0,,0,B,Y,N,0,124,0
T498,21,21C,0,,0,,N,B,Y,N,0,124,0
K760,07,7D,0,,0,,N,B,Y,N,0,124,0
R768,16,16C,0,,0,,N,B,Y,N,0,124,0
A063,18,18H,0,,0,,N,B,Y,N,0,124,0
M4151,08,8H,0,,0,,N,B,Y,N,0,124,0
Z412,23,23D,0,,0,,N,B,Y,N,0,124,0
M8201,08,8J,0,,0,,N,B,N,N,0,124,0
M6806,08,8M,0,,0,,N,B,N,N,0,124,0
M5380,08,8H,0,,0,,N,B,Y,N,0,124,0
K116,03,3G,0,,0,,N,B,Y,N,0,124,0
Q6882,08,8R,0,,0,,N,B,Y,N,0,124,0
K528,06,6G,0,,0,,N,B,Y,N,0,124,0
S5281,08,8P,0,,0,,7,B,Y,N,0,124,0
C300,03,3A,0,,0,,N,B,Y,N,0,124,0
Q8280,09,9D,0,,0,,N,B,Y,N,0,124,0
Z658,23,23D,0,,0,,N,B,Y,N,0,124,0
A500,18,18H,0,,0,,N,B,Y,N,0,2,0
C310,03,3A,0,,0,,N,B,Y,N,0,124,0
T522,21,21C,0,,0,,N,B,Y,N,0,124,0
S6211,08,8P,0,,0,,0,B,Y,N,0,124,0
P252,15,,0,,0,,N,B,Y,N,0,0,0
M9105,08,8J,0,,0,,N,B,Y,N,0,124,0
K0064,03,3H,0,,0,,N,B,Y,N,0,124,0
T530,21,21C,0,,0,,N,B,Y,N,0,124,0
T531,21,21C,0,,0,,N,B,Y,N,0,124,0
M0122,08,8G,0,,0,,N,B,N,N,0,124,0
M1001,08,8J,0,,0,,N,B,Y,N,0,124,0
T537,21,21C,0,,0,,N,B,Y,N,0,124,0
O070,14,14K,0,,0,,N,F,Y,N,9,60,0
G253,01,1P,0,,0,,N,B,Y,N,0,124,0
R851,23,23B,0,,0,,N,B,Y,N,0,124,0
K007,03,3H,0,,0,,N,B,Y,Y,0,124,28
K0118,03,3H,0,,0,,N,B,Y,Y,0,124,28
C494,08,8E,0,,0,,N,B,Y,N,0,124,0
M8948,08,8J,0,,0,,N,B,Y,N,0,124,0
Z625,23,23D,0,,0,,N,B,Y,N,0,124,0
T564,21,21C,0,,0,,N,B,Y,N,0,124,0
T565,21,21C,0,,0,,N,B,Y,N,0,124,0
T487,21,21C,0,,0,,N,B,Y,N,0,124,0
S665,08,8P,0,,0,,0,B,Y,N,0,124,0
M4006,08,8H,0,,0,,N,B,Y,N,0,124,0
F2045,19,19B,0,,0,,N,B,Y,N,0,124,0
E702,10,10D,0,,0,,N,B,Y,N,0,124,0
H476,01,1U,0,,0,,N,B,Y,N,0,124,0
T385,21,21C,0,,0,,N,B,Y,N,0,124,0
T578,21,21C,0,,0,,N,B,Y,N,0,124,0
I881,16,16C,0,,0,,N,B,Y,N,0,124,0
T383,21,21C,0,,0,,N,B,Y,N,0,124,0
P110,15,,0,,0,,N,B,Y,N,0,0,0
T592,21,21C,0,,0,,N,B,Y,N,0,124,0
D1659,03,3H,0,,0,,N,B,Y,N,0,124,0
M7129,08,8M,0,,0,,N,B,Y,N,0,124,0
T595,21,21C,0,,0,,N,B,Y,N,0,124,0
Q3840,03,3H,0,,0,,N,B,Y,N,0,124,0
T597,21,21C,0,,0,,N,B,Y,N,0,124,0
M2467,08,8J,0,,0,,N,B,Y,N,0,124,0
M0514,04,4P,0,,0,,N,B,Y,N,16,124,0
T600,21,21C,0,,0,,N,B,Y,N,0,124,0
P082,15,,0,,0,,N,B,Y,N,0,0,0
M8588,08,8R,0,,0,,N,B,Y,N,0,124,0
B520,18,18C,0,,0,,N,B,Y,N,0,124,0
K0750,03,3H,0,,0,,N,B,Y,Y,0,124,28
I739,05,5F,0,,0,,N,B,Y,N,0,124,0
M0137,08,8G,0,,0,,N,B,N,N,0,124,0
T611,21,21C,0,,0,,N,B,Y,N,0,124,0
I020,05,5R,0,,0,,N,B,Y,N,0,124,0
T618,21,21C,0,,0,,N,B,Y,N,0,124,0
T619,21,21C,0,,0,,N,B,Y,N,0,124,0
H198,02,2D,0,,0,,N,B,N,N,0,124,0
M211,08,8R,0,,0,,N,B,Y,N,0,124,0
M8689,08,8D,0,,0,,N,B,Y,N,0,124,0
T658,21,21C,0,,0,,N,B,Y,N,0,124,0
P612,15,,0,,0,,N,B,Y,N,0,0,0
F981,19,19J,0,,0,,N,B,Y,N,0,124,0
M8358,08,8J,0,,0,E,N,B,Y,N,16,124,0
T6309,21,21C,0,,0,,N,B,Y,N,0,124,0
P914,15,,0,,0,,N,B,Y,N,0,0,0
M9487,08,8R,0,,0,,N,B,Y,N,0,124,0
M0830,08,8F,0,,0,,N,B,Y,N,0,124,0
J387,03,3G,0,,0,,N,B,Y,N,0,124,0
Z002,30,,0,,0,,N,B,N,N,0,124,0
S92309,08,8P,0,,0,,0,B,Y,N,0,124,0
M7060,08,8M,0,,0,,N,B,Y,N,0,124,0
A548,18,18H,0,,0,,N,B,Y,N,0,124,0
M6500,08,8M,0,,0,,N,B,Y,N,0,124,0
M1925,08,8J,0,,0,,N,B,Y,N,0,124,0
M7389,08,8M,0,,0,,N,B,N,N,0,124,0
M4934,08,8H,0,,0,,N,B,N,N,0,124,0
M070,08,8F,0,,0,,N,B,N,N,0,124,0
T294,22,22C,0,,0,,N,B,Y,N,0,124,0
D480,08,8E,0,,0,,N,B,Y,N,0,124,0
N360,11,11H,0,,0,,N,B,Y,N,0,124,0
Z567,23,23D,0,,0,,N,B,Y,N,0,124,0
T672,21,21E,0,,0,,N,B,Y,N,0,124,0
S835,08,8Q,0,,0,,0,B,Y,N,0,124,0
N920,13,13F,0,,0,,N,F,Y,N,1,124,0
F071,19,19K,0,,0,,N,B,Y,N,0,124,0
T676,21,21E,0,,0,,N,B,Y,N,0,124,0
I773,05,5F,0,,0,,N,B,Y,N,0,124,0
L590,09,9D,0,,0,,N,B,Y,N,0,124,0
I319,05,5R,0,,0,,N,B,Y,N,0,124,0
D071,13,13B,0,,0,,N,F,Y,N,0,124,0
O056,14,14H,0,,0,,N,F,Y,N,9,60,0
T921,30,,0,,0,,N,B,N,N,0,124,0
T699,21,21E,0,,0,,N,B,Y,N,0,124,0
M1044,08,8J,0,,0,,N,B,Y,N,0,124,0
T708,21,21E,0,,0,,N,B,Y,N,0,124,0
Z832,23,23D,0,,0,,N,B,Y,N,0,124,0
Q130,02,2D,0,,0,,N,B,Y,N,0,124,0
O730,14,14A,0,,0,,N,F,Y,N,9,60,0
S4291,08,8Q,0,,0,,7,B,Y,N,0,124,0
T387,21,21C,0,,0,,N,B,Y,N,0,124,0
M8567,08,8J,0,,0,,N,B,Y,N,0,124,0
S524,08,8P,0,,0,,0,B,Y,N,0,124,0
T740,21,21D,0,,0,,N,B,Y,N,0,124,0
T741,21,21E,0,,0,,N,B,Y,N,0,124,0
S398,21,21A,0,,0,,0,B,Y,N,0,124,0
Q749,08,8R,0,,0,,N,B,Y,N,0,124,0
M4362,08,8H,0,,0,,N,B,Y,N,0,124,0
Z543,23,23D,0,,0,,N,B,Y,N,0,124,0
M1020,08,8J,0,,0,,N,B,Y,N,0,124,0
M0235,08,8F,0,,0,,N,B,Y,N,16,124,0
T754,21,21E,0,,0,,N,B,Y,N,0,124,0
R841,23,23B,0,,0,,N,B,Y,N,0,124,0
M718,08,8M,0,,0,,N,B,Y,N,0,124,0
M8927,08,8R,0,,0,,N,B,Y,N,0,19,0
E763,10,10D,0,,0,,N,B,Y,N,0,124,0
Q263,05,5J,0,,0,,N,B,Y,N,0,124,0
T330,21,21E,0,,0,,N,B,Y,N,0,124,0
M6582,08,8M,0,,0,,N,B,Y,N,0,124,0
A94,18,18F,0,,0,,N,B,Y,N,0,124,0
Q818,09,9B,0,,0,,N,B,Y,N,0,124,0
H359,02,2D,0,,0,,N,B,Y,N,0,124,0
P808,15,,0,,0,,N,B,Y,N,0,0,0
M8959,08,8R,0,,0,,N,B,Y,N,0,124,0
Z998,30,,0,,0,,N,B,N,N,0,124,0
M6632,08,8M,0,,0,,N,B,Y,N,0,124,0
S658,21,21A,0,,0,,0,B,Y,N,0,124,0
Z888,30,,0,,0,,N,B,N,N,0,124,0
M4321,08,8H,0,,0,,N,B,Y,N,0,124,0
C638,12,12A,0,,0,,N,M,Y,N,0,124,0
M0231,08,8F,0,,0,,N,B,Y,N,16,124,0
H814,03,3B,0,,0,,N,B,Y,N,0,124,0
L662,09,9D,0,,0,,N,B,Y,N,0,124,0
H031,02,2D,0,,0,,N,B,N,N,0,124,0
M924,08,8J,0,,0,,N,B,Y,N,0,124,0
H201,02,2D,0,,0,,N,B,Y,N,0,124,0
S3620,07,7C,0,,0,,3,B,Y,N,0,124,0
S4230,08,8Q,0,,0,,0,B,Y,N,0,124,0
Z368,14,14E,0,,0,,N,F,Y,N,9,60,0
S297,21,21A,0,,0,,0,B,Y,N,0,124,0
N72,13,13D,0,,0,,N,F,Y,N,1,124,0
A369,18,18H,0,,0,,N,B,Y,N,0,124,0
T459,21,21C,0,,0,,N,B,Y,N,0,124,0
Z722,30,,0,,0,,N,B,N,N,0,124,0
M0690,08,8F,0,,0,,N,B,Y,N,16,124,0
A778,18,18H,0,,0,,N,B,Y,N,0,124,0
M1193,08,8J,0,,0,,N,B,Y,N,0,124,0
T829,05,5R,0,,0,,N,B,Y,N,0,124,0
M9482,08,8R,0,,0,,N,B,Y,N,0,124,0
Z461,23,23D,0,,0,,N,B,Y,N,0,124,0
M4003,08,8H,0,,0,,N,B,Y,N,0,124,0
D1641,08,8R,0,,0,,N,B,Y,N,0,124,0
M9988,30,,0,,0,,N,B,N,N,0,124,0
M6534,08,8M,0,,0,,N,B,Y,N,0,124,0
N922,13,13F,0,,0,,N,F,Y,N,1,124,0
M610,08,8M,0,,0,,N,B,Y,N,0,124,0
M600,08,8M,0,,0,,N,B,Y,N,0,124,0
M4781,08,8H,0,,0,,N,B,Y,N,0,124,0
E7438,06,6H,0,,0,,N,B,Y,N,0,124,0
M7003,08,8M,0,,0,,N,B,Y,N,0,124,0
M8930,08,8R,0,,0,,N,B,Y,N,0,124,0
M2510,08,8L,0,,0,,N,B,Y,N,0,124,0
M433,08,8H,0,,0,,N,B,Y,N,0,124,0
I698,01,1D,0,,0,,N,B,Y,N,0,124,0
F550,20,20F,0,,0,,N,B,Y,N,0,124,0
R061,04,4H,0,,0,,N,B,Y,N,0,124,0
R54,30,,0,,0,,N,B,N,N,31,124,0
M6137,08,8M,0,,0,,N,B,Y,N,0,124,0
E279,10,10E,0,,0,,N,B,Y,N,0,124,0
K111,03,3G,0,,0,,N,B,Y,N,0,124,0
M0590,08,8F,0,,0,,N,B,Y,N,16,124,0
Q6888,08,8R,0,,0,,N,B,Y,N,0,124,0
Z408,23,23D,0,,0,,N,B,Y,N,0,124,0
M793,09,9C,0,,0,,N,B,Y,N,0,124,0
Q790,04,4Q,0,,0,,N,B,Y,N,0,124,0
S854,21,21A,0,,0,,0,B,Y,N,0,124,0
M0316,08,8J,0,,0,,N,B,N,N,0,124,0
L742,09,9D,0,,0,,N,B,Y,N,0,124,0
M518,08,8H,0,,0,,N,B,Y,N,0,124,0
M4022,08,8H,0,,0,,N,B,Y,N,0,124,0
R900,01,1U,0,,0,,N,B,Y,N,0,124,0
T888,21,21D,0,,0,,N,B,Y,N,0,124,0
K1001,03,3H,0,,0,,N,B,Y,N,0,124,0
S636,08,8P,0,,0,,0,B,Y,N,0,124,0
T901,30,,0,,0,,N,B,N,N,0,124,0
Q842,09,9D,0,,0,,N,B,Y,N,0,124,0
T016,21,21A,0,,0,,0,B,Y,N,0,124,0
Z093,23,23C,0,,0,,N,B,Y,N,0,124,0
H001,02,2D,0,,0,,N,B,Y,N,0,124,0
M4810,08,8H,0,,0,,N,B,Y,N,0,124,0
D330,01,1C,0,,0,,N,B,Y,N,0,124,0
N432,12,12E,0,,0,,N,M,Y,N,0,124,0
Z992,30,,0,,0,,N,B,N,N,0,124,0
S9211,08,8Q,0,,0,,0,B,Y,N,0,124,0
M532,08,8H,0,,0,,N,B,Y,N,0,124,0
T920,30,,0,,0,,N,B,N,N,0,124,0
S52512,08,8P,0,,0,,7,B,Y,N,0,124,0
M7925,01,1J,0,,0,E,N,B,Y,N,0,124,0
T923,30,,0,,0,,N,B,N,N,0,124,0
T68,21,21E,0,,0,,N,B,Y,N,0,124,0
M2569,08,8L,0,,0,,N,B,Y,N,0,124,0
O357,14,14B,0,,0,,N,F,Y,N,9,60,0
F708,19,19K,0,,0,,N,B,Y,N,0,124,0
M4325,08,8H,0,,0,,N,B,Y,N,0,124,0
M7065,08,8M,0,,0,,N,B,Y,N,0,124,0
B873,09,9D,0,,0,,N,B,Y,N,0,124,0
N310,11,11H,0,,0,,N,B,Y,N,0,124,0
S136,08,8H,0,,0,,0,B,Y,N,0,124,0
C118,03,3A,0,,0,,N,B,Y,N,0,124,0
M0580,08,8F,0,,0,,N,B,Y,N,16,124,0
T939,30,,0,,0,,N,B,N,N,0,124,0
M8884,08,8J,0,,0,,N,B,Y,N,0,124,0
M4388,08,8H,0,,0,,N,B,Y,N,0,124,0
T953,30,,0,,0,,N,B,N,N,0,124,0
R452,19,19L,0,,0,,N,B,Y,N,0,124,0
M7786,08,8M,0,,0,,N,B,Y,N,0,124,0
Z754,23,23D,0,,0,,N,B,Y,N,0,124,0
T97,30,,0,,0,,N,B,N,N,0,124,0
A819,01,1D,0,,0,B,N,B,Y,N,0,124,0
S437,08,8Q,0,,0,,0,B,Y,N,0,124,0
M4214,08,8J,0,,0,,N,B,Y,N,16,124,0
T933,30,,0,,0,,N,B,N,N,0,124,0
F514,19,19F,0,,0,,N,B,Y,N,0,124,0
Z732,23,23D,0,,0,,N,B,Y,N,0,124,0
M7093,08,8M,0,,0,,N,B,Y,N,0,124,0
S9080,09,9H,0,,0,,0,B,Y,N,0,124,0
H214,02,2D,0,,0,,N,B,Y,N,0,124,0
T0221,08,8R,0,,0,,7,B,Y,N,0,124,0
A488,18,18H,0,,0,,N,B,Y,N,0,124,0
M966,08,8N,0,,0,,N,B,Y,N,0,124,0
S42002,08,8Q,0,,0,,0,B,Y,N,0,124,0
M818,08,8J,0,,0,,N,B,Y,N,0,124,0
M8964,08,8R,0,,0,,N,B,Y,N,0,124,0
J959,04,4Q,0,,0,,N,B,Y,N,0,124,0
M7118,08,8M,0,,0,,N,B,Y,N,0,124,0
K0321,03,3H,0,,0,,N,B,Y,Y,0,124,28
U820,30,,0,,0,,N,B,N,N,0,124,0
Z000,30,,0,,0,,N,B,N,N,0,124,0
O265,14,14B,0,,0,,N,F,Y,N,9,60,0
M1210,08,8J,0,,0,,N,B,Y,N,0,124,0
Z500,23,23D,0,,0,,N,B,Y,N,0,124,0
M2351,08,8R,0,,0,,N,B,Y,N,0,124,0
A231,18,18H,0,,0,,N,B,Y,N,0,124,0
B92,18,18H,0,,0,,N,B,Y,N,1,124,0
T561,21,21C,0,,0,,N,B,Y,N,0,124,0
E890,10,10E,0,,0,,N,B,Y,N,0,124,0
L2719,09,9C,0,,0,,N,B,Y,N,0,124,0
Z016,30,,0,,0,,N,B,N,N,0,124,0
S727,08,8A,0,,0,,8,B,Y,N,0,124,0
M778,08,8M,0,,0,,N,B,Y,N,0,124,0
G214,01,1D,0,,0,,N,B,Y,N,0,124,0
G460,01,1G,0,,0,,N,B,N,N,0,124,0
M8152,08,8J,0,,0,,N,B,Y,N,1,124,0
A515,18,18H,0,,0,,N,B,Y,N,1,124,0
P911,15,,0,,0,,N,B,Y,N,0,0,0
Z027,30,,0,,0,,N,B,N,N,0,124,0
D137,10,10E,0,,0,,N,B,Y,N,0,124,0
D1649,08,8R,0,,0,,N,B,Y,N,0,124,0
M0305,08,8J,0,,0,,N,B,N,N,0,124,0
M453,08,8F,0,,0,,N,B,Y,N,16,124,0
A519,18,18H,0,,0,,N,B,Y,N,1,124,0
M4105,08,8H,0,,0,,N,B,Y,N,0,124,0
O643,14,14A,0,,0,,N,F,Y,N,9,60,0
E43,10,10B,0,,0,E,N,B,Y,N,0,124,0
P158,15,,0,,0,,N,B,Y,N,0,0,0
M0157,08,8J,0,,0,,N,B,N,N,0,124,0
Z042,21,21E,0,,0,,N,B,Y,N,0,124,0
M4041,08,8H,0,,0,,N,B,Y,N,0,124,0
D329,01,1C,0,,0,,N,B,Y,N,0,124,0
G318,01,1D,0,,0,,N,B,Y,N,0,124,0
C050,03,3A,0,,0,,N,B,Y,N,0,124,0
M7091,08,8M,0,,0,,N,B,Y,N,0,124,0
Z365,14,14E,0,,0,,N,F,Y,N,9,60,0
G908,01,1J,0,,0,,N,B,Y,N,0,124,0
M9933,30,,0,,0,,N,B,N,N,0,124,0
S52001,08,8P,0,,0,,0,B,Y,N,0,124,0
M4706,01,1U,0,,0,,N,B,Y,N,0,124,0
M7759,08,8M,0,,0,,N,B,Y,N,0,124,0
S52118,08,8P,0,,0,,7,B,Y,N,0,124,0
K500,06,6E,0,,0,,N,B,Y,N,0,124,0
Z094,23,23C,0,,0,,N,B,Y,N,0,124,0
Z945,30,,0,,0,,N,B,N,N,0,124,0
T609,21,21C,0,,0,,N,B,Y,N,0,124,0
H618,03,3G,0,,0,,N,B,Y,N,0,124,0
E748,10,10D,0,,0,,N,B,Y,N,0,124,0
A662,09,9C,0,,0,,N,B,Y,N,0,124,0
Q755,08,8R,0,,0,,N,B,Y,N,0,124,0
I781,09,9D,0,,0,,N,B,Y,N,0,124,0
Z116,23,23D,0,,0,,N,B,Y,N,0,124,0
Z119,23,23D,0,,0,,N,B,Y,N,0,124,0
Z954,30,,0,,0,,N,B,N,N,0,124,0
G443,01,1Q,0,,0,,N,B,Y,N,0,124,0
T265,02,2D,0,,0,,N,B,Y,N,0,124,0
S7271,08,8A,0,,0,,8,B,Y,N,0,124,0
Z126,23,23D,0,,0,,N,B,Y,N,0,124,0
T095,08,8R,0,,0,,0,B,Y,N,0,124,0
M8157,08,8J,0,,0,,N,B,Y,N,1,124,0
M8725,08,8J,0,,0,,N,B,Y,N,0,124,0
M878,08,8J,0,,0,,N,B,Y,N,0,124,0
M6104,08,8M,0,,0,,N,B,Y,N,0,124,0
K0481,03,3H,0,,0,,N,B,Y,Y,0,124,28
M5429,08,8H,0,,0,,N,B,Y,N,0,124,0
M4394,08,8H,0,,0,,N,B,Y,N,0,124,0
M9422,08,8J,0,,0,,N,B,Y,N,0,124,0
M247,08,8R,0,,0,,N,B,Y,N,0,124,0
Z201,23,23D,0,,0,,N,B,Y,N,0,124,0
C0210,03,3A,0,,0,,N,B,Y,N,0,124,0
C504,09,9E,0,,0,,N,B,Y,N,0,124,0
Z205,23,23D,0,,0,,N,B,Y,N,0,124,0
Z206,23,23D,0,,0,,N,B,Y,N,0,124,0
T364,21,21C,0,,0,,N,B,Y,N,0,124,0
M8925,08,8R,0,,0,,N,B,Y,N,0,19,0
K0510,03,3H,0,,0,,N,B,Y,Y,0,124,28
S92301,08,8P,0,,0,,0,B,Y,N,0,124,0
O808,14,14A,0,,0,,N,F,Y,N,9,60,0
Q435,06,6J,0,,0,,N,B,Y,N,0,124,0
B719,06,6L,0,,0,,N,B,Y,N,0,124,0
M815,08,8J,0,,0,,N,B,Y,N,0,124,0
E290,10,10E,0,,0,,N,M,Y,N,0,124,0
N896,13,13F,0,,0,,N,F,Y,N,0,124,0
M4719,08,8H,0,,0,,N,B,Y,N,0,124,0
Z228,23,23D,0,,0,,N,B,Y,N,0,124,0
P049,15,,0,,0,,N,B,Y,N,0,0,0
O326,14,14B,0,,0,,N,F,Y,N,9,60,0
T596,21,21C,0,,0,,N,B,Y,N,0,124,0
C692,02,2E,0,,0,,N,B,Y,N,0,124,0
M8492,08,8R,0,,0,,N,B,Y,N,0,124,0
O332,14,14B,0,,0,,N,F,Y,N,9,60,0
M0919,08,8J,0,,0,,N,B,N,N,0,124,0
M0922,08,8J,0,,0,,N,B,N,N,0,124,0
T217,22,22B,0,,0,,N,B,Y,N,0,124,0
Z241,23,23D,0,,0,,N,B,Y,N,0,124,0
L668,09,9D,0,,0,,N,B,Y,N,0,124,0
Z097,23,23C,0,,0,,N,B,Y,N,0,124,0
N912,13,13F,0,,0,,N,F,Y,N,9,60,0
Z246,23,23D,0,,0,,N,B,Y,N,0,124,0
Z250,23,23D,0,,0,,N,B,Y,N,0,124,0
S4271,08,8Q,0,,0,,7,B,Y,N,0,124,0
Q511,13,13F,0,,0,,N,F,Y,N,0,124,0
K929,06,6J,0,,0,,N,B,Y,N,0,124,0
M5480,08,8H,0,,0,,N,B,Y,N,0,124,0
I459,05,5M,0,,0,,N,B,Y,N,0,124,0
E60,10,10C,0,,0,E,N,B,Y,N,0,124,0
Z390,14,14D,0,,0,,N,F,Y,N,9,60,0
S049,01,1J,0,,0,,0,B,Y,N,0,124,0
Z8947,30,,0,,0,,N,B,N,N,0,124,0
Z279,23,23D,0,,0,,N,B,Y,N,0,124,0
M2553,08,8L,0,,0,,N,B,Y,N,0,124,0
H750,03,3G,0,,0,,N,B,N,N,0,124,0
T335,21,21E,0,,0,,N,B,Y,N,0,124,0
Z288,23,23D,0,,0,,N,B,Y,N,0,124,0
Z015,30,,0,,0,,N,B,N,N,0,124,0
K0759,03,3H,0,,0,,N,B,Y,Y,0,124,28
C495,08,8E,0,,0,,N,B,Y,N,0,124,0
K279,06,6D,0,,0,,N,B,Y,N,0,124,0
F432,19,19E,0,,0,,N,B,Y,N,0,124,0
M6507,08,8M,0,,0,,N,B,Y,N,0,124,0
Q348,04,4Q,0,,0,,N,B,Y,N,0,124,0
R072,05,5Q,0,,0,,N,B,Y,N,0,124,0
Z560,23,23D,0,,0,,N,B,Y,N,0,124,0
Z304,23,23D,0,,0,,N,B,Y,N,9,60,0
B561,18,18H,0,,0,,N,B,Y,N,0,124,0
I519,05,5G,0,,0,,N,B,Y,N,0,124,0
Z309,23,23D,0,,0,,N,B,Y,N,1,124,0
M625,08,8M,0,,0,,N,B,Y,N,0,124,0
B3704,03,3H,0,,0,D,N,B,Y,N,0,124,0
Z312,13,13F,0,,0,,N,F,Y,N,9,60,0
T380,21,21C,0,,0,,N,B,Y,N,0,124,0
R178,07,7D,0,,0,,N,B,Y,N,0,124,0
N071,11,11H,0,,0,,N,B,Y,N,0,124,0
Z891,30,,0,,0,,N,B,N,N,0,124,0
Z319,23,23D,0,,0,,N,B,Y,N,9,60,0
M4023,08,8H,0,,0,,N,B,Y,N,0,124,0
N050,11,11H,0,,0,E,N,B,Y,N,0,124,0
J343,03,3G,0,,0,,N,B,Y,N,0,124,0
E162,10,10C,0,,0,,N,B,Y,N,0,124,0
T630,21,21C,0,,0,,N,B,Y,N,0,124,0
M7183,08,8M,0,,0,,N,B,Y,N,0,124,0
N812,13,13F,0,,0,,N,F,Y,N,1,124,0
Z353,30,,0,,0,,N,F,N,N,9,60,0
S0150,03,3H,0,,0,,0,B,Y,N,0,124,0
E770,10,10D,0,,0,,N,B,Y,N,0,124,0
Z356,30,,0,,0,,N,F,N,N,9,60,0
M2405,08,8R,0,,0,,N,B,Y,N,0,124,0
Z358,30,,0,,0,,N,F,N,N,9,60,0
Z359,30,,0,,0,,N,F,N,N,9,60,0
D172,09,9D,0,,0,,N,B,Y,N,0,124,0
M481,08,8H,0,,0,,N,B,Y,N,0,124,0
Z362,14,14E,0,,0,,N,F,Y,N,9,60,0
S463,08,8Q,0,,0,,0,B,Y,N,0,124,0
Z004,30,,0,,0,,N,B,N,N,0,124,0
S82303,08,8Q,0,,0,,0,B,Y,N,0,124,0
P232,15,,0,,0,,N,B,Y,N,0,0,0
H439,02,2D,0,,0,,N,B,Y,N,0,124,0
R201,01,1U,0,,0,,N,B,Y,N,0,124,0
O722,14,14C,0,,0,,N,F,Y,N,9,60,0
D1014,03,3H,0,,0,,N,B,Y,N,0,124,0
F709,19,19K,0,,0,,N,B,Y,N,0,124,0
K624,06,6J,0,,0,,N,B,Y,N,0,124,0
P354,15,0,0,.,0,0,N,B,Y,N,0,124,0
I481,5,5M,0,.,0,0,N,B,Y,N,0,124,0
Z227,23,23D,0,.,0,0,N,B,Y,N,0,124,0
I484,5,5M,0,.,0,0,N,B,Y,N,0,124,0
A97,18,18D,0,.,0,0,N,B,Y,N,0,124,0
A925,18,18F,0,.,0,0,N,B,Y,N,0,124,0
K643,6,6J,0,.,0,0,N,B,Y,N,1,124,0
U829,30,,0,.,0,0,N,B,N,N,0,124,0
K583,6,6H,0,.,0,0,N,B,Y,N,0,124,0
G907,1,1J,0,.,0,0,N,B,Y,N,0,124,0
R959,1,1U,0,.,0,0,N,B,Y,N,0,2,0
G836,1,1J,0,.,0,0,N,B,Y,N,0,124,0
U089,4,4C,0,.,0,0,N,B,Y,N,0,124,0
K434,6,6J,0,.,0,0,N,B,Y,N,0,124,0
I489,5,5M,0,.,0,0,N,B,Y,N,0,124,0
K025,3,3H,0,.,0,0,N,B,Y,Y,0,124,28
U072,4,4C,0,.,0,0,N,B,Y,N,0,124,0
K581,6,6H,0,.,0,0,N,B,Y,N,0,124,0
K436,6,6J,0,.,0,0,N,B,Y,N,0,124,0
R950,1,1U,0,.,0,0,N,B,Y,N,0,2,0
G906,1,1J,0,.,0,0,N,B,Y,N,0,124,0
U822,30,,0,.,0,0,N,B,N,N,0,124,0
K642,6,6J,0,.,0,0,N,B,Y,N,1,124,0
K645,6,6J,0,.,0,0,N,B,Y,N,1,124,0
I480,5,5M,0,.,0,0,N,B,Y,N,0,124,0
G943,1,1H,0,.,0,B,N,B,Y,N,0,124,0
U840,30,,0,.,0,0,N,B,N,N,0,124,0
R65,5,5M,0,.,0,0,N,B,Y,N,0,124,0
U847,30,,0,.,0,0,N,B,N,N,0,124,0
K641,6,6J,0,.,0,0,N,B,Y,N,1,124,0
I725,1,1F,0,.,0,0,N,B,Y,N,0,124,0
K640,6,6J,0,.,0,0,N,B,Y,N,1,124,0
K64,6,6H,0,.,0,0,N,B,Y,N,0,124,0
U85,30,,0,.,0,0,N,B,N,N,0,124,0
B1809,18,18D,0,.,0,0,N,B,Y,N,0,124,0
K433,6,6J,0,.,0,0,N,B,Y,N,0,124,0
K437,6,6J,0,.,0,0,N,B,Y,N,0,124,0
L987,9,9D,0,.,0,0,N,B,Y,N,0,124,0
U842,30,,0,.,0,0,N,B,N,N,0,124,0
G233,1,1D,0,.,0,0,N,B,Y,N,0,124,0
J987,4,4C,0,.,0,0,N,B,Y,N,0,124,0
I483,5,5M,0,.,0,0,N,B,Y,N,0,124,0
K432,6,6J,0,.,0,0,N,B,Y,N,0,124,0
I726,1,1F,0,.,0,0,N,B,Y,N,0,124,0
P917,15,0,0,.,0,0,N,B,Y,N,0,0,0
K588,6,6H,0,.,0,0,N,B,Y,N,0,124,0
Z994,23,23D,0,.,0,0,N,B,Y,N,0,124,0
G905,1,1J,0,.,0,0,N,B,Y,N,0,124,0
K649,6,6J,0,.,0,0,N,B,Y,N,1,124,0
U832,30,,0,.,0,0,N,B,N,N,0,124,0
K582,6,6H,0,.,0,0,N,B,Y,N,0,124,0
U848,30,,0,.,0,0,N,B,N,N,0,124,0
A979,18,18D,0,.,0,0,N,B,Y,N,0,124,0
I482,5,5M,0,.,0,0,N,B,Y,N,0,124,0
U099,4,4C,0,.,0,0,N,B,Y,N,0,124,0
B1800,18,18D,0,.,0,0,N,B,Y,N,0,124,0
K662,6,6J,0,.,0,0,N,B,Y,N,1,124,0
M756,8,8M,0,.,0,0,N,B,Y,N,0,124,0
G835,1,1U,0,.,0,0,N,B,Y,N,0,124,0
R003,5,5M,0,.,0,0,N,B,Y,N,0,124,0
U070,30,,0,.,0,0,N,B,N,N,0,124,0
U841,30,,0,.,0,0,N,B,N,N,0,124,0
K435,6,6J,0,.,0,0,N,B,Y,N,0,124,0
U071,4,4C,0,.,0,0,N,B,Y,N,0,124,0
K553,6,6J,0,.,0,0,N,B,Y,N,0,124,0
U843,30,,0,.,0,0,N,B,N,N,0,124,0
U849,30,,0,.,0,0,N,B,N,N,0,124,0
Z917,23,23D,0,.,0,0,N,B,Y,N,0,124,0
K644,6,6J,0,.,0,0,N,B,Y,N,1,124,0
A010,18,18H,1,A010,73,,N,B,Y,N,0,124,0
A048,06,6G,1,A010,73,,N,B,Y,N,0,124,0
A049,06,6G,1,A010,73,,N,B,Y,N,0,124,0
A029,18,18H,1,A010,73,D,N,B,Y,N,0,124,0
A020,06,6G,1,A010,73,D,N,B,Y,N,0,124,0
A044,06,6G,1,A010,73,,N,B,Y,N,0,124,0
A069,18,18H,1,A010,73,,N,B,Y,N,0,124,0
A014,18,18H,1,A010,73,,N,B,Y,N,0,124,0
A047,06,6G,1,A010,73,,N,B,Y,N,0,124,0
A060,06,6G,1,A010,73,,N,B,Y,N,0,124,0
A021,18,18A,1,A010,73,D,N,B,Y,N,0,124,0
A080,06,6G,1,A010,73,,N,B,Y,N,0,124,0
A085,06,6G,1,A010,73,,N,B,Y,N,0,124,0
A039,06,6G,1,A010,73,,N,B,Y,N,0,124,0
A073,06,6G,1,A073,73,D,N,B,Y,N,0,124,0
A09,06,6G,1,A09,103,D,N,B,Y,N,0,124,0
A099,06,6G,1,A09,73,D,N,B,Y,N,0,124,0
A090,06,6G,1,A09,73,D,N,B,Y,N,0,124,0
A160,04,4C,1,A150,2,D,N,B,Y,N,0,124,0
A150,04,4C,1,A150,2,D,N,B,Y,N,0,124,0
A319,18,18H,1,A150,2,D,N,B,Y,N,0,124,0
A154,04,4C,1,A150,2,D,N,B,Y,N,0,124,0
A159,04,4C,1,A150,2,D,N,B,Y,N,0,124,0
A151,04,4C,1,A150,2,D,N,B,Y,N,0,124,0
A165,04,4C,1,A150,2,D,N,B,Y,N,0,124,0
A169,04,4C,1,A150,2,D,N,B,Y,N,0,124,0
A161,04,4C,1,A150,2,D,N,B,Y,N,0,124,0
A152,04,4C,1,A150,2,D,N,B,Y,N,0,124,0
A162,04,4C,1,A150,2,D,N,B,Y,N,0,124,0
A153,04,4C,1,A150,2,D,N,B,Y,N,0,124,0
A163,04,4C,1,A150,2,D,N,B,Y,N,0,124,0
A318,18,18H,1,A150,2,D,N,B,Y,N,0,124,0
A156,04,4C,1,A150,2,D,N,B,Y,N,0,124,0
A164,04,4C,1,A155,2,D,N,B,Y,N,0,124,0
A155,04,4C,1,A155,2,D,N,B,Y,N,0,124,0
A171,01,1K,1,A170,1,D,N,B,Y,N,0,124,0
A170,01,1K,1,A170,1,D,N,B,Y,N,0,124,0
A179,01,1K,1,A178,1,D,N,B,Y,N,0,124,0
A178,01,1K,1,A178,1,D,N,B,Y,N,0,124,0
A181,11,11D,1,A181,46,D,N,B,Y,N,0,124,0
A188,18,18H,1,A181,73,D,N,B,Y,N,0,124,0
A183,06,6J,1,A182,26,D,N,B,Y,N,0,124,0
A185,02,2A,1,A182,59,D,N,B,Y,N,0,124,0
A309,18,18H,1,A182,31,,N,B,Y,N,0,124,0
A182,18,18H,1,A182,31,D,N,B,Y,N,0,124,0
A186,03,3G,1,A182,73,D,N,B,Y,N,0,124,0
A187,10,10E,1,A187,81,D,N,B,Y,N,0,124,0
A190,18,18H,1,A190,2,D,N,B,Y,N,0,124,0
A192,18,18H,1,A190,2,D,N,B,Y,N,0,124,0
A198,18,18H,1,A190,2,D,N,B,Y,N,0,124,0
A191,18,18H,1,A190,2,D,N,B,Y,N,0,124,0
A199,18,18H,1,A190,2,D,N,B,Y,N,0,124,0
A401,18,18A,1,A241,97,D,N,B,Y,N,0,124,0
A402,18,18A,1,A241,97,D,N,B,Y,N,0,124,0
A419,18,18A,1,A241,97,D,N,B,Y,N,0,124,0
A408,18,18A,1,A241,97,D,N,B,Y,N,0,124,0
A241,18,18J,1,A241,2,,N,B,Y,N,0,124,0
A415,18,18A,1,A241,97,D,N,B,Y,N,0,124,0
A279,18,18K,1,A241,2,,N,B,Y,N,0,124,0
A483,18,18A,1,A241,2,,N,B,Y,N,0,124,0
A413,18,18A,1,A241,97,D,N,B,Y,N,0,124,0
A400,18,18A,1,A241,97,D,N,B,Y,N,0,124,0
A409,18,18A,1,A241,97,D,N,B,Y,N,0,124,0
A418,18,18A,1,A241,97,D,N,B,Y,N,0,124,0
A244,18,18J,1,A241,2,,N,B,Y,N,0,124,0
A410,18,18A,1,A241,97,D,N,B,Y,N,0,124,0
A412,18,18A,1,A241,97,D,N,B,Y,N,0,124,0
A403,18,18A,1,A241,97,D,N,B,Y,N,0,124,0
A414,18,18A,1,A241,97,D,N,B,Y,N,0,124,0
A411,18,18A,1,A241,97,D,N,B,Y,N,0,124,0
A310,04,4C,1,A310,2,D,N,B,Y,N,0,124,0
A34,14,14C,1,A34,86,,N,F,Y,N,9,60,0
B900,01,1U,1,A35,100,,N,B,Y,N,1,124,0
A480,18,18H,1,A35,2,,N,B,Y,N,0,124,0
A812,01,1D,1,A35,30,B,N,B,Y,N,0,124,0
A35,18,18H,1,A35,2,,N,B,Y,N,0,124,0
A811,01,1D,1,A35,30,,N,B,Y,N,0,124,0
B572,05,5R,1,A35,54,,N,B,Y,N,0,124,0
A492,18,18H,1,A35,2,,N,B,Y,N,0,124,0
B570,05,5R,1,A35,54,,N,B,Y,N,0,124,0
B901,11,11D,1,A35,46,,N,B,Y,N,1,124,0
A390,01,1K,1,A390,1,,N,B,Y,N,0,124,0
A391,18,18A,1,A391,2,,N,B,Y,N,0,124,0
A392,18,18A,1,A392,97,,N,B,Y,N,0,124,0
A394,18,18A,1,A392,97,,N,B,Y,N,0,124,0
A393,18,18A,1,A392,97,,N,B,Y,N,0,124,0
A395,05,5R,1,A395,54,,N,B,Y,N,0,124,0
A398,18,18A,1,A398,2,,N,B,Y,N,0,124,0
A399,18,18A,1,A399,2,,N,B,Y,N,0,124,0
J701,04,4P,1,A481,73,,N,B,Y,N,0,124,0
J677,04,4P,1,A481,73,,N,B,Y,N,1,124,0
J110,04,4C,1,A481,18,,N,B,Y,N,0,124,0
J181,04,4C,1,A481,18,D,N,B,Y,N,0,124,0
J168,04,4C,1,A481,18,D,N,B,Y,N,0,124,0
J151,04,4C,1,A481,2,D,N,B,Y,N,0,124,0
J670,04,4P,1,A481,73,,N,B,Y,N,1,124,0
J1588,04,4C,1,A481,2,D,N,B,Y,N,0,124,0
J678,04,4P,1,A481,73,,N,B,Y,N,1,124,0
J681,04,4E,1,A481,3,,N,B,Y,N,0,124,0
A481,04,4C,1,A481,2,D,N,B,Y,N,0,124,0
J671,04,4P,1,A481,73,,N,B,Y,N,1,124,0
J698,04,4C,1,A481,2,,N,B,Y,N,0,124,0
J150,04,4C,1,A481,2,D,N,B,Y,N,0,124,0
J189,04,4C,1,A481,18,D,N,B,Y,N,0,124,0
J171,04,4C,1,A481,2,,N,B,N,N,0,124,0
J158,04,4C,1,A481,2,D,N,B,Y,N,0,124,0
J156,04,4C,1,A481,2,D,N,B,Y,N,0,124,0
J13,04,4C,1,A481,18,D,N,B,Y,N,0,124,0
J100,04,4C,1,A481,18,,N,B,Y,N,0,124,0
J09,04,4C,1,A481,18,,N,B,Y,N,0,124,0
J672,04,4P,1,A481,73,,N,B,Y,N,1,124,0
J1581,04,4C,1,A481,2,D,N,B,Y,N,0,124,0
J679,04,4P,1,A481,73,,N,B,Y,N,1,124,0
J675,04,4P,1,A481,73,,N,B,Y,N,1,124,0
J157,04,4C,1,A481,18,D,N,B,Y,N,0,124,0
J690,04,4C,1,A481,2,,N,B,Y,N,0,124,0
A482,18,18A,1,A481,2,D,N,B,Y,N,0,124,0
J673,04,4P,1,A481,73,,N,B,Y,N,1,124,0
J152,04,4C,1,A481,2,D,N,B,Y,N,0,124,0
J700,04,4Q,1,A481,69,,N,B,Y,N,0,124,0
J180,04,4C,1,A481,18,,N,B,Y,N,0,124,0
J159,04,4C,1,A481,18,D,N,B,Y,N,0,124,0
J155,04,4C,1,A481,2,D,N,B,Y,N,0,124,0
J674,04,4P,1,A481,73,,N,B,Y,N,1,124,0
J14,04,4C,1,A481,18,D,N,B,Y,N,0,124,0
J188,04,4C,1,A481,18,D,N,B,Y,N,0,124,0
J154,04,4C,1,A481,18,D,N,B,Y,N,0,124,0
J160,04,4C,1,A481,18,D,N,B,Y,N,0,124,0
J691,04,4C,1,A481,2,,N,B,Y,N,0,124,0
J676,04,4P,1,A481,73,,N,B,Y,N,1,124,0
J680,04,4Q,1,A481,69,,N,B,Y,N,0,124,0
J153,04,4C,1,A481,18,D,N,B,Y,N,0,124,0
A490,18,18H,1,A490,2,,N,B,Y,N,0,124,0
A504,01,1K,1,A504,1,,N,B,Y,N,1,124,0
A520,05,5R,1,A520,54,,N,B,Y,N,16,124,0
A521,01,1D,1,A521,30,,N,B,Y,N,16,124,0
A522,01,1K,1,A522,1,,N,B,Y,N,16,124,0
A523,01,1D,1,A522,30,,N,B,Y,N,16,124,0
A541,13,13D,1,A541,73,,N,B,Y,N,0,124,0
A541,12,12C,1,A541,73,,N,B,Y,N,1,124,0
A542,13,13E,1,A542,73,,N,B,Y,N,0,124,0
A542,12,12C,1,A542,73,,N,B,Y,N,1,124,0
A549,18,18H,1,A549,73,,N,B,Y,N,0,124,0
A972,18,18D,1,A972,2,,N,B,Y,N,0,124,0
B001,18,18F,1,B001,9,D,N,B,Y,N,0,124,0
B002,03,3H,1,B001,9,D,N,B,Y,N,0,124,0
B009,09,9C,1,B001,9,D,N,B,Y,N,0,124,0
B003,01,1L,1,B003,1,D,N,B,Y,N,0,124,0
B004,01,1K,1,B004,1,D,N,B,Y,N,0,124,0
B007,18,18A,1,B007,2,D,N,B,Y,N,0,124,0
B008,09,9C,1,B008,9,D,N,B,Y,N,0,124,0
B010,01,1L,1,B010,9,,N,B,Y,N,0,124,0
B011,01,1K,1,B011,1,,N,B,Y,N,0,124,0
B012,04,4C,1,B012,2,,N,B,Y,N,0,124,0
B019,18,18F,1,B018,9,,N,B,Y,N,0,124,0
B018,18,18F,1,B018,9,,N,B,Y,N,0,124,0
B020,01,1K,1,B020,1,D,N,B,Y,N,0,124,0
B029,09,9B,1,B020,1,D,N,B,Y,N,0,124,0
B023,02,2A,1,B020,1,D,N,B,Y,N,0,124,0
B028,18,18F,1,B020,9,D,N,B,Y,N,0,124,0
B021,01,1L,1,B021,1,D,N,B,Y,N,0,124,0
B022,01,1K,1,B022,1,D,N,B,Y,N,0,124,0
B027,18,18F,1,B027,9,D,N,B,Y,N,0,124,0
B052,04,4C,1,B050,2,,N,B,Y,N,0,124,0
B050,01,1K,1,B050,1,,N,B,Y,N,0,124,0
B058,02,2D,1,B050,9,,N,B,Y,N,0,124,0
B059,18,18F,1,B050,1,,N,B,Y,N,0,124,0
B053,03,3D,1,B050,73,,N,B,Y,N,0,124,0
B051,01,1L,1,B051,9,,N,B,Y,N,0,124,0
B054,18,18F,1,B054,9,,N,B,Y,N,0,124,0
B085,03,3D,1,B060,93,,N,B,Y,N,0,124,0
B082,18,18F,1,B060,93,,N,B,Y,N,0,124,0
B088,18,18F,1,B060,93,,N,B,Y,N,0,124,0
B060,01,1K,1,B060,93,,N,B,Y,N,0,124,0
B068,18,18F,1,B068,9,,N,B,Y,N,0,124,0
B171,07,7D,1,B160,22,,N,B,Y,N,0,124,0
B161,07,7D,1,B160,22,,N,B,Y,N,0,124,0
B190,07,7D,1,B160,22,,N,B,Y,N,0,124,0
B1819,07,7D,1,B160,22,,N,B,Y,N,0,124,0
B180,07,7D,1,B160,22,,N,B,Y,N,0,124,0
B160,07,7D,1,B160,22,,N,B,Y,N,0,124,0
B181,07,7D,1,B160,22,,N,B,Y,N,0,124,0
B169,07,7D,1,B160,22,,N,B,Y,N,0,124,0
B170,07,7D,1,B160,22,,N,B,Y,N,0,124,0
B188,07,7D,1,B160,22,,N,B,Y,N,0,124,0
B1810,07,7D,1,B160,22,,N,B,Y,N,0,124,0
B189,07,7D,1,B160,22,,N,B,Y,N,0,124,0
B162,07,7D,1,B160,22,,N,B,Y,N,0,124,0
B182,07,7D,1,B160,22,,N,B,Y,N,0,124,0
B178,07,7D,1,B160,22,,N,B,Y,N,0,124,0
B172,07,7D,1,B160,22,,N,B,Y,N,0,124,0
B179,07,7D,1,B179,22,,N,B,Y,N,0,124,0
B199,07,7D,1,B179,22,,N,B,Y,N,0,124,0
B230,25,25A,1,B20,34,D,N,B,Y,N,0,124,0
B222,25,25A,1,B20,97,E,N,B,Y,N,0,124,0
B238,25,25A,1,B20,97,E,N,B,Y,N,0,124,0
,,,,,,,,,,,,,
,,,,,,,,,,,,,
,,,,,,,,,,,,,
,,,,,,,,,,,,,
,,,,,,,,,,,,,
,,,,,,,,,,,,,
,,,,,,,,,,,,,
,,,,,,,,,,,,,
,,,,,,,,,,,,,
,,,,,,,,,,,,,
,,,,,,,,,,,,,
B238,25,25A,1,B20,97,E,N,B,Y,N,0,124,0
B21,25,25A,1,B20,97,E,N,B,Y,N,0,124,0
B231,25,25A,1,B20,97,E,N,B,Y,N,0,124,0
B20,25,25A,1,B20,97,E,N,B,Y,N,0,124,0
B23,25,25A,1,B20,97,E,N,B,Y,N,0,124,0
B22,25,25A,1,B20,97,E,N,B,Y,N,0,124,0
B200,25,25A,1,B200,2,D,N,B,Y,N,0,124,0
B201,25,25A,1,B201,2,D,N,B,Y,N,0,124,0
B202,25,25A,1,B202,2,D,N,B,Y,N,0,124,0
B203,25,25A,1,B203,2,D,N,B,Y,N,0,124,0
B204,25,25A,1,B204,2,D,N,B,Y,N,0,124,0
B205,25,25A,1,B205,2,D,N,B,Y,N,0,124,0
B206,25,25A,1,B206,2,D,N,B,Y,N,0,124,0
B207,25,25A,1,B207,2,D,N,B,Y,N,0,124,0
B208,25,25A,1,B208,73,D,N,B,Y,N,0,124,0
B209,25,25A,1,B209,97,D,N,B,Y,N,0,124,0
B210,25,25A,1,B210,73,C,N,B,Y,N,0,124,0
B211,25,25A,1,B211,73,C,N,B,Y,N,0,124,0
B212,25,25A,1,B212,73,C,N,B,Y,N,0,124,0
B213,25,25A,1,B213,73,C,N,B,Y,N,0,124,0
B217,25,25A,1,B217,73,C,N,B,Y,N,0,124,0
B218,25,25A,1,B218,73,C,N,B,Y,N,0,124,0
B219,25,25A,1,B219,97,C,N,B,Y,N,0,124,0
B220,25,25A,1,B220,73,B,N,B,Y,N,0,124,0
B221,25,25A,1,B221,73,E,N,B,Y,N,0,124,0
B227,25,25A,1,B227,97,E,N,B,Y,N,0,124,0
B232,25,25A,1,B232,97,E,N,B,Y,N,0,124,0
B24,25,25A,1,B24,97,E,N,B,Y,N,0,124,0
O987,25,25A,1,B24,97,E,N,B,Y,N,0,124,0
B260,12,12C,1,B260,73,,N,M,Y,N,0,124,0
B261,01,1L,1,B261,1,,N,B,Y,N,0,124,0
B262,01,1K,1,B262,1,,N,B,Y,N,0,124,0
B263,07,7C,1,B263,57,,N,B,Y,N,0,124,0
B268,18,18F,1,B268,9,,N,B,Y,N,0,124,0
B371,04,4C,1,B371,2,D,N,B,Y,N,0,124,0
B376,05,5B,1,B371,2,D,N,B,Y,N,0,124,0
B374,12,12C,1,B374,73,D,N,B,Y,N,0,124,0
B374,13,13D,1,B374,73,D,N,B,Y,N,0,124,0
B375,01,1K,1,B375,1,D,N,B,Y,N,0,124,0
B377,18,18G,1,B377,97,D,N,B,Y,N,0,124,0
B378,06,6H,1,B378,2,D,N,B,Y,N,0,124,0
B381,04,4C,1,B380,2,D,N,B,Y,N,0,124,0
B380,04,4C,1,B380,2,D,N,B,Y,N,0,124,0
B382,04,4C,1,B380,2,D,N,B,Y,N,0,124,0
B384,01,1K,1,B384,1,D,N,B,Y,N,0,124,0
B387,18,18G,1,B387,2,D,N,B,Y,N,0,124,0
B388,18,18G,1,B388,2,D,N,B,Y,N,0,124,0
B393,18,18G,1,B390,73,D,N,B,Y,N,0,124,0
B392,04,4C,1,B390,73,D,N,B,Y,N,0,124,0
B390,04,4C,1,B390,73,D,N,B,Y,N,0,124,0
B391,04,4C,1,B390,73,D,N,B,Y,N,0,124,0
B394,18,18G,1,B394,73,D,N,B,Y,N,0,124,0
B395,18,18G,1,B395,73,D,N,B,Y,N,0,124,0
B399,18,18G,1,B399,73,D,N,B,Y,N,0,124,0
B401,04,4C,1,B400,73,,N,B,Y,N,0,124,0
B402,04,4C,1,B400,73,,N,B,Y,N,0,124,0
B400,04,4C,1,B400,73,,N,B,Y,N,0,124,0
B403,09,9D,1,B403,73,,N,B,Y,N,0,124,0
B409,18,18G,1,B407,73,,N,B,Y,N,0,124,0
B407,18,18G,1,B407,73,,N,B,Y,N,0,124,0
B408,18,18G,1,B408,73,,N,B,Y,N,0,124,0
B410,04,4C,1,B410,73,,N,B,Y,N,0,124,0
B417,18,18G,1,B417,73,,N,B,Y,N,0,124,0
B418,18,18G,1,B417,73,,N,B,Y,N,0,124,0
B419,18,18G,1,B417,73,,N,B,Y,N,0,124,0
B448,18,18G,1,B440,2,D,N,B,Y,N,0,124,0
B440,04,4C,1,B440,2,D,N,B,Y,N,0,124,0
B441,04,4C,1,B440,2,D,N,B,Y,N,0,124,0
B442,18,18G,1,B442,2,D,N,B,Y,N,0,124,0
B447,18,18G,1,B447,2,D,N,B,Y,N,0,124,0
B449,18,18G,1,B447,2,D,N,B,Y,N,0,124,0
B450,04,4C,1,B450,2,D,N,B,Y,N,0,124,0
B451,01,1K,1,B451,2,D,N,B,Y,N,0,124,0
B452,09,9C,1,B452,2,D,N,B,Y,N,0,124,0
B453,08,8D,1,B453,2,D,N,B,Y,N,0,124,0
B459,18,18G,1,B457,2,D,N,B,Y,N,0,124,0
B457,18,18G,1,B457,2,D,N,B,Y,N,0,124,0
B458,18,18G,1,B457,2,D,N,B,Y,N,0,124,0
B460,04,4C,1,B460,73,D,N,B,Y,N,0,124,0
B461,01,1K,1,B461,73,D,N,B,Y,N,0,124,0
B462,06,6L,1,B462,73,D,N,B,Y,N,0,124,0
B463,09,9C,1,B463,73,D,N,B,Y,N,0,124,0
B464,18,18G,1,B464,73,D,N,B,Y,N,0,124,0
B465,18,18G,1,B464,73,D,N,B,Y,N,0,124,0
B468,18,18G,1,B464,73,,N,B,Y,N,0,124,0
B469,18,18G,1,B464,73,,N,B,Y,N,0,124,0
B470,18,18G,1,B470,2,,N,B,Y,N,0,124,0
B471,18,18G,1,B470,2,,N,B,Y,N,0,124,0
B482,18,18G,1,B482,73,,N,B,Y,N,0,124,0
B487,18,18G,1,B487,2,D,N,B,Y,N,0,124,0
B580,02,2D,1,B580,58,D,N,B,Y,N,0,124,0
B582,01,1K,1,B580,1,D,N,B,Y,N,0,124,0
B581,07,7D,1,B580,22,D,N,B,Y,N,0,124,0
B583,04,4C,1,B583,2,D,N,B,Y,N,0,124,0
B485,04,4C,1,B485,2,D,N,B,Y,N,0,124,0
B608,18,18H,1,B600,73,D,N,B,Y,N,0,124,0
B600,18,18H,1,B600,73,D,N,B,Y,N,0,124,0
B601,18,18H,1,B601,73,D,N,B,Y,N,0,124,0
B602,18,18H,1,B602,73,D,N,B,Y,N,0,124,0
B781,09,9C,1,B780,73,D,N,B,Y,N,0,124,0
B780,06,6L,1,B780,73,D,N,B,Y,N,0,124,0
B788,18,18H,1,B780,73,D,N,B,Y,N,0,124,0
B787,18,18H,1,B780,73,D,N,B,Y,N,0,124,0
B789,18,18H,1,B789,73,D,N,B,Y,N,0,124,0
C781,04,4M,1,C150,62,,N,B,Y,N,0,124,0
C926,17,17B,1,C150,71,,N,B,Y,N,0,124,0
C951,17,17B,1,C150,71,,N,B,Y,N,0,124,0
C952,17,17B,1,C150,71,,N,B,Y,N,0,124,0
C23,07,7B,1,C150,79,,N,B,Y,N,0,124,0
C931,17,17B,1,C150,71,,N,B,Y,N,0,124,0
C950,17,17A,1,C150,5,,N,B,Y,N,0,124,0
C928,17,17B,1,C150,71,,N,B,Y,N,0,124,0
C903,17,17B,1,C150,71,,N,B,Y,N,0,124,0
C210,06,6A,1,C150,45,,N,B,Y,N,0,124,0
C778,17,17B,1,C150,71,,N,B,Y,N,0,124,0
D475,17,17B,1,C150,71,,N,B,Y,N,0,124,0
C187,06,6A,1,C150,45,,N,B,Y,N,0,124,0
C968,17,17B,1,C150,71,,N,B,Y,N,0,124,0
C920,17,17A,1,C150,5,,N,B,Y,N,0,124,0
C212,06,6A,1,C150,45,,N,B,Y,N,0,124,0
C921,17,17B,1,C150,71,,N,B,Y,N,0,124,0
C711,01,1C,1,C150,60,,N,B,Y,N,0,124,0
C773,17,17B,1,C150,71,,N,B,Y,N,0,124,0
C241,07,7B,1,C150,79,,N,B,Y,N,0,124,0
C248,07,7B,1,C150,79,,N,B,Y,N,0,124,0
C250,07,7B,1,C150,79,,N,B,Y,N,0,124,0
C257,07,7B,1,C150,79,,N,B,Y,N,0,124,0
C258,07,7B,1,C150,79,,N,B,Y,N,0,124,0
C719,01,1C,1,C150,60,,N,B,Y,N,0,124,0
C800,17,17C,1,C150,44,,N,B,Y,N,0,124,0
C259,07,7B,1,C150,79,,N,B,Y,N,0,124,0
C713,01,1C,1,C150,60,,N,B,Y,N,0,124,0
C784,06,6A,1,C150,45,,N,B,Y,N,0,124,0
C787,07,7B,1,C150,79,,N,B,Y,N,0,124,0
C788,06,6A,1,C150,45,,N,B,Y,N,0,124,0
C957,17,17B,1,C150,71,,N,B,Y,N,0,124,0
C150,06,6A,1,C150,45,,N,B,Y,N,0,124,0
C793,01,1C,1,C150,60,,N,B,Y,N,0,124,0
C794,01,1C,1,C150,60,,N,B,Y,N,0,124,0
C884,17,17B,1,C150,71,,N,B,Y,N,0,124,0
C716,01,1C,1,C150,60,,N,B,Y,N,0,124,0
C340,04,4M,1,C150,62,,N,B,Y,N,0,124,0
C343,04,4M,1,C150,62,,N,B,Y,N,0,124,0
C797,10,10E,1,C150,81,,N,B,Y,N,0,124,0
C709,01,1C,1,C150,60,,N,B,Y,N,0,124,0
C223,07,7B,1,C150,79,,N,B,Y,N,0,124,0
C382,04,4M,1,C150,62,,N,B,Y,N,0,124,0
C783,04,4M,1,C150,62,,N,B,Y,N,0,124,0
C715,01,1C,1,C150,60,,N,B,Y,N,0,124,0
C911,17,17B,1,C150,71,,N,B,Y,N,0,124,0
C941,17,17B,1,C150,71,,N,B,Y,N,0,124,0
C944,17,17B,1,C150,71,,N,B,Y,N,0,124,0
C945,16,16C,1,C150,71,,N,B,Y,N,0,124,0
C918,17,17B,1,C150,71,,N,B,Y,N,0,124,0
C883,17,17B,1,C150,71,,N,B,Y,N,0,124,0
C152,06,6A,1,C150,45,,N,B,Y,N,0,124,0
C153,06,6A,1,C150,45,,N,B,Y,N,0,124,0
C785,06,6A,1,C150,45,,N,B,Y,N,0,124,0
C939,17,17B,1,C150,71,,N,B,Y,N,0,124,0
C723,01,1C,1,C150,60,,N,B,Y,N,0,124,0
C963,17,17B,1,C150,71,,N,B,Y,N,0,124,0
C964,17,17B,1,C150,71,,N,B,Y,N,0,124,0
C933,17,17B,1,C150,71,,N,B,Y,N,0,124,0
C937,17,17B,1,C150,71,,N,B,Y,N,0,124,0
C728,01,1C,1,C150,60,,N,B,Y,N,0,124,0
C450,04,4M,1,C150,62,,N,B,Y,N,0,124,0
C182,06,6A,1,C150,45,,N,B,Y,N,0,124,0
C178,06,6A,1,C150,45,,N,B,Y,N,0,124,0
C779,17,17B,1,C150,71,,N,B,Y,N,0,124,0
C97,17,17C,1,C150,44,,N,B,Y,N,0,124,0
C712,01,1C,1,C150,60,,N,B,Y,N,0,124,0
C161,06,6A,1,C150,45,,N,B,Y,N,0,124,0
C188,06,6A,1,C150,45,,N,B,Y,N,0,124,0
C969,17,17B,1,C150,71,,N,B,Y,N,0,124,0
C451,06,6A,1,C150,45,,N,B,Y,N,0,124,0
C211,06,6A,1,C150,45,,N,B,Y,N,0,124,0
C457,08,8E,1,C150,70,,N,B,Y,N,0,124,0
C962,17,17B,1,C150,71,,N,B,Y,N,0,124,0
C725,01,1C,1,C150,60,,N,B,Y,N,0,124,0
C927,17,17B,1,C150,71,,N,B,Y,N,0,124,0
C780,04,4M,1,C150,62,,N,B,Y,N,0,124,0
C947,17,17B,1,C150,71,,N,B,Y,N,0,124,0
C772,17,17B,1,C150,71,,N,B,Y,N,0,124,0
C19,06,6A,1,C150,45,,N,B,Y,N,0,124,0
C183,06,6A,1,C150,45,,N,B,Y,N,0,124,0
C790,11,11C,1,C150,73,,N,B,Y,N,0,124,0
C218,06,6A,1,C150,45,,N,B,Y,N,0,124,0
C796,13,13C,1,C150,73,,N,F,Y,N,0,124,0
C170,06,6A,1,C150,45,,N,B,Y,N,0,124,0
C771,17,17B,1,C150,71,,N,B,Y,N,0,124,0
C342,04,4M,1,C150,62,,N,B,Y,N,0,124,0
C720,01,1C,1,C150,60,,N,B,Y,N,0,124,0
C919,17,17B,1,C150,71,,N,B,Y,N,0,124,0
C932,17,17B,1,C150,71,,N,B,Y,N,0,124,0
C220,07,7B,1,C150,79,,N,B,Y,N,0,124,0
C961,17,17B,1,C150,71,,N,B,Y,N,0,124,0
C155,06,6A,1,C150,45,,N,B,Y,N,0,124,0
C341,04,4M,1,C150,62,,N,B,Y,N,0,124,0
C253,07,7B,1,C150,79,,N,B,Y,N,0,124,0
C162,06,6A,1,C150,45,,N,B,Y,N,0,124,0
C960,17,17C,1,C150,44,,N,B,Y,N,0,124,0
C942,17,17B,1,C150,71,,N,B,Y,N,0,124,0
C180,06,6A,1,C150,45,,N,B,Y,N,0,124,0
C388,04,4M,1,C150,62,,N,B,Y,N,0,124,0
C80,17,17C,1,C150,44,,N,B,Y,N,0,124,0
C221,07,7B,1,C150,79,,N,B,Y,N,0,124,0
C959,17,17B,1,C150,71,,N,B,Y,N,0,124,0
C946,17,17B,1,C150,71,,N,B,Y,N,0,124,0
C782,04,4M,1,C150,62,,N,B,Y,N,0,124,0
C164,06,6A,1,C150,45,,N,B,Y,N,0,124,0
C795,08,8E,1,C150,70,,N,B,Y,N,0,124,0
C887,17,17B,1,C150,71,,N,B,Y,N,0,124,0
C791,11,11C,1,C150,73,,N,B,Y,N,0,124,0
C189,06,6A,1,C150,45,,N,B,Y,N,0,124,0
C722,01,1C,1,C150,60,,N,B,Y,N,0,124,0
C917,17,17B,1,C150,71,,N,B,Y,N,0,124,0
C159,06,6A,1,C150,45,,N,B,Y,N,0,124,0
C184,06,6A,1,C150,45,,N,B,Y,N,0,124,0
C724,01,1C,1,C150,60,,N,B,Y,N,0,124,0
C923,17,17B,1,C150,71,,N,B,Y,N,0,124,0
C165,06,6A,1,C150,45,,N,B,Y,N,0,124,0
C799,17,17C,1,C150,44,,N,B,Y,N,0,124,0
C922,17,17B,1,C150,71,,N,B,Y,N,0,124,0
C774,17,17B,1,C150,71,,N,B,Y,N,0,124,0
C268,06,6A,1,C150,45,,N,B,Y,N,0,124,0
C249,07,7B,1,C150,79,,N,B,Y,N,0,124,0
C66,11,11C,1,C150,73,,N,B,Y,N,0,124,0
C912,17,17B,1,C150,71,,N,B,Y,N,0,124,0
C900,17,17B,1,C150,71,,N,B,Y,N,0,124,0
C916,17,17B,1,C150,71,,N,B,Y,N,0,124,0
C930,17,17A,1,C150,5,,N,B,Y,N,0,124,0
C166,06,6A,1,C150,45,,N,B,Y,N,0,124,0
C786,06,6A,1,C150,45,,N,B,Y,N,0,124,0
C229,07,7B,1,C150,79,,N,B,Y,N,0,124,0
C798,17,17C,1,C150,47,,N,B,Y,N,0,124,0
C154,06,6A,1,C150,45,,N,B,Y,N,0,124,0
C349,04,4M,1,C150,62,,N,B,Y,N,0,124,0
C171,06,6A,1,C150,45,,N,B,Y,N,0,124,0
C381,04,4M,1,C150,62,,N,B,Y,N,0,124,0
C925,17,17A,1,C150,5,,N,B,Y,N,0,124,0
C700,01,1C,1,C150,60,,N,B,Y,N,0,124,0
C252,07,7B,1,C150,79,,N,B,Y,N,0,124,0
C383,04,4M,1,C150,62,,N,B,Y,N,0,124,0
C770,17,17B,1,C150,71,,N,B,Y,N,0,124,0
C384,04,4M,1,C150,62,,N,B,Y,N,0,124,0
C186,06,6A,1,C150,45,,N,B,Y,N,0,124,0
C185,06,6A,1,C150,45,,N,B,Y,N,0,124,0
C222,07,7B,1,C150,79,,N,B,Y,N,0,124,0
C224,07,7B,1,C150,79,,N,B,Y,N,0,124,0
C151,06,6A,1,C150,45,,N,B,Y,N,0,124,0
C227,07,7B,1,C150,79,,N,B,Y,N,0,124,0
C169,06,6A,1,C150,45,,N,B,Y,N,0,124,0
C940,17,17A,1,C150,5,,N,B,Y,N,0,124,0
C929,17,17B,1,C150,71,,N,B,Y,N,0,124,0
C181,06,6A,1,C150,45,,N,B,Y,N,0,124,0
C172,06,6A,1,C150,45,,N,B,Y,N,0,124,0
C33,04,4M,1,C150,62,,N,B,Y,N,0,124,0
C179,06,6A,1,C150,45,,N,B,Y,N,0,124,0
C168,06,6A,1,C150,45,,N,B,Y,N,0,124,0
C718,01,1C,1,C150,60,,N,B,Y,N,0,124,0
C924,17,17A,1,C150,5,,N,B,Y,N,0,124,0
C348,04,4M,1,C150,62,,N,B,Y,N,0,124,0
C20,06,6A,1,C150,45,,N,B,Y,N,0,124,0
C717,01,1C,1,C150,60,,N,B,Y,N,0,124,0
C910,17,17A,1,C150,5,,N,B,Y,N,0,124,0
C714,01,1C,1,C150,60,,N,B,Y,N,0,124,0
C914,17,17B,1,C150,71,,N,B,Y,N,0,124,0
C710,01,1C,1,C150,60,,N,B,Y,N,0,124,0
C158,06,6A,1,C150,45,,N,B,Y,N,0,124,0
C901,17,17B,1,C150,71,,N,B,Y,N,0,124,0
C915,17,17B,1,C150,71,,N,B,Y,N,0,124,0
C251,07,7B,1,C150,79,,N,B,Y,N,0,124,0
C701,01,1C,1,C150,60,,N,B,Y,N,0,124,0
C173,06,6A,1,C150,45,,N,B,Y,N,0,124,0
C889,17,17B,1,C150,71,,N,B,Y,N,0,124,0
C163,06,6A,1,C150,45,,N,B,Y,N,0,124,0
C943,17,17B,1,C150,71,,N,B,Y,N,0,124,0
C792,09,9E,1,C150,47,,N,B,Y,N,0,124,0
C913,17,17B,1,C150,71,,N,B,Y,N,0,124,0
C459,08,8E,1,C150,70,,N,B,Y,N,0,124,0
C64,11,11C,1,C150,73,,N,B,Y,N,0,124,0
C254,07,7B,1,C150,79,,N,B,Y,N,0,124,0
C775,17,17B,1,C150,71,,N,B,Y,N,0,124,0
C160,06,6A,1,C150,45,,N,B,Y,N,0,124,0
C721,01,1C,1,C150,60,,N,B,Y,N,0,124,0
C967,17,17B,1,C150,71,,N,B,Y,N,0,124,0
C240,07,7B,1,C150,79,,N,B,Y,N,0,124,0
C65,11,11C,1,C150,73,,N,B,Y,N,0,124,0
C902,17,17B,1,C150,71,,N,B,Y,N,0,124,0
C809,17,17C,1,C150,44,,N,B,Y,N,0,124,0
C380,05,5R,1,C37,54,,N,B,Y,N,0,124,0
C37,17,17C,1,C37,44,,N,B,Y,N,0,124,0
C452,05,5R,1,C37,54,,N,B,Y,N,0,124,0
C463,17,17B,1,C463,71,C,N,B,Y,N,0,124,0
C468,09,9B,1,C463,73,C,N,B,Y,N,0,124,0
C819,17,17B,1,C810,71,,N,B,Y,N,0,124,0
C817,17,17B,1,C810,71,,N,B,Y,N,0,124,0
C810,17,17B,1,C810,71,,N,B,Y,N,0,124,0
C813,17,17B,1,C810,71,,N,B,Y,N,0,124,0
C814,17,17B,1,C810,71,,N,B,Y,N,0,124,0
C812,17,17B,1,C810,71,,N,B,Y,N,0,124,0
C811,17,17B,1,C810,71,,N,B,Y,N,0,124,0
C8388,17,17B,1,C820,71,C,N,B,Y,N,0,124,0
C826,17,17B,1,C820,71,,N,B,Y,N,0,124,0
C831,17,17B,1,C820,71,,N,B,Y,N,0,124,0
C843,17,17B,1,C820,71,C,N,B,Y,N,0,124,0
C825,17,17B,1,C820,71,,N,B,Y,N,0,124,0
C8381,17,17B,1,C820,71,C,N,B,Y,N,0,124,0
C847,17,17B,1,C820,71,C,N,B,Y,N,0,124,0
C851,17,17B,1,C820,71,C,N,B,Y,N,0,124,0
C8443,17,17B,1,C820,71,C,N,B,Y,N,0,124,0
C864,17,17B,1,C820,71,C,N,B,Y,N,0,124,0
C836,17,17B,1,C820,71,C,N,B,Y,N,0,124,0
C820,17,17B,1,C820,71,,N,B,Y,N,0,124,0
C824,17,17B,1,C820,71,C,N,B,Y,N,0,124,0
C8448,17,17B,1,C820,71,C,N,B,Y,N,0,124,0
C830,17,17B,1,C820,71,C,N,B,Y,N,0,124,0
C861,17,17B,1,C820,71,C,N,B,Y,N,0,124,0
C865,17,17B,1,C820,71,C,N,B,Y,N,0,124,0
C839,17,17B,1,C820,71,C,N,B,Y,N,0,124,0
C821,17,17B,1,C820,71,,N,B,Y,N,0,124,0
C829,17,17B,1,C820,71,,N,B,Y,N,0,124,0
C833,17,17B,1,C820,71,C,N,B,Y,N,0,124,0
C841,17,17B,1,C820,71,,N,B,Y,N,0,124,0
C840,17,17B,1,C820,71,,N,B,Y,N,0,124,0
C852,17,17B,1,C820,71,,N,B,Y,N,0,124,0
C859,17,17B,1,C820,71,C,N,B,Y,N,0,124,0
C845,17,17B,1,C820,71,C,N,B,Y,N,0,124,0
C860,17,17B,1,C820,71,C,N,B,Y,N,0,124,0
C835,17,17B,1,C820,71,C,N,B,Y,N,0,124,0
C8449,17,17B,1,C820,71,C,N,B,Y,N,0,124,0
C822,17,17B,1,C820,71,C,N,B,Y,N,0,124,0
C832,17,17B,1,C820,71,C,N,B,Y,N,0,124,0
C846,17,17B,1,C820,71,C,N,B,Y,N,0,124,0
C8380,17,17B,1,C820,71,C,N,B,Y,N,0,124,0
C857,17,17B,1,C820,71,,N,B,Y,N,0,124,0
C844,17,17B,1,C820,71,C,N,B,Y,N,0,124,0
C863,17,17B,1,C820,71,C,N,B,Y,N,0,124,0
C849,17,17B,1,C820,71,C,N,B,Y,N,0,124,0
C848,17,17B,1,C820,71,C,N,B,Y,N,0,124,0
C8442,17,17B,1,C820,71,C,N,B,Y,N,0,124,0
C866,17,17B,1,C820,71,C,N,B,Y,N,0,124,0
C850,17,17B,1,C820,71,,N,B,Y,N,0,124,0
C842,17,17B,1,C820,71,C,N,B,Y,N,0,124,0
C823,17,17B,1,C820,71,C,N,B,Y,N,0,124,0
C834,17,17B,1,C820,71,C,N,B,Y,N,0,124,0
C8440,17,17B,1,C820,71,C,N,B,Y,N,0,124,0
C827,17,17B,1,C820,71,,N,B,Y,N,0,124,0
C8441,17,17B,1,C820,71,C,N,B,Y,N,0,124,0
C862,17,17B,1,C820,71,C,N,B,Y,N,0,124,0
C838,17,17B,1,C820,71,C,N,B,Y,N,0,124,0
C837,17,17B,1,C837,71,C,N,B,Y,N,0,124,0
C880,17,17B,1,C880,71,,N,B,Y,N,0,124,0
C965,17,17B,1,C965,71,,N,B,Y,N,0,124,0
C966,17,17B,1,C966,71,,N,B,Y,N,0,124,0
D448,10,10E,1,D448,81,,N,B,Y,N,0,124,0
D561,16,16A,1,D500,102,,N,B,Y,N,0,124,0
D564,16,16A,1,D500,102,,N,B,Y,N,0,124,0
D528,16,16A,1,D500,102,E,N,B,Y,N,0,124,0
D5942,16,16A,1,D500,102,E,N,B,Y,N,0,124,0
D563,16,16A,1,D500,102,,N,B,Y,N,0,124,0
D529,16,16A,1,D500,102,E,N,B,Y,N,0,124,0
D568,16,16A,1,D500,102,,N,B,Y,N,0,124,0
D539,16,16A,1,D500,102,E,N,B,Y,N,0,124,0
D5940,16,16A,1,D500,102,E,N,B,Y,N,0,124,0
D591,16,16A,1,D500,102,E,N,B,Y,N,0,124,0
D592,16,16A,1,D500,102,E,N,B,Y,N,0,124,0
D5941,16,16A,1,D500,102,E,N,B,Y,N,0,124,0
D611,16,16A,1,D500,102,E,N,B,Y,N,0,124,0
D590,16,16A,1,D500,102,E,N,B,Y,N,0,124,0
D610,16,16A,1,D500,102,,N,B,Y,N,0,124,0
D500,16,16A,1,D500,102,E,N,B,Y,N,0,124,0
D509,16,16A,1,D500,102,E,N,B,Y,N,0,124,0
D642,16,16A,1,D500,102,,N,B,Y,N,0,124,0
D5948,16,16A,1,D500,102,E,N,B,Y,N,0,124,0
D594,16,16A,1,D500,102,E,N,B,Y,N,0,124,0
D62,16,16A,1,D500,102,,N,B,Y,N,0,124,0
D520,16,16A,1,D500,102,E,N,B,Y,N,0,124,0
D631,16,16A,1,D500,102,,N,B,N,N,0,124,0
D618,16,16A,1,D500,102,E,N,B,Y,N,0,124,0
D598,16,16A,1,D500,102,E,N,B,Y,N,0,124,0
D508,16,16A,1,D500,102,E,N,B,Y,N,0,124,0
D595,16,16A,1,D500,102,E,N,B,Y,N,0,124,0
D538,16,16A,1,D500,102,E,N,B,Y,N,0,124,0
D640,16,16A,1,D500,102,,N,B,Y,N,0,124,0
D630,16,16A,1,D500,102,,N,B,N,N,0,124,0
D619,16,16A,1,D500,102,E,N,B,Y,N,0,124,0
D531,16,16A,1,D500,102,E,N,B,Y,N,0,124,0
D613,16,16A,1,D500,102,E,N,B,Y,N,0,124,0
D589,16,16A,1,D500,102,,N,B,Y,N,0,124,0
D501,16,16A,1,D500,102,E,N,B,Y,N,0,124,0
D532,16,16A,1,D500,102,E,N,B,Y,N,0,124,0
D560,16,16A,1,D500,102,,N,B,Y,N,0,124,0
D562,16,16A,1,D500,102,,N,B,Y,N,0,124,0
D5943,16,16A,1,D500,102,E,N,B,Y,N,0,124,0
D601,16,16A,1,D500,102,E,N,B,Y,N,0,124,0
D530,16,16A,1,D500,102,E,N,B,Y,N,0,124,0
D593,16,16A,1,D500,102,E,N,B,Y,N,0,124,0
D609,16,16A,1,D500,102,E,N,B,Y,N,0,124,0
D596,16,16A,1,D500,102,E,N,B,Y,N,0,124,0
D599,16,16A,1,D500,102,E,N,B,Y,N,0,124,0
D612,16,16A,1,D500,102,E,N,B,Y,N,0,124,0
D521,16,16A,1,D500,102,E,N,B,Y,N,0,124,0
D600,16,16A,1,D500,102,E,N,B,Y,N,0,124,0
D641,16,16A,1,D500,102,,N,B,Y,N,0,124,0
D643,16,16A,1,D500,102,,N,B,Y,N,0,124,0
D608,16,16A,1,D500,102,E,N,B,Y,N,0,124,0
D569,16,16A,1,D569,102,,N,B,Y,N,0,124,0
D570,16,16A,1,D570,102,,N,B,Y,N,0,124,0
D571,16,16A,1,D570,102,,N,B,Y,N,0,124,0
D578,16,16A,1,D570,102,,N,B,Y,N,0,124,0
D638,16,16A,1,D638,102,,N,B,N,N,0,124,0
D694,16,16B,1,D65,29,,N,B,Y,N,0,124,0
D6881,16,16B,1,D65,29,,N,B,Y,N,0,124,0
D689,16,16B,1,D65,29,,N,B,Y,N,0,124,0
D684,16,16B,1,D65,29,,N,B,Y,N,0,124,0
D683,16,16B,1,D65,29,,N,B,Y,N,0,124,0
D65,16,16B,1,D65,29,,N,B,Y,N,0,124,0
D6880,16,16B,1,D65,29,,N,B,Y,N,0,124,0
D692,16,16B,1,D65,29,,N,B,Y,N,0,124,0
D696,16,16B,1,D65,29,E,N,B,Y,N,0,124,0
D698,16,16B,1,D65,29,,N,B,Y,N,0,124,0
D681,16,16B,1,D65,29,,N,B,Y,N,0,124,0
D695,16,16B,1,D65,29,E,N,B,Y,N,0,124,0
D686,16,16B,1,D65,29,,N,B,Y,N,0,124,0
D693,16,16B,1,D65,29,,N,B,Y,N,0,124,0
D699,16,16B,1,D65,29,,N,B,Y,N,0,124,0
D6888,16,16B,1,D65,29,,N,B,Y,N,0,124,0
D680,16,16B,1,D65,29,,N,B,Y,N,0,124,0
D67,16,16B,1,D65,29,,N,B,Y,N,0,124,0
D688,16,16B,1,D65,29,,N,B,Y,N,0,124,0
D66,16,16B,1,D66,29,,N,B,Y,N,0,124,0
D690,16,16B,1,D690,29,,N,B,Y,N,0,124,0
D70,16,16C,1,D70,31,E,N,B,Y,N,0,124,0
D71,16,16C,1,D70,31,,N,B,Y,N,0,124,0
D804,16,16C,1,D800,31,,N,B,Y,N,0,124,0
D803,16,16C,1,D800,31,,N,B,Y,N,0,124,0
D808,16,16C,1,D800,31,,N,B,Y,N,0,124,0
D806,16,16C,1,D800,31,,N,B,Y,N,0,124,0
D809,16,16C,1,D800,31,,N,B,Y,N,0,124,0
D800,16,16C,1,D800,31,,N,B,Y,N,0,124,0
D805,16,16C,1,D800,31,,N,B,Y,N,0,124,0
D807,16,16C,1,D800,31,,N,B,Y,N,0,124,0
D819,16,16C,1,D810,31,,N,B,Y,N,0,124,0
D820,16,16C,1,D810,31,,N,B,Y,N,0,124,0
D817,16,16C,1,D810,31,,N,B,Y,N,0,124,0
D811,16,16C,1,D810,31,,N,B,Y,N,0,124,0
D816,16,16C,1,D810,31,,N,B,Y,N,0,124,0
D810,16,16C,1,D810,31,,N,B,Y,N,0,124,0
D830,16,16C,1,D810,31,,N,B,Y,N,0,124,0
D818,16,16C,1,D810,31,,N,B,Y,N,0,124,0
D840,16,16C,1,D810,31,,N,B,Y,N,0,124,0
D823,16,16C,1,D810,31,,N,B,Y,N,0,124,0
D829,16,16C,1,D810,31,,N,B,Y,N,0,124,0
D821,16,16C,1,D810,31,,N,B,Y,N,0,124,0
D828,16,16C,1,D810,31,,N,B,Y,N,0,124,0
D838,16,16C,1,D810,31,,N,B,Y,N,0,124,0
D841,16,16C,1,D810,31,,N,B,Y,N,0,124,0
D839,16,16C,1,D810,31,,N,B,Y,N,0,124,0
D822,16,16C,1,D810,31,,N,B,Y,N,0,124,0
D814,16,16C,1,D810,31,,N,B,Y,N,0,124,0
D832,16,16C,1,D810,31,,N,B,Y,N,0,124,0
D812,16,16C,1,D810,31,,N,B,Y,N,0,124,0
D848,16,16C,1,D810,31,,N,B,Y,N,0,124,0
D824,16,16C,1,D810,31,,N,B,Y,N,0,124,0
D831,16,16C,1,D810,31,,N,B,Y,N,0,124,0
D849,16,16C,1,D810,31,,N,B,Y,N,0,124,0
D860,04,4P,1,D860,73,,N,B,Y,N,0,124,0
D863,04,4P,1,D860,73,,N,B,Y,N,0,124,0
D862,04,4P,1,D860,73,,N,B,Y,N,0,124,0
D861,04,4P,1,D860,73,,N,B,Y,N,0,124,0
D868,04,4P,1,D868,73,,N,B,Y,N,0,124,0
D869,04,4P,1,D869,73,,N,B,Y,N,0,124,0
E035,10,10E,1,E035,2,,N,B,Y,N,0,124,0
E051,10,10E,1,E050,81,,N,B,Y,N,0,124,0
E052,10,10E,1,E050,81,,N,B,Y,N,0,124,0
E058,10,10E,1,E050,81,,N,B,Y,N,0,124,0
E053,10,10E,1,E050,81,,N,B,Y,N,0,124,0
E050,10,10E,1,E050,81,,N,B,Y,N,0,124,0
E054,10,10E,1,E050,81,,N,B,Y,N,0,124,0
E055,10,10E,1,E050,81,,N,B,Y,N,0,124,0
E059,10,10E,1,E059,81,,N,B,Y,N,0,124,0
E144,01,1J,1,E100,93,,N,B,Y,N,0,124,0
E103,02,2D,1,E100,58,,N,B,Y,N,0,124,0
E122,11,11H,1,E100,84,,N,B,Y,N,0,124,0
E891,10,10C,1,E100,95,,N,B,Y,N,0,124,0
E132,11,11H,1,E100,84,,N,B,Y,N,0,124,0
E140,10,10A,1,E100,95,,N,B,Y,N,0,124,0
E117,10,10A,1,E100,95,,N,B,Y,N,0,124,0
E112,11,11H,1,E100,84,,N,B,Y,N,0,124,0
E113,02,2D,1,E100,58,,N,B,Y,N,0,124,0
E111,10,10A,1,E100,95,,N,B,Y,N,0,124,0
E109,10,10F,1,E100,95,,N,B,Y,N,0,124,0
E108,10,10A,1,E100,95,,N,B,Y,N,0,124,0
E131,10,10A,1,E100,95,,N,B,Y,N,0,124,0
E110,10,10A,1,E100,95,,N,B,Y,N,0,124,0
E127,10,10A,1,E100,95,,N,B,Y,N,0,124,0
E15,10,10C,1,E100,40,,N,B,Y,N,0,124,0
E114,01,1J,1,E100,93,,N,B,Y,N,0,124,0
E120,10,10A,1,E100,95,,N,B,Y,N,0,124,0
E121,10,10A,1,E100,95,,N,B,Y,N,0,124,0
E143,02,2D,1,E100,58,,N,B,Y,N,0,124,0
E142,11,11H,1,E100,84,,N,B,Y,N,0,124,0
E100,10,10A,1,E100,95,,N,B,Y,N,0,124,0
E145,05,5F,1,E100,51,,N,B,Y,N,0,124,0
E130,10,10A,1,E100,95,,N,B,Y,N,0,124,0
E133,02,2D,1,E100,58,,N,B,Y,N,0,124,0
E134,01,1J,1,E100,93,,N,B,Y,N,0,124,0
E123,02,2D,1,E100,58,,N,B,Y,N,0,124,0
E147,10,10A,1,E100,95,,N,B,Y,N,0,124,0
E124,01,1J,1,E100,93,,N,B,Y,N,0,124,0
E104,01,1J,1,E100,93,,N,B,Y,N,0,124,0
E107,10,10A,1,E100,95,,N,B,Y,N,0,124,0
E101,10,10A,1,E100,95,,N,B,Y,N,0,124,0
E141,10,10A,1,E100,95,,N,B,Y,N,0,124,0
E137,10,10A,1,E100,95,,N,B,Y,N,0,124,0
E102,11,11H,1,E100,84,,N,B,Y,N,0,124,0
E115,05,5F,1,E105,51,,N,B,Y,N,0,124,0
E105,05,5F,1,E105,51,,N,B,Y,N,0,124,0
E135,05,5F,1,E105,51,,N,B,Y,N,0,124,0
E125,05,5F,1,E105,51,,N,B,Y,N,0,124,0
E126,10,10A,1,E106,95,,N,B,Y,N,0,124,0
E136,10,10A,1,E106,95,,N,B,Y,N,0,124,0
E116,10,10A,1,E106,95,,N,B,Y,N,0,124,0
E106,10,10A,1,E106,95,,N,B,Y,N,0,124,0
E146,10,10A,1,E146,95,,N,B,Y,N,0,124,0
E209,10,10E,1,E200,81,,N,B,Y,N,0,124,0
E200,10,10E,1,E200,81,,N,B,Y,N,0,124,0
E201,10,10C,1,E200,40,,N,B,Y,N,0,124,0
E208,10,10E,1,E200,81,,N,B,Y,N,0,124,0
E210,10,10E,1,E210,81,,N,B,Y,N,0,124,0
E212,10,10E,1,E211,81,,N,B,Y,N,0,124,0
E211,10,10E,1,E211,81,,N,B,Y,N,0,124,0
E892,10,10E,1,E211,81,,N,B,Y,N,0,124,0
E213,10,10E,1,E213,81,,N,B,Y,N,0,124,0
E230,10,10E,1,E230,81,,N,B,Y,N,0,124,0
E232,10,10E,1,E232,81,,N,B,Y,N,0,124,0
E240,10,10E,1,E240,81,,N,B,Y,N,0,124,0
E243,10,10E,1,E240,81,,N,B,Y,N,0,124,0
E242,10,10E,1,E240,81,,N,B,Y,N,0,124,0
E241,10,10E,1,E240,81,,N,B,Y,N,0,124,0
E244,10,10E,1,E240,81,,N,B,Y,N,0,124,0
E248,10,10E,1,E240,81,,N,B,Y,N,0,124,0
E249,10,10E,1,E249,81,,N,B,Y,N,0,124,0
E271,10,10E,1,E270,81,,N,B,Y,N,0,124,0
E896,10,10E,1,E270,81,,N,B,Y,N,0,124,0
E272,10,10E,1,E270,81,,N,B,Y,N,0,124,0
E274,10,10E,1,E270,81,,N,B,Y,N,0,124,0
E275,10,10E,1,E270,81,,N,B,Y,N,0,124,0
E273,10,10E,1,E270,81,,N,B,Y,N,0,124,0
E270,10,10E,1,E270,81,,N,B,Y,N,0,124,0
E318,10,10E,1,E310,81,,N,B,Y,N,0,124,0
E319,10,10E,1,E310,81,,N,B,Y,N,0,124,0
E311,10,10E,1,E310,81,,N,B,Y,N,0,124,0
E310,10,10E,1,E310,81,,N,B,Y,N,0,124,0
E321,16,16C,1,E321,31,,N,B,Y,N,0,124,0
E340,10,10E,1,E340,81,,N,B,Y,N,0,124,0
E40,10,10B,1,E40,39,E,N,B,Y,N,0,124,0
E41,10,10B,1,E40,39,E,N,B,Y,N,0,124,0
E42,10,10B,1,E40,39,E,N,B,Y,N,0,124,0
E538,10,10C,1,E538,40,E,N,B,Y,N,0,124,0
E610,10,10C,1,E610,40,E,N,B,Y,N,0,124,0
E611,10,10C,1,E611,40,E,N,B,Y,N,0,124,0
E617,10,10C,1,E617,40,E,N,B,Y,N,0,124,0
E840,04,4A,1,E840,34,,N,B,Y,N,0,124,0
E848,04,4A,1,E840,34,,N,B,Y,N,0,124,0
E849,04,4A,1,E840,34,,N,B,Y,N,0,124,0
E841,06,6J,1,E841,78,,N,B,Y,N,0,124,0
E873,10,10C,1,E870,104,,N,B,Y,N,0,124,0
E872,10,10C,1,E870,104,,N,B,Y,N,0,124,0
E875,10,10C,1,E870,104,,N,B,Y,N,0,124,0
E878,10,10C,1,E870,104,,N,B,Y,N,0,124,0
E876,10,10C,1,E870,104,,N,B,Y,N,0,124,0
E874,10,10C,1,E870,104,,N,B,Y,N,0,124,0
E870,10,10C,1,E870,104,,N,B,Y,N,0,124,0
E871,10,10C,1,E870,104,,N,B,Y,N,0,124,0
F0243,25,25A,1,F000,72,B,N,B,N,N,0,124,0
F033,19,19K,1,F000,72,,N,B,Y,N,0,124,0
F0012,19,19K,1,F000,72,,N,B,N,N,0,124,0
F001,19,19K,1,F000,72,,N,B,N,N,0,124,0
F009,19,19K,1,F000,72,,N,B,N,N,0,124,0
F0022,19,19K,1,F000,72,,N,B,N,N,0,124,0
F0011,19,19K,1,F000,72,,N,B,N,N,0,124,0
F0244,25,25A,1,F000,72,B,N,B,N,N,0,124,0
F0002,19,19K,1,F000,72,,N,B,N,N,0,124,0
F031,19,19K,1,F000,72,,N,B,Y,N,0,124,0
F0003,19,19K,1,F000,72,,N,B,N,N,0,124,0
F0010,19,19K,1,F000,72,,N,B,N,N,0,124,0
F0094,19,19K,1,F000,72,,N,B,N,N,0,124,0
F0091,19,19K,1,F000,72,,N,B,N,N,0,124,0
F0024,19,19K,1,F000,72,,N,B,N,N,0,124,0
F0092,19,19K,1,F000,72,,N,B,N,N,0,124,0
F0090,19,19K,1,F000,72,,N,B,N,N,0,124,0
F0021,19,19K,1,F000,72,,N,B,N,N,0,124,0
F032,19,19K,1,F000,72,,N,B,Y,N,0,124,0
F0013,19,19K,1,F000,72,,N,B,N,N,0,124,0
F000,19,19K,1,F000,72,,N,B,N,N,0,124,0
F0093,19,19K,1,F000,72,,N,B,N,N,0,124,0
F0020,19,19K,1,F000,72,,N,B,N,N,0,124,0
F0014,19,19K,1,F000,72,,N,B,N,N,0,124,0
F0023,19,19K,1,F000,72,,N,B,N,N,0,124,0
F0000,19,19K,1,F000,72,,N,B,N,N,0,124,0
F0241,25,25A,1,F000,72,B,N,B,N,N,0,124,0
F03,19,19K,1,F000,72,,N,B,Y,N,16,124,0
F030,19,19K,1,F000,72,,N,B,Y,N,0,124,0
F0242,25,25A,1,F000,72,B,N,B,N,N,0,124,0
F0240,25,25A,1,F000,72,B,N,B,N,N,0,124,0
F002,19,19K,1,F000,72,,N,B,N,N,0,124,0
F0001,19,19K,1,F000,72,,N,B,N,N,0,124,0
F034,19,19K,1,F000,72,,N,B,Y,N,0,124,0
F024,25,25A,1,F000,72,B,N,B,N,N,0,124,0
F0004,19,19K,1,F000,72,,N,B,N,N,0,124,0
F0110,19,19K,1,F010,72,,N,B,Y,N,0,124,0
F0121,19,19K,1,F010,72,,N,B,Y,N,0,124,0
F0130,19,19K,1,F010,72,,N,B,Y,N,0,124,0
F0134,19,19K,1,F010,72,,N,B,Y,N,0,124,0
F012,19,19K,1,F010,72,,N,B,Y,N,16,124,0
F0123,19,19K,1,F010,72,,N,B,Y,N,0,124,0
F0132,19,19K,1,F010,72,,N,B,Y,N,0,124,0
F010,19,19K,1,F010,72,,N,B,Y,N,16,124,0
F0184,19,19K,1,F010,72,,N,B,Y,N,0,124,0
F0120,19,19K,1,F010,72,,N,B,Y,N,0,124,0
F0192,19,19K,1,F010,72,,N,B,Y,N,0,124,0
F0131,19,19K,1,F010,72,,N,B,Y,N,0,124,0
F0191,19,19K,1,F010,72,,N,B,Y,N,0,124,0
F0100,19,19K,1,F010,72,,N,B,Y,N,0,124,0
F011,19,19K,1,F010,72,,N,B,Y,N,16,124,0
F018,19,19K,1,F010,72,,N,B,Y,N,16,124,0
F0182,19,19K,1,F010,72,,N,B,Y,N,0,124,0
F0194,19,19K,1,F010,72,,N,B,Y,N,0,124,0
F0180,19,19K,1,F010,72,,N,B,Y,N,0,124,0
F0113,19,19K,1,F010,72,,N,B,Y,N,0,124,0
F0122,19,19K,1,F010,72,,N,B,Y,N,0,124,0
F0101,19,19K,1,F010,72,,N,B,Y,N,0,124,0
F0104,19,19K,1,F010,72,,N,B,Y,N,0,124,0
F0103,19,19K,1,F010,72,,N,B,Y,N,0,124,0
F013,19,19K,1,F010,72,,N,B,Y,N,16,124,0
F0102,19,19K,1,F010,72,,N,B,Y,N,0,124,0
F0181,19,19K,1,F010,72,,N,B,Y,N,0,124,0
F0190,19,19K,1,F010,72,,N,B,Y,N,0,124,0
F0193,19,19K,1,F010,72,,N,B,Y,N,0,124,0
F0183,19,19K,1,F010,72,,N,B,Y,N,0,124,0
F0111,19,19K,1,F010,72,,N,B,Y,N,0,124,0
F0114,19,19K,1,F010,72,,N,B,Y,N,0,124,0
F0112,19,19K,1,F010,72,,N,B,Y,N,0,124,0
F0124,19,19K,1,F010,72,,N,B,Y,N,0,124,0
F019,19,19K,1,F010,72,,N,B,Y,N,16,124,0
F0133,19,19K,1,F010,72,,N,B,Y,N,0,124,0
F0232,19,19K,1,F020,72,,N,B,N,N,0,124,0
F0214,19,19K,1,F020,72,,N,B,N,N,0,124,0
F022,19,19K,1,F020,72,,N,B,N,N,0,124,0
F0234,19,19K,1,F020,72,,N,B,N,N,0,124,0
F0224,19,19K,1,F020,72,,N,B,N,N,0,124,0
F0201,19,19K,1,F020,72,,N,B,N,N,0,124,0
F0230,19,19K,1,F020,72,,N,B,N,N,0,124,0
F020,19,19K,1,F020,72,,N,B,N,N,0,124,0
F0221,19,19K,1,F020,72,,N,B,N,N,0,124,0
F0213,19,19K,1,F020,72,,N,B,N,N,0,124,0
F0233,19,19K,1,F020,72,,N,B,N,N,0,124,0
F0202,19,19K,1,F020,72,,N,B,N,N,0,124,0
F0212,19,19K,1,F020,72,,N,B,N,N,0,124,0
F0200,19,19K,1,F020,72,,N,B,N,N,0,124,0
F0231,19,19K,1,F020,72,,N,B,N,N,0,124,0
F023,19,19K,1,F020,72,,N,B,N,N,0,124,0
F0203,19,19K,1,F020,72,,N,B,N,N,0,124,0
F0210,19,19K,1,F020,72,,N,B,N,N,0,124,0
F0223,19,19K,1,F020,72,,N,B,N,N,0,124,0
F0204,19,19K,1,F020,72,,N,B,N,N,0,124,0
F021,19,19K,1,F020,72,,N,B,N,N,0,124,0
F0220,19,19K,1,F020,72,,N,B,N,N,0,124,0
F0222,19,19K,1,F020,72,,N,B,N,N,0,124,0
F0211,19,19K,1,F020,72,,N,B,N,N,0,124,0
F04,19,19K,1,F04,72,,N,B,Y,N,0,124,0
F051,19,19K,1,F050,72,B,N,B,Y,N,0,124,0
F050,19,19A,1,F050,72,,N,B,Y,N,0,124,0
F058,19,19K,1,F058,72,,N,B,Y,N,0,124,0
F059,19,19A,1,F058,72,,N,B,Y,N,0,124,0
F105,20,20A,1,F060,106,,N,B,Y,N,0,124,0
F1241,20,20B,1,F060,106,,N,B,Y,N,0,124,0
F1431,20,20B,1,F060,106,,N,B,Y,N,0,124,0
F1675,20,20B,1,F060,106,,N,B,Y,N,0,124,0
F189,20,20B,1,F060,106,,N,B,Y,N,0,124,0
F1072,20,20A,1,F060,106,,N,B,Y,N,0,124,0
F133,20,20B,1,F060,106,,N,B,Y,N,0,124,0
F144,20,20B,1,F060,106,,N,B,Y,N,0,124,0
F185,20,20B,1,F060,106,,N,B,Y,N,0,124,0
F1855,20,20B,1,F060,106,,N,B,Y,N,0,124,0
F1130,20,20B,1,F060,106,,N,B,Y,N,0,124,0
F1053,20,20A,1,F060,106,,N,B,Y,N,0,124,0
F187,20,20B,1,F060,106,,N,B,Y,N,0,124,0
F1451,20,20B,1,F060,106,,N,B,Y,N,0,124,0
F1575,20,20B,1,F060,106,,N,B,Y,N,0,124,0
F136,20,20B,1,F060,106,,N,B,Y,N,0,124,0
F1350,20,20B,1,F060,106,,N,B,Y,N,0,124,0
F1552,20,20B,1,F060,106,,N,B,Y,N,0,124,0
F1656,20,20B,1,F060,106,,N,B,Y,N,0,124,0
F1430,20,20B,1,F060,106,,N,B,Y,N,0,124,0
F1371,20,20B,1,F060,106,,N,B,Y,N,0,124,0
F1674,20,20B,1,F060,106,,N,B,Y,N,0,124,0
F1573,20,20B,1,F060,106,,N,B,Y,N,0,124,0
F1230,20,20B,1,F060,106,,N,B,Y,N,0,124,0
F128,20,20B,1,F060,106,,N,B,Y,N,0,124,0
F1654,20,20B,1,F060,106,,N,B,Y,N,0,124,0
F1641,20,20B,1,F060,106,,N,B,Y,N,0,124,0
F1952,20,20B,1,F060,106,,N,B,Y,N,0,124,0
F1850,20,20B,1,F060,106,,N,B,Y,N,0,124,0
F1975,20,20B,1,F060,106,,N,B,Y,N,0,124,0
F1071,19,19K,1,F060,106,,N,B,Y,N,0,124,0
F115,20,20B,1,F060,106,,N,B,Y,N,0,124,0
F124,20,20B,1,F060,106,,N,B,Y,N,0,124,0
F107,20,20A,1,F060,106,,N,B,Y,N,0,124,0
F1054,20,20A,1,F060,106,,N,B,Y,N,0,124,0
F1270,20,20B,1,F060,106,,N,B,Y,N,0,124,0
F1553,20,20B,1,F060,106,,N,B,Y,N,0,124,0
F1841,20,20B,1,F060,106,,N,B,Y,N,0,124,0
F1574,20,20B,1,F060,106,,N,B,Y,N,0,124,0
F1171,20,20B,1,F060,106,,N,B,Y,N,0,124,0
F1256,20,20B,1,F060,106,,N,B,Y,N,0,124,0
F143,20,20B,1,F060,106,,N,B,Y,N,0,124,0
F1631,20,20B,1,F060,106,,N,B,Y,N,0,124,0
F1055,20,20A,1,F060,106,,N,B,Y,N,0,124,0
F1851,20,20B,1,F060,106,,N,B,Y,N,0,124,0
F1831,20,20B,1,F060,106,,N,B,Y,N,0,124,0
F1051,20,20A,1,F060,106,,N,B,Y,N,0,124,0
F1050,20,20A,1,F060,106,,N,B,Y,N,0,124,0
F165,20,20B,1,F060,106,,N,B,Y,N,0,124,0
F195,20,20B,1,F060,106,,N,B,Y,N,0,124,0
F1355,20,20B,1,F060,106,,N,B,Y,N,0,124,0
F1931,20,20B,1,F060,106,,N,B,Y,N,0,124,0
F1454,20,20B,1,F060,106,,N,B,Y,N,0,124,0
F1551,20,20B,1,F060,106,,N,B,Y,N,0,124,0
F146,20,20B,1,F060,106,,N,B,Y,N,0,124,0
F1040,20,20A,1,F060,106,,N,B,Y,N,0,124,0
F104,20,20A,1,F060,106,,N,B,Y,N,0,124,0
F1653,20,20B,1,F060,106,,N,B,Y,N,0,124,0
F1271,20,20B,1,F060,106,,N,B,Y,N,0,124,0
F1670,20,20B,1,F060,106,,N,B,Y,N,0,124,0
F126,20,20B,1,F060,106,,N,B,Y,N,0,124,0
F159,20,20B,1,F060,106,,N,B,Y,N,0,124,0
F1472,20,20B,1,F060,106,,N,B,Y,N,0,124,0
F1253,20,20B,1,F060,106,,N,B,Y,N,0,124,0
F154,20,20B,1,F060,106,,N,B,Y,N,0,124,0
F1351,20,20B,1,F060,106,,N,B,Y,N,0,124,0
F1840,20,20B,1,F060,106,,N,B,Y,N,0,124,0
F1874,20,20B,1,F060,106,,N,B,Y,N,0,124,0
F1473,20,20B,1,F060,106,,N,B,Y,N,0,124,0
F125,20,20B,1,F060,106,,N,B,Y,N,0,124,0
F1074,20,20A,1,F060,106,,N,B,Y,N,0,124,0
F1231,20,20B,1,F060,106,,N,B,Y,N,0,124,0
F0630,19,19K,1,F060,72,,N,B,Y,N,0,124,0
F138,20,20B,1,F060,106,,N,B,Y,N,0,124,0
F1340,20,20B,1,F060,106,,N,B,Y,N,0,124,0
F066,19,19K,1,F060,72,,N,B,Y,N,0,124,0
F127,20,20B,1,F060,106,,N,B,Y,N,0,124,0
F147,20,20B,1,F060,106,,N,B,Y,N,0,124,0
F1441,20,20B,1,F060,106,,N,B,Y,N,0,124,0
F1172,20,20B,1,F060,106,,N,B,Y,N,0,124,0
F1456,20,20B,1,F060,106,,N,B,Y,N,0,124,0
F1954,20,20B,1,F060,106,,N,B,Y,N,0,124,0
F1450,20,20B,1,F060,106,,N,B,Y,N,0,124,0
F1541,20,20B,1,F060,106,,N,B,Y,N,0,124,0
F186,20,20B,1,F060,106,,N,B,Y,N,0,124,0
F060,19,19K,1,F060,72,,N,B,Y,N,0,124,0
F1973,20,20B,1,F060,106,,N,B,Y,N,0,124,0
F1955,20,20B,1,F060,106,,N,B,Y,N,0,124,0
F1555,20,20B,1,F060,106,,N,B,Y,N,0,124,0
F1873,20,20B,1,F060,106,,N,B,Y,N,0,124,0
F1150,20,20B,1,F060,106,,N,B,Y,N,0,124,0
F114,20,20B,1,F060,106,,N,B,Y,N,0,124,0
F1471,20,20B,1,F060,106,,N,B,Y,N,0,124,0
F1156,20,20B,1,F060,106,,N,B,Y,N,0,124,0
F1531,20,20B,1,F060,106,,N,B,Y,N,0,124,0
F145,20,20B,1,F060,106,,N,B,Y,N,0,124,0
F1141,20,20B,1,F060,106,,N,B,Y,N,0,124,0
F061,19,19K,1,F060,72,,N,B,Y,N,0,124,0
F1254,20,20B,1,F060,106,,N,B,Y,N,0,124,0
F1974,20,20B,1,F060,106,,N,B,Y,N,0,124,0
F1070,20,20A,1,F060,106,,N,B,Y,N,0,124,0
F103,20,20A,1,F060,106,,N,B,Y,N,0,124,0
F129,20,20B,1,F060,106,,N,B,Y,N,0,124,0
F156,20,20B,1,F060,106,,N,B,Y,N,0,124,0
F1852,20,20B,1,F060,106,,N,B,Y,N,0,124,0
F1655,20,20B,1,F060,106,,N,B,Y,N,0,124,0
F0633,19,19K,1,F060,72,,N,B,Y,N,0,124,0
F108,20,20A,1,F060,106,,N,B,Y,N,0,124,0
F1872,20,20B,1,F060,106,,N,B,Y,N,0,124,0
F163,20,20B,1,F060,106,,N,B,Y,N,0,124,0
F155,20,20B,1,F060,106,,N,B,Y,N,0,124,0
F1375,20,20B,1,F060,106,,N,B,Y,N,0,124,0
F1651,20,20B,1,F060,106,,N,B,Y,N,0,124,0
F183,20,20B,1,F060,106,,N,B,Y,N,0,124,0
F1140,20,20B,1,F060,106,,N,B,Y,N,0,124,0
F197,20,20B,1,F060,106,,N,B,Y,N,0,124,0
F062,19,19K,1,F060,72,,N,B,Y,N,0,124,0
F1440,20,20B,1,F060,106,,N,B,Y,N,0,124,0
F1352,20,20B,1,F060,106,,N,B,Y,N,0,124,0
F1154,20,20B,1,F060,106,,N,B,Y,N,0,124,0
F1341,20,20B,1,F060,106,,N,B,Y,N,0,124,0
F194,20,20B,1,F060,106,,N,B,Y,N,0,124,0
F1530,20,20B,1,F060,106,,N,B,Y,N,0,124,0
F1640,20,20B,1,F060,106,,N,B,Y,N,0,124,0
F1155,20,20B,1,F060,106,,N,B,Y,N,0,124,0
F1373,20,20B,1,F060,106,,N,B,Y,N,0,124,0
F137,20,20B,1,F060,106,,N,B,Y,N,0,124,0
F106,20,20C,1,F060,106,,N,B,Y,N,0,124,0
F135,20,20B,1,F060,106,,N,B,Y,N,0,124,0
F1556,20,20B,1,F060,106,,N,B,Y,N,0,124,0
F1672,20,20B,1,F060,106,,N,B,Y,N,0,124,0
F1950,20,20B,1,F060,106,,N,B,Y,N,0,124,0
F1056,20,20A,1,F060,106,,N,B,Y,N,0,124,0
F1250,20,20B,1,F060,106,,N,B,Y,N,0,124,0
F1554,20,20B,1,F060,106,,N,B,Y,N,0,124,0
F1854,20,20B,1,F060,106,,N,B,Y,N,0,124,0
F1940,20,20B,1,F060,106,,N,B,Y,N,0,124,0
F1941,20,20B,1,F060,106,,N,B,Y,N,0,124,0
F1240,20,20B,1,F060,106,,N,B,Y,N,0,124,0
F134,20,20B,1,F060,106,,N,B,Y,N,0,124,0
F198,20,20B,1,F060,106,,N,B,Y,N,0,124,0
F1052,20,20A,1,F060,106,,N,B,Y,N,0,124,0
F149,20,20B,1,F060,106,,N,B,Y,N,0,124,0
F1251,20,20B,1,F060,106,,N,B,Y,N,0,124,0
F1570,20,20B,1,F060,106,,N,B,Y,N,0,124,0
F1372,20,20B,1,F060,106,,N,B,Y,N,0,124,0
F116,20,20B,1,F060,106,,N,B,Y,N,0,124,0
F123,20,20B,1,F060,106,,N,B,Y,N,0,124,0
F167,20,20B,1,F060,106,,N,B,Y,N,0,124,0
F1956,20,20B,1,F060,106,,N,B,Y,N,0,124,0
F065,19,19K,1,F060,72,,N,B,Y,N,0,124,0
F1353,20,20B,1,F060,106,,N,B,Y,N,0,124,0
F1871,20,20B,1,F060,106,,N,B,Y,N,0,124,0
F1173,20,20B,1,F060,106,,N,B,Y,N,0,124,0
F1875,20,20B,1,F060,106,,N,B,Y,N,0,124,0
F153,20,20B,1,F060,106,,N,B,Y,N,0,124,0
F1630,20,20B,1,F060,106,,N,B,Y,N,0,124,0
F1073,20,20A,1,F060,106,,N,B,Y,N,0,124,0
F1255,20,20B,1,F060,106,,N,B,Y,N,0,124,0
F169,20,20B,1,F060,106,,N,B,Y,N,0,124,0
F1853,20,20B,1,F060,106,,N,B,Y,N,0,124,0
F168,20,20B,1,F060,106,,N,B,Y,N,0,124,0
F1330,20,20B,1,F060,106,,N,B,Y,N,0,124,0
F188,20,20B,1,F060,106,,N,B,Y,N,0,124,0
F1170,20,20B,1,F060,106,,N,B,Y,N,0,124,0
F1673,20,20B,1,F060,106,,N,B,Y,N,0,124,0
F1075,20,20A,1,F060,106,,N,B,Y,N,0,124,0
F1671,20,20B,1,F060,106,,N,B,Y,N,0,124,0
F1550,20,20B,1,F060,106,,N,B,Y,N,0,124,0
F158,20,20B,1,F060,106,,N,B,Y,N,0,124,0
F1650,20,20B,1,F060,106,,N,B,Y,N,0,124,0
F1152,20,20B,1,F060,106,,N,B,Y,N,0,124,0
F1970,20,20B,1,F060,106,,N,B,Y,N,0,124,0
F1540,20,20B,1,F060,106,,N,B,Y,N,0,124,0
F1030,20,20A,1,F060,106,,N,B,Y,N,0,124,0
F064,19,19K,1,F060,72,,N,B,Y,N,0,124,0
F1930,20,20B,1,F060,106,,N,B,Y,N,0,124,0
F1151,20,20B,1,F060,106,,N,B,Y,N,0,124,0
F1474,20,20B,1,F060,106,,N,B,Y,N,0,124,0
F1971,20,20B,1,F060,106,,N,B,Y,N,0,124,0
F1370,20,20B,1,F060,106,,N,B,Y,N,0,124,0
F166,20,20B,1,F060,106,,N,B,Y,N,0,124,0
F063,19,19K,1,F060,72,,N,B,Y,N,0,124,0
F1951,20,20B,1,F060,106,,N,B,Y,N,0,124,0
F1175,20,20B,1,F060,106,,N,B,Y,N,0,124,0
F157,20,20B,1,F060,106,,N,B,Y,N,0,124,0
F1274,20,20B,1,F060,106,,N,B,Y,N,0,124,0
F1356,20,20B,1,F060,106,,N,B,Y,N,0,124,0
F1174,20,20B,1,F060,106,,N,B,Y,N,0,124,0
F1652,20,20B,1,F060,106,,N,B,Y,N,0,124,0
F1572,20,20B,1,F060,106,,N,B,Y,N,0,124,0
F1354,20,20B,1,F060,106,,N,B,Y,N,0,124,0
F117,20,20B,1,F060,106,,N,B,Y,N,0,124,0
F1972,20,20B,1,F060,106,,N,B,Y,N,0,124,0
F1252,20,20B,1,F060,106,,N,B,Y,N,0,124,0
F1275,20,20B,1,F060,106,,N,B,Y,N,0,124,0
F1870,20,20B,1,F060,106,,N,B,Y,N,0,124,0
F1331,20,20B,1,F060,106,,N,B,Y,N,0,124,0
F1452,20,20B,1,F060,106,,N,B,Y,N,0,124,0
F184,20,20B,1,F060,106,,N,B,Y,N,0,124,0
F109,20,20A,1,F060,106,,N,B,Y,N,0,124,0
F1470,20,20B,1,F060,106,,N,B,Y,N,0,124,0
F1031,20,20A,1,F060,106,,N,B,Y,N,0,124,0
F113,20,20B,1,F060,106,,N,B,Y,N,0,124,0
F1272,20,20B,1,F060,106,,N,B,Y,N,0,124,0
F118,20,20B,1,F060,106,,N,B,Y,N,0,124,0
F0632,19,19K,1,F060,72,,N,B,Y,N,0,124,0
F1571,20,20B,1,F060,106,,N,B,Y,N,0,124,0
F148,20,20B,1,F060,106,,N,B,Y,N,0,124,0
F1856,20,20B,1,F060,106,,N,B,Y,N,0,124,0
F1475,20,20B,1,F060,106,,N,B,Y,N,0,124,0
F1041,20,20A,1,F060,106,,N,B,Y,N,0,124,0
F196,20,20B,1,F060,106,,N,B,Y,N,0,124,0
F139,20,20B,1,F060,106,,N,B,Y,N,0,124,0
F1374,20,20B,1,F060,106,,N,B,Y,N,0,124,0
F0631,19,19K,1,F060,72,,N,B,Y,N,0,124,0
F1131,20,20B,1,F060,106,,N,B,Y,N,0,124,0
F164,20,20B,1,F060,106,,N,B,Y,N,0,124,0
F119,20,20B,1,F060,106,,N,B,Y,N,0,124,0
F1453,20,20B,1,F060,106,,N,B,Y,N,0,124,0
F1830,20,20B,1,F060,106,,N,B,Y,N,0,124,0
F1455,20,20B,1,F060,106,,N,B,Y,N,0,124,0
F1953,20,20B,1,F060,106,,N,B,Y,N,0,124,0
F1153,20,20B,1,F060,106,,N,B,Y,N,0,124,0
F1273,20,20B,1,F060,106,,N,B,Y,N,0,124,0
F070,19,19K,1,F070,72,,N,B,Y,N,0,124,0
F1805,20,20F,1,F1003,106,,N,B,Y,N,0,124,0
F1320,20,20F,1,F1003,106,,N,B,Y,N,0,124,0
F1823,20,20F,1,F1003,106,,N,B,Y,N,0,124,0
F1603,20,20F,1,F1003,106,,N,B,Y,N,0,124,0
F1300,20,20F,1,F1003,106,,N,B,Y,N,0,124,0
F1025,20,20C,1,F1003,106,,N,B,Y,N,0,124,0
F1022,20,20C,1,F1003,106,,N,B,Y,N,0,124,0
F1600,20,20F,1,F1003,106,,N,B,Y,N,0,124,0
F1106,20,20D,1,F1003,106,,N,B,Y,N,0,124,0
F1423,20,20F,1,F1003,106,,N,B,Y,N,0,124,0
F1104,20,20D,1,F1003,106,,N,B,Y,N,0,124,0
F1024,20,20C,1,F1003,106,,N,B,Y,N,0,124,0
F1620,20,20F,1,F1003,106,,N,B,Y,N,0,124,0
F1802,20,20F,1,F1003,106,,N,B,Y,N,0,124,0
F1021,20,20C,1,F1003,106,,N,B,Y,N,0,124,0
F1522,20,20E,1,F1003,106,,N,B,Y,N,0,124,0
F1102,20,20D,1,F1003,106,,N,B,Y,N,0,124,0
F1900,20,20F,1,F1003,106,,N,B,Y,N,0,124,0
F1605,20,20F,1,F1003,106,,N,B,Y,N,0,124,0
F101,20,20A,1,F1003,106,,N,B,Y,N,0,124,0
F1905,20,20F,1,F1003,106,,N,B,Y,N,0,124,0
F1723,20,20F,1,F1003,106,,N,B,Y,N,0,124,0
F1925,20,20F,1,F1003,106,,N,B,Y,N,0,124,0
F1826,20,20F,1,F1003,106,,N,B,Y,N,0,124,0
F1302,20,20F,1,F1003,106,,N,B,Y,N,0,124,0
F1604,20,20F,1,F1003,106,,N,B,Y,N,0,124,0
F1402,20,20F,1,F1003,106,,N,B,Y,N,0,124,0
F1622,20,20F,1,F1003,106,,N,B,Y,N,0,124,0
F1623,20,20F,1,F1003,106,,N,B,Y,N,0,124,0
F1420,20,20F,1,F1003,106,,N,B,Y,N,0,124,0
F102,20,20C,1,F1003,106,,N,B,Y,N,0,124,0
F1626,20,20F,1,F1003,106,,N,B,Y,N,0,124,0
F1126,20,20D,1,F1003,106,,N,B,Y,N,0,124,0
F1405,20,20F,1,F1003,106,,N,B,Y,N,0,124,0
F1403,20,20F,1,F1003,106,,N,B,Y,N,0,124,0
F1400,20,20F,1,F1003,106,,N,B,Y,N,0,124,0
F140,20,20F,1,F1003,106,,N,B,Y,N,0,124,0
F1105,20,20D,1,F1003,106,,N,B,Y,N,0,124,0
F180,20,20F,1,F1003,106,,N,B,Y,N,0,124,0
F1801,20,20F,1,F1003,106,,N,B,Y,N,0,124,0
F1520,20,20E,1,F1003,106,,N,B,Y,N,0,124,0
F191,20,20F,1,F1003,106,,N,B,Y,N,0,124,0
F1920,20,20F,1,F1003,106,,N,B,Y,N,0,124,0
F1722,20,20F,1,F1003,106,,N,B,Y,N,0,124,0
F1020,20,20C,1,F1003,106,,N,B,Y,N,0,124,0
F1125,20,20D,1,F1003,106,,N,B,Y,N,0,124,0
F1901,20,20F,1,F1003,106,,N,B,Y,N,0,124,0
F1902,20,20F,1,F1003,106,,N,B,Y,N,0,124,0
F1005,20,20A,1,F1003,106,,N,B,Y,N,0,124,0
F130,20,20F,1,F1003,106,,N,B,Y,N,0,124,0
F1324,20,20F,1,F1003,106,,N,B,Y,N,0,124,0
F1923,20,20F,1,F1003,106,,N,B,Y,N,0,124,0
F1506,20,20E,1,F1003,106,,N,B,Y,N,0,124,0
F1500,20,20E,1,F1003,106,,N,B,Y,N,0,124,0
F1307,20,20F,1,F1003,106,,N,B,Y,N,0,124,0
F1505,20,20E,1,F1003,106,,N,B,Y,N,0,124,0
F131,20,20F,1,F1003,106,,N,B,Y,N,0,124,0
F1803,20,20F,1,F1003,106,,N,B,Y,N,0,124,0
F1607,20,20F,1,F1003,106,,N,B,Y,N,0,124,0
F1922,20,20F,1,F1003,106,,N,B,Y,N,0,124,0
F1507,20,20E,1,F1003,106,,N,B,Y,N,0,124,0
F112,20,20D,1,F1003,106,,N,B,Y,N,0,124,0
F1601,20,20F,1,F1003,106,,N,B,Y,N,0,124,0
F1806,20,20F,1,F1003,106,,N,B,Y,N,0,124,0
F1800,20,20F,1,F1003,106,,N,B,Y,N,0,124,0
F1124,20,20D,1,F1003,106,,N,B,Y,N,0,124,0
F1906,20,20F,1,F1003,106,,N,B,Y,N,0,124,0
F1121,20,20D,1,F1003,106,,N,B,Y,N,0,124,0
F1624,20,20F,1,F1003,106,,N,B,Y,N,0,124,0
F1926,20,20F,1,F1003,106,,N,B,Y,N,0,124,0
F110,20,20D,1,F1003,106,,N,B,Y,N,0,124,0
F1822,20,20F,1,F1003,106,,N,B,Y,N,0,124,0
F1323,20,20F,1,F1003,106,,N,B,Y,N,0,124,0
F1924,20,20F,1,F1003,106,,N,B,Y,N,0,124,0
F1424,20,20F,1,F1003,106,,N,B,Y,N,0,124,0
F162,20,20F,1,F1003,106,,N,B,Y,N,0,124,0
F1820,20,20F,1,F1003,106,,N,B,Y,N,0,124,0
F1123,20,20D,1,F1003,106,,N,B,Y,N,0,124,0
F1421,20,20F,1,F1003,106,,N,B,Y,N,0,124,0
F1503,20,20E,1,F1003,106,,N,B,Y,N,0,124,0
F1523,20,20E,1,F1003,106,,N,B,Y,N,0,124,0
F1426,20,20F,1,F1003,106,,N,B,Y,N,0,124,0
F193,20,20B,1,F1003,106,,N,B,Y,N,0,124,0
F1602,20,20F,1,F1003,106,,N,B,Y,N,0,124,0
F142,20,20F,1,F1003,106,,N,B,Y,N,0,124,0
F192,20,20F,1,F1003,106,,N,B,Y,N,0,124,0
F1407,20,20F,1,F1003,106,,N,B,Y,N,0,124,0
F152,20,20E,1,F1003,106,,N,B,Y,N,0,124,0
F1625,20,20F,1,F1003,106,,N,B,Y,N,0,124,0
F1004,20,20A,1,F1003,106,,N,B,Y,N,0,124,0
F1804,20,20F,1,F1003,106,,N,B,Y,N,0,124,0
F1406,20,20F,1,F1003,106,,N,B,Y,N,0,124,0
F1322,20,20F,1,F1003,106,,N,B,Y,N,0,124,0
F1425,20,20F,1,F1003,106,,N,B,Y,N,0,124,0
F1825,20,20F,1,F1003,106,,N,B,Y,N,0,124,0
F141,20,20F,1,F1003,106,,N,B,Y,N,0,124,0
F132,20,20F,1,F1003,106,,N,B,Y,N,0,124,0
F1120,20,20D,1,F1003,106,,N,B,Y,N,0,124,0
F1606,20,20F,1,F1003,106,,N,B,Y,N,0,124,0
F1306,20,20F,1,F1003,106,,N,B,Y,N,0,124,0
F1401,20,20F,1,F1003,106,,N,B,Y,N,0,124,0
F1903,20,20F,1,F1003,106,,N,B,Y,N,0,124,0
F1100,20,20D,1,F1003,106,,N,B,Y,N,0,124,0
F1026,20,20C,1,F1003,106,,N,B,Y,N,0,124,0
F150,20,20E,1,F1003,106,,N,B,Y,N,0,124,0
F1103,20,20D,1,F1003,106,,N,B,Y,N,0,124,0
F1904,20,20F,1,F1003,106,,N,B,Y,N,0,124,0
F1504,20,20E,1,F1003,106,,N,B,Y,N,0,124,0
F1003,20,20A,1,F1003,106,,N,B,Y,N,0,124,0
F1107,20,20D,1,F1003,106,,N,B,Y,N,0,124,0
F1325,20,20F,1,F1003,106,,N,B,Y,N,0,124,0
F1006,20,20A,1,F1003,106,,N,B,Y,N,0,124,0
F1821,20,20F,1,F1003,106,,N,B,Y,N,0,124,0
F1301,20,20F,1,F1003,106,,N,B,Y,N,0,124,0
F160,20,20F,1,F1003,106,,N,B,Y,N,0,124,0
F161,20,20F,1,F1003,106,,N,B,Y,N,0,124,0
F190,20,20F,1,F1003,106,,N,B,Y,N,0,124,0
F1621,20,20F,1,F1003,106,,N,B,Y,N,0,124,0
F1422,20,20F,1,F1003,106,,N,B,Y,N,0,124,0
F1305,20,20F,1,F1003,106,,N,B,Y,N,0,124,0
F1824,20,20F,1,F1003,106,,N,B,Y,N,0,124,0
F1101,20,20D,1,F1003,106,,N,B,Y,N,0,124,0
F1807,20,20F,1,F1003,106,,N,B,Y,N,0,124,0
F1326,20,20F,1,F1003,106,,N,B,Y,N,0,124,0
F1526,20,20E,1,F1003,106,,N,B,Y,N,0,124,0
F1304,20,20F,1,F1003,106,,N,B,Y,N,0,124,0
F111,20,20D,1,F1003,106,,N,B,Y,N,0,124,0
F1023,20,20C,1,F1003,106,,N,B,Y,N,0,124,0
F1122,20,20D,1,F1003,106,,N,B,Y,N,0,124,0
F1404,20,20F,1,F1003,106,,N,B,Y,N,0,124,0
F1502,20,20E,1,F1003,106,,N,B,Y,N,0,124,0
F1501,20,20E,1,F1003,106,,N,B,Y,N,0,124,0
F1303,20,20F,1,F1003,106,,N,B,Y,N,0,124,0
F1321,20,20F,1,F1003,106,,N,B,Y,N,0,124,0
F1907,20,20F,1,F1003,106,,N,B,Y,N,0,124,0
F2089,19,19B,1,F200,87,,N,B,Y,N,0,124,0
F232,19,19A,1,F200,87,,N,B,Y,N,0,124,0
F2065,19,19B,1,F200,87,,N,B,Y,N,0,124,0
F2022,19,19B,1,F200,87,,N,B,Y,N,0,124,0
F252,19,19B,1,F200,87,,N,B,Y,N,0,124,0
F2052,19,19B,1,F200,87,,N,B,Y,N,0,124,0
F2004,19,19B,1,F200,87,,N,B,Y,N,0,124,0
F309,19,19C,1,F200,87,,N,B,Y,N,0,124,0
F206,19,19B,1,F200,87,,N,B,Y,N,0,124,0
F338,19,19C,1,F200,87,,N,B,Y,N,0,124,0
F2013,19,19B,1,F200,87,,N,B,Y,N,0,124,0
F2063,19,19B,1,F200,87,,N,B,Y,N,0,124,0
F300,19,19C,1,F200,87,,N,B,Y,N,0,124,0
F2028,19,19B,1,F200,87,,N,B,Y,N,0,124,0
F2060,19,19B,1,F200,87,,N,B,Y,N,0,124,0
F2038,19,19B,1,F200,87,,N,B,Y,N,0,124,0
F2099,19,19B,1,F200,87,,N,B,Y,N,0,124,0
F2094,19,19B,1,F200,87,,N,B,Y,N,0,124,0
F2009,19,19B,1,F200,87,,N,B,Y,N,0,124,0
F2029,19,19B,1,F200,87,,N,B,Y,N,0,124,0
F2055,19,19B,1,F200,87,,N,B,Y,N,0,124,0
F315,19,19A,1,F200,87,,N,B,Y,N,0,124,0
F250,19,19B,1,F200,87,,N,B,Y,N,0,124,0
F231,19,19A,1,F200,87,,N,B,Y,N,0,124,0
F2092,19,19B,1,F200,87,,N,B,Y,N,0,124,0
F2082,19,19B,1,F200,87,,N,B,Y,N,0,124,0
F2058,19,19B,1,F200,87,,N,B,Y,N,0,124,0
F2001,19,19B,1,F200,87,,N,B,Y,N,0,124,0
F2080,19,19B,1,F200,87,,N,B,Y,N,0,124,0
F2053,19,19B,1,F200,87,,N,B,Y,N,0,124,0
F2005,19,19B,1,F200,87,,N,B,Y,N,0,124,0
F2068,19,19B,1,F200,87,,N,B,Y,N,0,124,0
F2024,19,19B,1,F200,87,,N,B,Y,N,0,124,0
F841,19,19J,1,F200,89,,N,B,Y,N,0,124,0
F2088,19,19B,1,F200,87,,N,B,Y,N,0,124,0
F323,19,19A,1,F200,87,,N,B,Y,N,0,124,0
F2069,19,19B,1,F200,87,,N,B,Y,N,0,124,0
F2021,19,19B,1,F200,87,,N,B,Y,N,0,124,0
F332,19,19C,1,F200,87,,N,B,Y,N,0,124,0
F845,19,19J,1,F200,89,,N,B,Y,N,0,124,0
F2003,19,19B,1,F200,87,,N,B,Y,N,0,124,0
F2062,19,19B,1,F200,87,,N,B,Y,N,0,124,0
F311,19,19C,1,F200,87,,N,B,Y,N,0,124,0
F2008,19,19B,1,F200,87,,N,B,Y,N,0,124,0
F319,19,19C,1,F200,87,,N,B,Y,N,0,124,0
F310,19,19C,1,F200,87,,N,B,Y,N,0,124,0
F208,19,19B,1,F200,87,,N,B,Y,N,0,124,0
F201,19,19B,1,F200,87,,N,B,Y,N,0,124,0
F316,19,19C,1,F200,87,,N,B,Y,N,0,124,0
F2012,19,19B,1,F200,87,,N,B,Y,N,0,124,0
F200,19,19B,1,F200,87,,N,B,Y,N,0,124,0
F203,19,19B,1,F200,87,,N,B,Y,N,0,124,0
F259,19,19B,1,F200,87,,N,B,Y,N,0,124,0
F2000,19,19B,1,F200,87,,N,B,Y,N,0,124,0
F2083,19,19B,1,F200,87,,N,B,Y,N,0,124,0
F2010,19,19B,1,F200,87,,N,B,Y,N,0,124,0
F2084,19,19B,1,F200,87,,N,B,Y,N,0,124,0
F2098,19,19B,1,F200,87,,N,B,Y,N,0,124,0
F2095,19,19B,1,F200,87,,N,B,Y,N,0,124,0
F308,19,19C,1,F200,87,,N,B,Y,N,0,124,0
F848,19,19J,1,F200,89,,N,B,Y,N,0,124,0
F2085,19,19B,1,F200,87,,N,B,Y,N,0,124,0
F202,19,19B,1,F200,87,,N,B,Y,N,0,124,0
F2025,19,19B,1,F200,87,,N,B,Y,N,0,124,0
F2064,19,19B,1,F200,87,,N,B,Y,N,0,124,0
F2030,19,19B,1,F200,87,,N,B,Y,N,0,124,0
F2034,19,19B,1,F200,87,,N,B,Y,N,0,124,0
F843,19,19J,1,F200,89,,N,B,Y,N,0,124,0
F2018,19,19B,1,F200,87,,N,B,Y,N,0,124,0
F205,19,19B,1,F200,87,,N,B,Y,N,0,124,0
F318,19,19C,1,F200,87,,N,B,Y,N,0,124,0
F2032,19,19B,1,F200,87,,N,B,Y,N,0,124,0
F238,19,19A,1,F200,73,,N,B,Y,N,0,124,0
F312,19,19A,1,F200,87,,N,B,Y,N,0,124,0
F2015,19,19B,1,F200,87,,N,B,Y,N,0,124,0
F333,19,19A,1,F200,87,,N,B,Y,N,0,124,0
F2059,19,19B,1,F200,87,,N,B,Y,N,0,124,0
F840,19,19J,1,F200,89,,N,B,Y,N,0,124,0
F251,19,19B,1,F200,87,,N,B,Y,N,0,124,0
F2081,19,19B,1,F200,87,,N,B,Y,N,0,124,0
F2039,19,19B,1,F200,87,,N,B,Y,N,0,124,0
F322,19,19C,1,F200,87,,N,B,Y,N,0,124,0
F2033,19,19B,1,F200,87,,N,B,Y,N,0,124,0
F3230,19,19A,1,F200,87,,N,B,Y,N,0,124,0
F2035,19,19B,1,F200,87,,N,B,Y,N,0,124,0
F302,19,19A,1,F200,87,,N,B,Y,N,0,124,0
F314,19,19C,1,F200,87,,N,B,Y,N,0,124,0
F2050,19,19B,1,F200,87,,N,B,Y,N,0,124,0
F2019,19,19B,1,F200,87,,N,B,Y,N,0,124,0
F2093,19,19B,1,F200,87,,N,B,Y,N,0,124,0
F2090,19,19B,1,F200,87,,N,B,Y,N,0,124,0
F258,19,19B,1,F200,87,,N,B,Y,N,0,124,0
F2020,19,19B,1,F200,87,,N,B,Y,N,0,124,0
F2011,19,19B,1,F200,87,,N,B,Y,N,0,124,0
F2061,19,19B,1,F200,87,,N,B,Y,N,0,124,0
F2054,19,19B,1,F200,87,,N,B,Y,N,0,124,0
F2014,19,19B,1,F200,87,,N,B,Y,N,0,124,0
F849,19,19J,1,F200,89,,N,B,Y,N,0,124,0
F2023,19,19B,1,F200,87,,N,B,Y,N,0,124,0
F2051,19,19B,1,F200,87,,N,B,Y,N,0,124,0
F233,19,19A,1,F200,73,,N,B,Y,N,0,124,0
F842,19,19J,1,F200,30,,N,B,Y,N,0,124,0
F3331,19,19A,1,F200,87,,N,B,Y,N,0,124,0
F2091,19,19B,1,F200,87,,N,B,Y,N,0,124,0
F2031,19,19B,1,F200,87,,N,B,Y,N,0,124,0
F844,19,19J,1,F200,89,,N,B,Y,N,0,124,0
F3330,19,19A,1,F200,87,,N,B,Y,N,0,124,0
F209,19,19B,1,F200,87,,N,B,Y,N,0,124,0
F301,19,19C,1,F200,87,,N,B,Y,N,0,124,0
F239,19,19A,1,F200,73,,N,B,Y,N,0,124,0
F2002,19,19B,1,F200,87,,N,B,Y,N,0,124,0
F3231,19,19A,1,F200,87,,N,B,Y,N,0,124,0
F29,19,19B,1,F29,73,,N,B,Y,N,0,124,0
F503,19,19G,1,F500,88,,N,B,Y,N,0,124,0
F502,19,19G,1,F500,88,,N,B,Y,N,0,124,0
F500,19,19G,1,F500,88,,N,B,Y,N,0,124,0
F982,19,19J,1,F500,88,,N,B,Y,N,0,124,0
F501,19,19G,1,F500,88,,N,B,Y,N,0,124,0
F504,19,19G,1,F500,88,,N,B,Y,N,0,124,0
G038,01,1K,1,G000,1,,N,B,Y,N,0,124,0
G000,01,1K,1,G000,1,,N,B,Y,N,0,124,0
G003,01,1K,1,G000,1,,N,B,Y,N,0,124,0
G032,01,1L,1,G000,1,,N,B,Y,N,0,124,0
G008,01,1K,1,G000,1,,N,B,Y,N,0,124,0
G001,01,1K,1,G000,1,,N,B,Y,N,0,124,0
G030,01,1K,1,G000,1,,N,B,Y,N,0,124,0
G039,01,1K,1,G000,1,,N,B,Y,N,0,124,0
G002,01,1K,1,G000,1,,N,B,Y,N,0,124,0
G009,01,1K,1,G000,1,,N,B,Y,N,0,124,0
G031,01,1K,1,G000,1,,N,B,Y,N,0,124,0
G021,01,1K,1,G020,1,,N,B,N,N,0,124,0
G020,01,1L,1,G020,1,,N,B,N,N,0,124,0
G051,01,1K,1,G050,1,,N,B,N,N,0,124,0
G07,01,1K,1,G050,1,,N,B,N,N,0,124,0
G050,01,1K,1,G050,1,,N,B,N,N,0,124,0
G052,01,1K,1,G050,1,,N,B,N,N,0,124,0
G058,01,1K,1,G058,1,,N,B,N,N,0,124,0
G060,01,1K,1,G060,1,,N,B,Y,N,0,124,0
G061,01,1K,1,G061,1,,N,B,Y,N,0,124,0
G062,01,1K,1,G062,1,,N,B,Y,N,0,124,0
G129,01,1D,1,G120,30,,N,B,Y,N,0,124,0
G120,01,1D,1,G120,30,,N,B,Y,N,0,124,0
G122,01,1D,1,G120,30,,N,B,Y,N,1,124,0
G128,01,1D,1,G120,30,,N,B,Y,N,0,124,0
G121,01,1D,1,G120,30,,N,B,Y,N,0,124,0
G14,01,1D,1,G14,100,,N,B,Y,N,1,124,0
G20,01,1D,1,G20,30,,N,B,Y,N,1,124,0
G35,01,1E,1,G35,73,,N,B,Y,N,1,124,0
G406,01,1P,1,G403,56,,N,B,Y,N,0,124,0
G412,01,1P,1,G403,56,,N,B,Y,N,0,124,0
G403,01,1P,1,G403,56,,N,B,Y,N,0,124,0
G418,01,1P,1,G410,56,,N,B,Y,N,0,124,0
G410,01,1P,1,G410,56,,N,B,Y,N,0,124,0
G411,01,1P,1,G410,56,,N,B,Y,N,0,124,0
G419,01,1P,1,G410,56,,N,B,Y,N,0,124,0
G464,01,1F,1,G464,19,,N,B,N,N,0,124,0
G610,01,1V,1,G610,93,E,N,B,Y,N,0,124,0
G700,01,1D,1,G700,30,,N,B,Y,N,0,124,0
G731,01,1D,1,G700,30,,N,B,N,N,0,124,0
G732,01,1D,1,G700,30,,N,B,N,N,0,124,0
G733,01,1D,1,G700,30,,N,B,N,N,0,124,0
G702,01,1D,1,G702,30,,N,B,Y,N,0,124,0
G710,01,1U,1,G710,30,,N,B,Y,N,0,124,0
G720,01,1U,1,G710,25,,N,B,Y,N,0,124,0
G719,01,1U,1,G710,30,,N,B,Y,N,0,124,0
G724,01,1U,1,G710,30,,N,B,Y,N,0,124,0
G718,01,1U,1,G710,30,,N,B,Y,N,0,124,0
G722,01,1U,1,G710,25,,N,B,Y,N,0,124,0
G721,01,1U,1,G710,25,,N,B,Y,N,0,124,0
G713,01,1U,1,G710,30,,N,B,Y,N,0,124,0
G712,01,1U,1,G710,30,,N,B,Y,N,0,124,0
G730,01,1D,1,G730,30,,N,B,N,N,0,124,0
G736,01,1U,1,G736,25,,N,B,N,N,0,124,0
G809,01,1B,1,G800,8,,N,B,Y,N,0,124,0
G808,01,1B,1,G800,8,,N,B,Y,N,0,124,0
G801,01,1B,1,G800,8,,N,B,Y,N,0,124,0
G823,01,1A,1,G800,7,,N,B,Y,N,0,124,0
G825,01,1A,1,G800,7,,N,B,Y,N,0,124,0
G800,01,1B,1,G800,8,,N,B,Y,N,0,124,0
G804,01,1B,1,G800,8,,N,B,Y,N,0,124,0
G803,01,1B,1,G800,8,,N,B,Y,N,0,124,0
G802,01,1B,1,G800,8,,N,B,Y,N,0,124,0
G824,01,1A,1,G800,7,,N,B,Y,N,0,124,0
G911,01,1D,1,G911,30,,N,B,Y,N,0,124,0
Q030,01,1U,1,G911,30,,N,B,Y,N,0,124,0
G918,01,1D,1,G911,30,,N,B,Y,N,0,124,0
G913,01,1D,1,G911,30,,N,B,Y,N,0,124,0
Q038,01,1U,1,G911,30,,N,B,Y,N,0,124,0
G942,01,1D,1,G911,30,,N,B,N,N,0,124,0
G912,01,1D,1,G911,30,,N,B,Y,N,0,124,0
Q039,01,1U,1,G911,30,,N,B,Y,N,0,124,0
G919,01,1D,1,G911,30,,N,B,Y,N,0,124,0
Q031,01,1U,1,G911,30,,N,B,Y,N,0,124,0
G941,01,1D,1,G911,30,,N,B,N,N,0,124,0
G931,01,1U,1,G931,30,,N,B,Y,N,0,124,0
G940,01,1D,1,G940,30,,N,B,N,N,0,124,0
G960,01,1U,1,G960,25,,N,B,Y,N,0,124,0
G972,01,1U,1,G972,54,,N,B,Y,N,0,124,0
H602,03,3G,1,H602,73,,N,B,Y,N,0,124,0
H662,03,3D,1,H661,73,,N,B,Y,N,0,124,0
H663,03,3D,1,H661,73,,N,B,Y,N,0,124,0
H661,03,3D,1,H661,73,,N,B,Y,N,0,124,0
H950,03,3G,1,H950,73,,N,B,Y,N,0,124,0
H951,03,3G,1,H950,73,,N,B,Y,N,0,124,0
H958,03,3G,1,H958,73,,N,B,Y,N,0,124,0
H959,21,21D,1,H958,42,,N,B,Y,N,0,124,0
I058,05,5K,1,I050,65,,N,B,Y,N,0,124,0
I051,05,5K,1,I050,65,,N,B,Y,N,0,124,0
I052,05,5K,1,I050,65,,N,B,Y,N,0,124,0
I050,05,5K,1,I050,65,,N,B,Y,N,0,124,0
I062,05,5K,1,I060,65,,N,B,Y,N,0,124,0
I060,05,5K,1,I060,65,,N,B,Y,N,0,124,0
I061,05,5K,1,I060,65,,N,B,Y,N,0,124,0
I068,05,5K,1,I060,65,,N,B,Y,N,0,124,0
I078,05,5K,1,I070,65,,N,B,Y,N,0,124,0
I071,05,5K,1,I070,65,,N,B,Y,N,0,124,0
I072,05,5K,1,I070,65,,N,B,Y,N,0,124,0
I070,05,5K,1,I070,65,,N,B,Y,N,0,124,0
I080,05,5K,1,I080,65,,N,B,Y,N,0,124,0
I082,05,5K,1,I081,65,,N,B,Y,N,0,124,0
I083,05,5K,1,I081,65,,N,B,Y,N,0,124,0
I081,05,5K,1,I081,65,,N,B,Y,N,0,124,0
I090,05,5R,1,I090,54,,N,B,Y,Y,0,124,28
I098,05,5R,1,I090,54,,N,B,Y,Y,0,124,28
I970,05,5R,1,I090,54,,N,B,Y,N,0,124,0
I110,05,5C,1,I110,21,,N,B,Y,N,1,124,0
I132,05,5C,1,I120,21,,N,B,Y,N,1,124,0
I120,11,11A,1,I120,4,,N,B,Y,N,0,124,0
I131,11,11A,1,I120,4,,N,B,Y,N,1,124,0
I130,05,5C,1,I120,21,,N,B,Y,N,1,124,0
I208,05,5G,1,I200,94,,N,B,Y,N,1,124,0
I201,05,5N,1,I200,95,,N,B,Y,N,1,124,0
I209,05,5G,1,I200,94,,N,B,Y,N,1,124,0
I200,05,5N,1,I200,95,,N,B,Y,N,1,124,0
I211,05,5A,1,I210,15,,N,B,Y,N,1,124,0
I212,05,5A,1,I210,15,,N,B,Y,N,1,124,0
I210,05,5A,1,I210,15,,N,B,Y,N,1,124,0
I219,05,5A,1,I210,15,,N,B,Y,N,1,124,0
I214,05,5A,1,I210,15,,N,B,Y,N,1,124,0
I213,05,5A,1,I210,15,,N,B,Y,N,1,124,0
I310,05,5R,1,I230,53,,N,B,Y,N,0,124,0
I230,05,5R,1,I230,53,,N,B,Y,N,1,124,0
I311,05,5R,1,I230,53,,N,B,Y,N,0,124,0
I312,05,5R,1,I230,53,,N,B,Y,N,0,124,0
I313,05,5R,1,I230,54,,N,B,Y,N,0,124,0
I231,05,5R,1,I231,54,,N,B,Y,N,1,124,0
I232,05,5R,1,I231,54,,N,B,Y,N,1,124,0
I510,05,5R,1,I231,54,,N,B,Y,N,0,124,0
I236,05,5R,1,I231,54,,N,B,Y,N,1,124,0
I513,05,5R,1,I231,54,,N,B,Y,N,0,124,0
I238,05,5R,1,I231,54,,N,B,Y,N,1,124,0
I233,05,5R,1,I231,54,,N,B,Y,N,1,124,0
I234,05,5K,1,I234,65,,N,B,Y,N,1,124,0
I511,05,5K,1,I235,65,,N,B,Y,N,0,124,0
I512,05,5K,1,I235,65,,N,B,Y,N,0,124,0
I235,05,5K,1,I235,65,,N,B,Y,N,1,124,0
I248,05,5N,1,I240,95,,N,B,Y,N,1,124,0
I240,05,5N,1,I240,95,,N,B,Y,N,1,124,0
I241,05,5R,1,I241,54,,N,B,Y,N,0,124,0
I269,04,4B,1,I260,13,,N,B,Y,N,0,124,0
I260,04,4B,1,I260,13,,N,B,Y,Y,0,124,28
I270,05,5R,1,I270,54,,N,B,Y,Y,0,124,28
I272,05,5R,1,I270,54,,N,B,Y,Y,0,124,28
I321,05,5R,1,I300,54,,N,B,N,N,0,124,0
I300,05,5R,1,I300,54,,N,B,Y,N,0,124,0
I301,05,5R,1,I300,53,,N,B,Y,N,0,124,0
I309,05,5R,1,I300,54,,N,B,Y,N,0,124,0
I308,05,5R,1,I300,53,,N,B,Y,N,0,124,0
I320,05,5R,1,I320,54,,N,B,N,N,0,124,0
I328,05,5R,1,I328,54,,N,B,N,N,0,124,0
I330,05,5B,1,I330,2,D,N,B,Y,N,0,124,0
I339,05,5B,1,I330,2,D,N,B,Y,N,0,124,0
I342,05,5K,1,I340,65,,N,B,Y,N,0,124,0
I348,05,5K,1,I340,65,,N,B,Y,N,0,124,0
I340,05,5K,1,I340,65,,N,B,Y,N,0,124,0
I352,05,5K,1,I350,65,,N,B,Y,N,0,124,0
I350,05,5K,1,I350,65,,N,B,Y,N,0,124,0
I358,05,5K,1,I350,65,,N,B,Y,N,0,124,0
I351,05,5K,1,I350,65,,N,B,Y,N,0,124,0
I362,05,5K,1,I360,65,,N,B,Y,N,0,124,0
I361,05,5K,1,I360,65,,N,B,Y,N,0,124,0
I368,05,5K,1,I360,65,,N,B,Y,N,0,124,0
I360,05,5K,1,I360,65,,N,B,Y,N,0,124,0
I372,05,5K,1,I370,65,,N,B,Y,N,0,124,0
I371,05,5K,1,I370,65,,N,B,Y,N,0,124,0
I370,05,5K,1,I370,65,,N,B,Y,N,0,124,0
I378,05,5K,1,I370,65,,N,B,Y,N,0,124,0
I390,05,5K,1,I390,65,,N,B,N,N,0,124,0
I394,05,5K,1,I390,65,,N,B,N,N,0,124,0
I392,05,5K,1,I390,65,,N,B,N,N,0,124,0
I391,05,5K,1,I390,65,,N,B,N,N,0,124,0
I393,05,5K,1,I390,65,,N,B,N,N,0,124,0
I400,05,5R,1,I400,54,D,N,B,Y,N,0,124,0
I401,05,5R,1,I400,54,D,N,B,Y,N,0,124,0
I409,05,5R,1,I400,54,D,N,B,Y,N,0,124,0
I408,05,5R,1,I400,54,D,N,B,Y,N,0,124,0
I410,05,5R,1,I410,54,,N,B,N,N,0,124,0
I411,05,5R,1,I411,54,,N,B,N,N,0,124,0
I412,05,5R,1,I412,54,,N,B,N,N,0,124,0
I418,05,5R,1,I418,54,,N,B,N,N,0,124,0
I426,05,5R,1,I420,54,,N,B,Y,N,0,124,0
I420,05,5R,1,I420,54,,N,B,Y,N,0,124,0
I424,05,5R,1,I420,54,,N,B,Y,N,0,124,0
I425,05,5R,1,I420,54,,N,B,Y,N,0,124,0
I422,05,5R,1,I420,54,,N,B,Y,N,0,124,0
I427,05,5R,1,I420,54,,N,B,Y,N,0,124,0
I423,05,5R,1,I420,54,,N,B,Y,N,0,124,0
I429,05,5R,1,I420,54,,N,B,Y,N,0,124,0
I428,05,5R,1,I420,54,,N,B,Y,N,0,124,0
I421,05,5R,1,I420,54,,N,B,Y,N,0,124,0
I430,05,5R,1,I430,54,,N,B,N,N,0,124,0
I438,05,5R,1,I430,54,,N,B,N,N,0,124,0
I431,05,5R,1,I431,53,,N,B,N,N,0,124,0
I432,05,5R,1,I432,53,,N,B,N,N,0,124,0
I442,05,5L,1,I441,64,,N,B,Y,N,0,124,0
I4900,05,5L,1,I441,64,,N,B,Y,N,0,124,0
I472,05,5L,1,I441,64,,N,B,Y,N,0,124,0
I458,05,5M,1,I441,66,,N,B,Y,N,0,124,0
I479,05,5L,1,I441,64,,N,B,Y,N,0,124,0
I4909,05,5L,1,I441,64,,N,B,Y,N,0,124,0
I453,05,5L,1,I441,64,,N,B,Y,N,0,124,0
I441,05,5L,1,I441,64,,N,B,Y,N,0,124,0
I456,05,5L,1,I441,64,,N,B,Y,N,0,124,0
I4908,05,5L,1,I441,64,,N,B,Y,N,0,124,0
I471,05,5M,1,I441,66,,N,B,Y,N,0,124,0
I48,05,5M,1,I441,66,,N,B,Y,N,0,124,0
I490,05,5L,1,I441,64,,N,B,Y,N,0,124,0
I455,05,5L,1,I441,64,,N,B,Y,N,0,124,0
I4901,05,5L,1,I441,64,,N,B,Y,N,0,124,0
I460,05,5L,1,I460,64,,N,B,Y,N,0,124,0
I500,05,5C,1,I500,21,,N,B,Y,N,0,124,0
I501,05,5C,1,I500,21,,N,B,Y,N,0,124,0
I509,05,5C,1,I500,21,,N,B,Y,N,0,124,0
I611,01,1F,1,I600,19,,N,B,Y,N,0,124,0
I608,01,1F,1,I600,19,,N,B,Y,N,0,124,0
I602,01,1F,1,I600,19,,N,B,Y,N,0,124,0
I606,01,1F,1,I600,19,,N,B,Y,N,0,124,0
I613,01,1F,1,I600,19,,N,B,Y,N,0,124,0
I629,01,1F,1,I600,19,,N,B,Y,N,0,124,0
I604,01,1F,1,I600,19,,N,B,Y,N,0,124,0
I612,01,1F,1,I600,19,,N,B,Y,N,0,124,0
I607,01,1F,1,I600,19,,N,B,Y,N,0,124,0
I601,01,1F,1,I600,19,,N,B,Y,N,0,124,0
I619,01,1F,1,I600,19,,N,B,Y,N,0,124,0
I616,01,1F,1,I600,19,,N,B,Y,N,0,124,0
I605,01,1F,1,I600,19,,N,B,Y,N,0,124,0
I620,01,1F,1,I600,19,,N,B,Y,N,0,124,0
I600,01,1F,1,I600,19,,N,B,Y,N,0,124,0
I614,01,1F,1,I600,19,,N,B,Y,N,0,124,0
I615,01,1F,1,I600,19,,N,B,Y,N,0,124,0
I609,01,1F,1,I600,19,,N,B,Y,N,0,124,0
I618,01,1F,1,I600,19,,N,B,Y,N,0,124,0
I603,01,1F,1,I600,19,,N,B,Y,N,0,124,0
I610,01,1F,1,I600,19,,N,B,Y,N,0,124,0
I621,01,1F,1,I600,19,,N,B,Y,N,0,124,0
I653,01,1G,1,I630,20,,N,B,Y,N,0,124,0
I631,01,1F,1,I630,19,,N,B,Y,N,0,124,0
I634,01,1F,1,I630,19,,N,B,Y,N,0,124,0
I632,01,1F,1,I630,19,,N,B,Y,N,0,124,0
I652,01,1G,1,I630,20,,N,B,Y,N,0,124,0
I650,01,1G,1,I630,20,,N,B,Y,N,0,124,0
I651,01,1G,1,I630,20,,N,B,Y,N,0,124,0
I630,01,1F,1,I630,19,,N,B,Y,N,0,124,0
I638,01,1F,1,I633,19,,N,B,Y,N,0,124,0
I639,01,1F,1,I633,19,,N,B,Y,N,0,124,0
I635,01,1F,1,I633,19,,N,B,Y,N,0,124,0
I633,01,1F,1,I633,19,,N,B,Y,N,0,124,0
I636,01,1F,1,I636,100,,N,B,Y,N,0,124,0
I64,01,1H,1,I64,19,,N,B,Y,N,0,124,0
I668,01,1G,1,I660,19,,N,B,Y,N,0,124,0
I662,01,1G,1,I660,19,,N,B,Y,N,0,124,0
I669,01,1G,1,I660,19,,N,B,Y,N,0,124,0
I663,01,1G,1,I660,20,,N,B,Y,N,0,124,0
I664,01,1G,1,I660,19,,N,B,Y,N,0,124,0
I661,01,1G,1,I660,19,,N,B,Y,N,0,124,0
I660,01,1G,1,I660,19,,N,B,Y,N,0,124,0
I670,01,1F,1,I670,94,,N,B,Y,N,0,124,0
I674,05,5H,1,I674,76,,N,B,Y,N,0,124,0
I676,01,1F,1,I674,100,,N,B,Y,N,0,124,0
I675,01,1F,1,I674,100,,N,B,Y,N,0,124,0
I677,01,1F,1,I677,56,,N,B,Y,N,0,124,0
I681,01,1H,1,I681,56,,N,B,N,N,0,124,0
I682,01,1F,1,I682,56,,N,B,N,N,0,124,0
I718,05,5F,1,I710,51,,N,B,Y,N,0,124,0
I711,05,5F,1,I710,51,,N,B,Y,N,0,124,0
I715,05,5F,1,I710,51,,N,B,Y,N,0,124,0
I713,05,5F,1,I710,51,,N,B,Y,N,0,124,0
I710,05,5F,1,I710,53,,N,B,Y,N,0,124,0
I730,08,8S,1,I730,80,,N,B,Y,N,0,124,0
I741,05,5F,1,I740,51,,N,B,Y,N,0,124,0
I748,05,5F,1,I740,51,,N,B,Y,N,0,124,0
I742,05,5F,1,I740,51,,N,B,Y,N,0,124,0
I740,05,5F,1,I740,51,,N,B,Y,N,0,124,0
I81,07,7D,1,I740,22,,N,B,Y,N,0,124,0
I749,05,5F,1,I740,51,,N,B,Y,N,0,124,0
I743,05,5F,1,I743,51,,N,B,Y,N,0,124,0
I744,05,5F,1,I744,51,,N,B,Y,N,0,124,0
I745,05,5F,1,I745,51,,N,B,Y,N,0,124,0
I801,05,5D,1,I800,35,,N,B,Y,N,0,124,0
I800,05,5D,1,I800,35,,N,B,Y,N,0,124,0
I802,05,5D,1,I800,35,,N,B,Y,N,0,124,0
I803,05,5D,1,I800,35,,N,B,Y,N,0,124,0
I821,05,5F,1,I820,51,,N,B,Y,N,0,124,0
I820,07,7D,1,I820,22,,N,B,Y,N,0,124,0
I822,05,5D,1,I820,35,,N,B,Y,N,0,124,0
I828,05,5D,1,I820,35,,N,B,Y,N,0,124,0
I823,11,11H,1,I823,84,,N,B,Y,N,0,124,0
I830,05,5E,1,I830,34,,N,B,Y,N,1,124,0
I832,05,5E,1,I830,34,,N,B,Y,N,1,124,0
I850,06,6B,1,I850,17,,N,B,Y,N,0,124,0
I971,05,5R,1,I971,54,,N,B,Y,N,0,124,0
I978,05,5F,1,I978,51,,N,B,Y,N,0,124,0
I979,05,5R,1,I979,53,,N,B,Y,N,0,124,0
I983,06,6B,1,I982,26,,N,B,N,N,1,124,0
I982,06,6J,1,I982,26,,N,B,N,N,1,124,0
J012,03,3D,1,J010,73,,N,B,Y,N,0,124,0
J013,03,3D,1,J010,73,,N,B,Y,N,0,124,0
J010,03,3D,1,J010,73,,N,B,Y,N,0,124,0
J011,03,3D,1,J010,73,,N,B,Y,N,0,124,0
J014,03,3D,1,J010,73,,N,B,Y,N,0,124,0
J050,03,3D,1,J050,73,,N,B,Y,N,0,124,0
J051,03,3E,1,J050,73,,N,B,Y,N,0,124,0
J101,03,3D,1,J101,73,,N,B,Y,N,0,124,0
J111,03,3D,1,J101,73,,N,B,Y,N,0,124,0
J170,04,4C,1,J170,2,,N,B,N,N,0,124,0
J172,04,4C,1,J172,2,,N,B,N,N,0,124,0
J173,04,4C,1,J173,2,,N,B,N,N,0,124,0
J182,04,4C,1,J182,3,,N,B,Y,N,0,124,0
J206,04,4K,1,J200,75,,N,B,Y,N,0,124,0
J209,04,4K,1,J200,75,,N,B,Y,N,0,124,0
J202,04,4K,1,J200,75,,N,B,Y,N,0,124,0
J208,04,4K,1,J200,75,,N,B,Y,N,0,124,0
J201,04,4K,1,J200,75,,N,B,Y,N,0,124,0
J200,04,4K,1,J200,75,,N,B,Y,N,0,124,0
J204,04,4K,1,J200,75,,N,B,Y,N,0,124,0
J205,04,4K,1,J200,75,,N,B,Y,N,0,124,0
J203,04,4K,1,J200,75,,N,B,Y,N,0,124,0
J207,04,4K,1,J200,75,,N,B,Y,N,0,124,0
J982,04,4J,1,J36,16,,N,B,Y,N,0,124,0
J853,04,4C,1,J36,2,,N,B,Y,N,0,124,0
J36,03,3D,1,J36,73,,N,B,Y,N,0,124,0
J380,03,3G,1,J380,73,,N,B,Y,N,0,124,0
J950,04,4Q,1,J380,27,,N,B,Y,N,0,124,0
J384,03,3G,1,J384,73,,N,B,Y,N,0,124,0
J390,03,3E,1,J390,73,,N,B,Y,N,0,124,0
J448,04,4F,1,J411,99,,N,B,Y,N,1,124,0
J442,04,4F,1,J411,99,,N,B,Y,N,0,124,0
J439,04,4F,1,J411,99,,N,B,Y,Y,0,124,28
J430,04,4F,1,J411,99,,N,B,Y,Y,0,124,28
J440,04,4F,1,J411,99,,N,B,Y,N,1,124,0
J47,04,4F,1,J411,99,,N,B,Y,N,0,124,0
J449,04,4F,1,J411,99,,N,B,Y,N,1,124,0
J42,04,4F,1,J411,99,,N,B,Y,Y,0,124,28
J441,04,4F,1,J411,99,,N,B,Y,N,1,124,0
J438,04,4F,1,J411,99,,N,B,Y,Y,0,124,28
J418,04,4F,1,J411,99,,N,B,Y,Y,0,124,28
J411,04,4F,1,J411,99,,N,B,Y,Y,0,124,28
J431,04,4F,1,J411,99,,N,B,Y,Y,0,124,28
J432,04,4F,1,J411,99,,N,B,Y,Y,0,124,28
J46,04,4K,1,J46,75,,N,B,Y,N,0,124,0
J702,04,4Q,1,J702,69,,N,B,Y,N,0,124,0
J703,04,4Q,1,J702,69,,N,B,Y,N,0,124,0
J704,04,4Q,1,J702,69,,N,B,Y,N,0,124,0
J849,04,4P,1,J702,73,,N,B,Y,N,0,124,0
J848,04,4P,1,J702,73,E,N,B,Y,N,0,124,0
J841,04,4P,1,J702,73,,N,B,Y,N,0,124,0
J840,04,4P,1,J702,73,,N,B,Y,N,0,124,0
J960,04,4E,1,J80,3,,N,B,Y,N,0,124,0
J80,04,4E,1,J80,3,,N,B,Y,Y,0,124,28
J961,04,4E,1,J80,3,,N,B,Y,N,0,124,0
J81,04,4E,1,J81,3,,N,B,Y,N,0,124,0
J850,04,4C,1,J850,2,D,N,B,Y,N,0,124,0
J852,04,4C,1,J850,2,D,N,B,Y,N,0,124,0
J851,04,4C,1,J851,2,D,N,B,Y,N,0,124,0
J869,04,4R,1,J860,2,,N,B,Y,N,0,124,0
J860,04,4R,1,J860,2,,N,B,Y,N,0,124,0
J942,04,4N,1,J90,28,,N,B,Y,N,0,124,0
J941,04,4C,1,J90,18,,N,B,Y,N,0,124,0
J940,04,4N,1,J90,28,,N,B,Y,N,0,124,0
J90,04,4N,1,J90,28,,N,B,Y,N,0,124,0
J91,04,4C,1,J91,2,,N,B,N,N,0,124,0
J939,04,4J,1,J930,16,,N,B,Y,N,0,124,0
J930,04,4J,1,J930,16,,N,B,Y,N,0,124,0
J931,04,4J,1,J930,16,,N,B,Y,N,0,124,0
J938,04,4J,1,J930,16,,N,B,Y,N,0,124,0
J951,04,4E,1,J951,3,,N,B,Y,N,0,124,0
J953,04,4E,1,J951,3,,N,B,Y,N,0,124,0
J952,04,4E,1,J951,3,,N,B,Y,N,0,124,0
J955,04,4Q,1,J954,27,,N,B,Y,N,0,124,0
J956,04,4Q,1,J954,27,,N,B,Y,N,0,124,0
J954,04,4Q,1,J954,27,,N,B,Y,N,0,124,0
J981,04,4Q,1,J981,27,,N,B,Y,N,0,124,0
J990,04,4P,1,J990,73,,N,B,N,N,0,124,0
J991,04,4P,1,J990,73,,N,B,N,N,0,124,0
J998,04,4P,1,J998,73,,N,B,N,N,0,124,0
K113,03,3E,1,K113,73,,N,B,Y,N,0,124,0
K114,03,3G,1,K113,73,,N,B,Y,N,0,124,0
K122,03,3E,1,K122,61,,N,B,Y,N,0,124,0
K223,06,6H,1,K223,77,,N,B,Y,N,0,124,0
K226,06,6B,1,K226,17,,N,B,Y,N,0,124,0
K230,06,6J,1,K230,78,D,N,B,N,N,0,124,0
K272,06,6B,1,K250,17,,N,B,Y,N,0,124,0
K265,06,6C,1,K250,36,,N,B,Y,N,0,124,0
K285,06,6C,1,K250,36,,N,B,Y,N,0,124,0
K266,06,6B,1,K250,17,,N,B,Y,N,0,124,0
K250,06,6B,1,K250,17,,N,B,Y,N,0,124,0
K284,06,6B,1,K250,17,,N,B,Y,N,0,124,0
K261,06,6C,1,K250,36,,N,B,Y,N,0,124,0
K256,06,6B,1,K250,17,,N,B,Y,N,0,124,0
K252,06,6B,1,K250,17,,N,B,Y,N,0,124,0
K251,06,6C,1,K250,36,,N,B,Y,N,0,124,0
K274,06,6B,1,K250,17,,N,B,Y,N,0,124,0
K275,06,6C,1,K250,36,,N,B,Y,N,0,124,0
K276,06,6B,1,K250,17,,N,B,Y,N,0,124,0
K286,06,6B,1,K250,17,,N,B,Y,N,0,124,0
K271,06,6C,1,K250,36,,N,B,Y,N,0,124,0
K262,06,6B,1,K250,17,,N,B,Y,N,0,124,0
K255,06,6C,1,K250,36,,N,B,Y,N,0,124,0
K254,06,6B,1,K250,17,,N,B,Y,N,0,124,0
K282,06,6B,1,K250,17,,N,B,Y,N,0,124,0
K260,06,6B,1,K250,17,,N,B,Y,N,0,124,0
K264,06,6B,1,K250,17,,N,B,Y,N,0,124,0
K270,06,6B,1,K250,17,,N,B,Y,N,0,124,0
K281,06,6C,1,K250,36,,N,B,Y,N,0,124,0
K280,06,6B,1,K250,17,,N,B,Y,N,0,124,0
K575,06,6H,1,K290,17,,N,B,Y,N,0,124,0
K571,06,6H,1,K290,17,,N,B,Y,N,0,124,0
K572,06,6H,1,K290,17,,N,B,Y,N,0,124,0
K552,06,6J,1,K290,17,,N,B,Y,N,0,124,0
K921,06,6B,1,K290,17,,N,B,Y,N,0,124,0
K570,06,6H,1,K290,77,,N,B,Y,N,0,124,0
K290,06,6B,1,K290,17,,N,B,Y,N,0,124,0
K578,06,6H,1,K290,77,,N,B,Y,N,0,124,0
K922,06,6B,1,K290,17,,N,B,Y,N,0,124,0
K920,06,6B,1,K290,17,,N,B,Y,N,0,124,0
K573,06,6H,1,K290,17,,N,B,Y,N,0,124,0
K579,06,6H,1,K290,17,,N,B,Y,N,0,124,0
K574,06,6H,1,K290,77,,N,B,Y,N,0,124,0
K311,06,6C,1,K311,36,,N,B,Y,N,0,124,0
K315,06,6C,1,K315,36,,N,B,Y,N,0,124,0
K316,06,6H,1,K316,77,,N,B,Y,N,0,124,0
K353,06,6J,1,K352,78,,N,B,Y,N,0,124,0
K352,06,6J,1,K352,26,,N,B,Y,N,0,124,0
K358,06,6J,1,K352,78,,N,B,Y,N,0,124,0
K359,06,6J,1,K352,78,,N,B,Y,N,0,124,0
K351,06,6J,1,K352,78,,N,B,Y,N,0,124,0
K350,06,6J,1,K352,26,,N,B,Y,N,0,124,0
K400,06,6J,1,K400,78,,N,B,Y,N,0,124,0
K403,06,6J,1,K400,78,,N,B,Y,N,0,124,0
K401,06,6J,1,K400,78,,N,B,Y,N,0,124,0
K404,06,6J,1,K400,78,,N,B,Y,N,0,124,0
K410,06,6J,1,K410,78,,N,B,Y,N,0,124,0
K413,06,6J,1,K410,78,,N,B,Y,N,0,124,0
K414,06,6J,1,K411,78,,N,B,Y,N,0,124,0
K411,06,6J,1,K411,78,,N,B,Y,N,0,124,0
K420,06,6J,1,K420,78,,N,B,Y,N,0,124,0
K430,06,6J,1,K420,78,,N,B,Y,N,0,124,0
K421,06,6J,1,K421,78,,N,B,Y,N,0,124,0
K431,06,6J,1,K421,78,,N,B,Y,N,0,124,0
K440,06,6H,1,K440,77,,N,B,Y,N,0,124,0
K441,06,6J,1,K440,78,,N,B,Y,N,0,124,0
K450,06,6J,1,K450,78,,N,B,Y,N,0,124,0
K451,06,6J,1,K451,78,,N,B,Y,N,0,124,0
K460,06,6J,1,K451,78,,N,B,Y,N,0,124,0
K461,06,6J,1,K451,78,,N,B,Y,N,0,124,0
K550,06,6J,1,K550,26,,N,B,Y,N,0,124,0
K563,06,6F,1,K560,50,,N,B,Y,N,0,124,0
K561,06,6F,1,K560,50,,N,B,Y,N,0,124,0
K564,06,6F,1,K560,50,,N,B,Y,N,0,124,0
K560,06,6F,1,K560,50,,N,B,Y,N,0,124,0
K566,06,6F,1,K560,50,,N,B,Y,N,0,124,0
K562,06,6F,1,K560,50,,N,B,Y,N,0,124,0
K567,06,6F,1,K560,50,,N,B,Y,N,0,124,0
K565,06,6F,1,K560,50,,N,B,Y,N,0,124,0
K614,06,6J,1,K610,78,,N,B,Y,N,0,124,0
K611,06,6J,1,K610,78,,N,B,Y,N,0,124,0
K612,06,6J,1,K610,78,,N,B,Y,N,0,124,0
K613,06,6J,1,K610,78,,N,B,Y,N,0,124,0
K610,06,6J,1,K610,78,,N,B,Y,N,0,124,0
K6500,06,6J,1,K650,26,,N,B,Y,N,0,124,0
K659,06,6J,1,K650,26,,N,B,Y,N,0,124,0
K658,06,6J,1,K650,26,,N,B,Y,N,0,124,0
K6501,06,6J,1,K650,26,,N,B,Y,N,0,124,0
K650,06,6J,1,K650,26,,N,B,Y,N,0,124,0
K670,06,6J,1,K650,26,D,N,B,N,N,0,124,0
K671,06,6J,1,K671,26,,N,B,N,N,0,124,0
K672,06,6J,1,K672,26,,N,B,N,N,0,124,0
K673,06,6J,1,K673,26,D,N,B,N,N,0,124,0
K678,06,6J,1,K678,26,,N,B,N,N,0,124,0
K702,07,7A,1,K702,67,,N,B,Y,N,1,124,0
K703,07,7A,1,K702,67,,N,B,Y,N,1,124,0
K704,07,7A,1,K702,67,,N,B,Y,N,1,124,0
K714,07,7D,1,K710,22,,N,B,Y,N,0,124,0
K711,07,7D,1,K710,22,,N,B,Y,N,0,124,0
K712,07,7D,1,K710,22,,N,B,Y,N,0,124,0
K710,07,7D,1,K710,22,,N,B,Y,N,0,124,0
K719,07,7D,1,K710,22,,N,B,Y,N,0,124,0
K713,07,7D,1,K710,22,,N,B,Y,N,0,124,0
K718,07,7D,1,K710,22,,N,B,Y,N,0,124,0
K715,07,7D,1,K710,22,,N,B,Y,N,0,124,0
K716,07,7D,1,K710,22,,N,B,Y,N,0,124,0
K744,07,7A,1,K717,67,,N,B,Y,N,0,124,0
K717,07,7D,1,K717,67,,N,B,Y,N,0,124,0
K743,07,7A,1,K717,67,,N,B,Y,N,0,124,0
K746,07,7A,1,K717,67,,N,B,Y,N,0,124,0
K740,07,7A,1,K717,67,,N,B,Y,N,0,124,0
K742,07,7A,1,K717,67,,N,B,Y,N,0,124,0
K745,07,7A,1,K717,67,,N,B,Y,N,0,124,0
K763,07,7D,1,K720,22,,N,B,Y,N,0,124,0
K720,07,7D,1,K720,22,,N,B,Y,N,0,124,0
K765,07,7D,1,K720,22,,N,B,Y,N,0,124,0
K762,07,7D,1,K720,22,,N,B,Y,N,0,124,0
K721,07,7D,1,K721,22,,N,B,Y,N,0,124,0
K729,07,7D,1,K721,22,,N,B,Y,N,0,124,0
K731,07,7D,1,K731,22,,N,B,Y,Y,0,124,28
K732,07,7D,1,K731,22,,N,B,Y,Y,0,124,28
K738,07,7D,1,K731,22,,N,B,Y,Y,0,124,28
K751,07,7D,1,K750,22,,N,B,Y,N,0,124,0
K750,07,7D,1,K750,22,,N,B,Y,N,0,124,0
K753,07,7D,1,K753,22,,N,B,Y,N,0,124,0
K754,07,7D,1,K753,22,,N,B,Y,N,0,124,0
K758,07,7D,1,K753,22,,N,B,Y,N,0,124,0
K764,07,7D,1,K753,22,,N,B,Y,N,0,124,0
K759,07,7D,1,K753,22,,N,B,Y,N,0,124,0
K767,07,7D,1,K767,22,,N,B,Y,N,0,124,0
K778,07,7D,1,K770,22,,N,B,N,N,0,124,0
K770,07,7D,1,K770,22,,N,B,N,N,0,124,0
K801,07,7E,1,K800,48,,N,B,Y,N,0,124,0
K800,07,7E,1,K800,48,,N,B,Y,N,0,124,0
K802,07,7E,1,K800,48,,N,B,Y,N,0,124,0
K805,07,7E,1,K803,48,,N,B,Y,N,0,124,0
K808,07,7E,1,K803,48,,N,B,Y,N,0,124,0
K803,07,7E,1,K803,48,,N,B,Y,N,0,124,0
K804,07,7E,1,K803,48,,N,B,Y,N,0,124,0
K810,07,7E,1,K810,48,,N,B,Y,N,0,124,0
K822,07,7E,1,K820,48,,N,B,Y,N,0,124,0
K823,07,7E,1,K820,48,,N,B,Y,N,0,124,0
K820,07,7E,1,K820,48,,N,B,Y,N,0,124,0
K830,07,7E,1,K830,48,,N,B,Y,N,0,124,0
K832,07,7E,1,K832,48,,N,B,Y,N,0,124,0
K833,07,7E,1,K832,48,,N,B,Y,N,0,124,0
K859,07,7C,1,K850,57,,N,B,Y,N,0,124,0
K851,07,7C,1,K850,57,,N,B,Y,N,0,124,0
K850,07,7C,1,K850,57,,N,B,Y,N,0,124,0
K858,07,7C,1,K850,57,,N,B,Y,N,0,124,0
K853,07,7C,1,K850,57,,N,B,Y,N,0,124,0
K861,07,7C,1,K850,57,,N,B,Y,N,0,124,0
K852,07,7C,1,K850,57,,N,B,Y,N,1,124,0
K862,07,7C,1,K862,57,,N,B,Y,N,0,124,0
K863,07,7C,1,K862,57,,N,B,Y,N,0,124,0
K9128,06,6H,1,K912,77,,N,B,Y,N,0,124,0
K912,06,6H,1,K912,77,,N,B,Y,N,0,124,0
K9129,06,6H,1,K912,77,,N,B,Y,N,0,124,0
K9120,06,6H,1,K912,77,,N,B,Y,N,0,124,0
K913,06,6J,1,K913,26,,N,B,Y,N,0,124,0
K930,06,6J,1,K930,78,D,N,B,N,N,0,124,0
L038,09,9G,1,L031,38,,N,B,Y,N,0,124,0
L983,09,9G,1,L031,38,,N,B,Y,N,0,124,0
L031,09,9G,1,L031,38,,N,B,Y,N,0,124,0
L032,09,9G,1,L031,38,,N,B,Y,N,0,124,0
L033,09,9G,1,L033,38,,N,B,Y,N,0,124,0
L050,09,9G,1,L050,38,,N,B,Y,N,0,124,0
L100,09,9B,1,L100,73,,N,B,Y,N,0,124,0
L109,09,9B,1,L100,73,,N,B,Y,N,0,124,0
L106,09,9B,1,L100,73,,N,B,Y,N,0,124,0
L101,09,9B,1,L100,73,,N,B,Y,N,0,124,0
L105,09,9B,1,L100,73,,N,B,Y,N,0,124,0
L104,09,9B,1,L100,73,,N,B,Y,N,0,124,0
L108,09,9B,1,L100,73,,N,B,Y,N,0,124,0
L102,09,9B,1,L100,73,,N,B,Y,N,0,124,0
L103,09,9B,1,L100,73,,N,B,Y,N,0,124,0
L129,09,9B,1,L120,73,,N,B,Y,N,0,124,0
L128,09,9B,1,L120,73,,N,B,Y,N,0,124,0
L121,09,9B,1,L120,73,,N,B,Y,N,0,124,0
L122,09,9B,1,L120,73,,N,B,Y,N,0,124,0
L123,09,9B,1,L120,73,,N,B,Y,N,0,124,0
L120,09,9B,1,L120,73,,N,B,Y,N,0,124,0
L405,08,8F,1,L405,80,,N,B,Y,N,0,124,0
L532,09,9D,1,L444,73,,N,B,Y,N,0,124,0
L531,09,9D,1,L444,73,,N,B,Y,N,0,124,0
L444,09,9C,1,L444,73,,N,B,Y,N,0,124,0
L533,09,9D,1,L444,73,,N,B,Y,N,0,124,0
L530,09,9B,1,L444,73,,N,B,Y,N,0,124,0
L893,09,9A,1,L89,14,,N,B,Y,N,0,124,0
L892,09,9A,1,L89,14,,N,B,Y,N,0,124,0
L89,09,9A,1,L89,14,,N,B,Y,N,0,124,0
L97,09,9A,1,L89,14,,N,B,Y,N,0,124,0
L890,09,9A,1,L89,14,,N,B,Y,N,0,124,0
L984,09,9A,1,L89,14,,N,B,Y,N,0,124,0
L899,09,9A,1,L89,14,,N,B,Y,N,0,124,0
L891,09,9A,1,L89,14,,N,B,Y,N,0,124,0
L944,09,9D,1,L944,80,,N,B,Y,N,0,124,0
M0000,08,8G,1,M0000,9,,N,B,Y,N,0,124,0
M0099,08,8G,1,M0000,9,,N,B,Y,N,0,124,0
M0098,08,8G,1,M0000,9,,N,B,Y,N,0,124,0
M0010,08,8G,1,M0000,9,,N,B,Y,N,0,124,0
M0009,08,8G,1,M0000,9,,N,B,Y,N,0,124,0
M0029,08,8G,1,M0000,9,,N,B,Y,N,0,124,0
M0019,08,8G,1,M0000,9,,N,B,Y,N,0,124,0
M0008,08,8G,1,M0000,9,,N,B,Y,N,0,124,0
M0090,08,8G,1,M0000,9,,N,B,Y,N,0,124,0
M0020,08,8G,1,M0000,9,,N,B,Y,N,0,124,0
M0028,08,8G,1,M0000,9,,N,B,Y,N,0,124,0
M0018,08,8G,1,M0000,9,,N,B,Y,N,0,124,0
M0091,08,8G,1,M0001,9,,N,B,Y,N,0,124,0
M0021,08,8G,1,M0001,9,,N,B,Y,N,0,124,0
M0001,08,8G,1,M0001,9,,N,B,Y,N,0,124,0
M0011,08,8G,1,M0001,9,,N,B,Y,N,0,124,0
M0093,08,8G,1,M0002,9,,N,B,Y,N,0,124,0
M0002,08,8G,1,M0002,9,,N,B,Y,N,0,124,0
M0023,08,8G,1,M0002,9,,N,B,Y,N,0,124,0
M0092,08,8G,1,M0002,9,,N,B,Y,N,0,124,0
M0003,08,8G,1,M0002,9,,N,B,Y,N,0,124,0
M0013,08,8G,1,M0002,9,,N,B,Y,N,0,124,0
M0022,08,8G,1,M0002,9,,N,B,Y,N,0,124,0
M0012,08,8G,1,M0002,9,,N,B,Y,N,0,124,0
M0024,08,8G,1,M0004,9,,N,B,Y,N,0,124,0
M0094,08,8G,1,M0004,9,,N,B,Y,N,0,124,0
M0004,08,8G,1,M0004,9,,N,B,Y,N,0,124,0
M0014,08,8G,1,M0004,9,,N,B,Y,N,0,124,0
M0025,08,8G,1,M0005,9,,N,B,Y,N,0,124,0
M0005,08,8G,1,M0005,9,,N,B,Y,N,0,124,0
M0015,08,8G,1,M0005,9,,N,B,Y,N,0,124,0
M0095,08,8G,1,M0005,9,,N,B,Y,N,0,124,0
M0096,08,8G,1,M0006,9,,N,B,Y,N,0,124,0
M0026,08,8G,1,M0006,9,,N,B,Y,N,0,124,0
M0016,08,8G,1,M0006,9,,N,B,Y,N,0,124,0
M0006,08,8G,1,M0006,9,,N,B,Y,N,0,124,0
M0097,08,8G,1,M0007,9,,N,B,Y,N,0,124,0
M0027,08,8G,1,M0007,9,,N,B,Y,N,0,124,0
M0007,08,8G,1,M0007,9,,N,B,Y,N,0,124,0
M0017,08,8G,1,M0007,9,,N,B,Y,N,0,124,0
M0103,08,8G,1,M0100,9,,N,B,N,N,0,124,0
M0102,08,8G,1,M0100,9,,N,B,N,N,0,124,0
M0107,08,8G,1,M0100,9,,N,B,N,N,0,124,0
M0101,08,8G,1,M0100,9,,N,B,N,N,0,124,0
M0105,08,8G,1,M0100,9,,N,B,N,N,0,124,0
M0106,08,8G,1,M0100,9,,N,B,N,N,0,124,0
M0109,08,8G,1,M0100,9,,N,B,N,N,0,124,0
M0104,08,8G,1,M0100,9,,N,B,N,N,0,124,0
M0100,08,8G,1,M0100,9,,N,B,N,N,0,124,0
M0108,08,8G,1,M0100,9,,N,B,N,N,0,124,0
M0169,08,8G,1,M0160,9,,N,B,N,N,0,124,0
M0168,08,8G,1,M0160,9,,N,B,N,N,0,124,0
M0160,08,8G,1,M0160,9,,N,B,N,N,0,124,0
M0161,08,8G,1,M0161,9,,N,B,N,N,0,124,0
M0162,08,8G,1,M0162,9,,N,B,N,N,0,124,0
M0163,08,8G,1,M0162,9,,N,B,N,N,0,124,0
M0164,08,8G,1,M0164,9,,N,B,N,N,0,124,0
M0165,08,8G,1,M0165,9,,N,B,N,N,0,124,0
M0166,08,8G,1,M0166,9,,N,B,N,N,0,124,0
M0167,08,8G,1,M0167,9,,N,B,N,N,0,124,0
M0618,08,8S,1,M0500,80,,N,B,Y,N,16,124,0
M0500,08,8F,1,M0500,80,,N,B,Y,N,0,124,0
M0886,08,8F,1,M0500,80,,N,B,Y,N,0,124,0
M0887,08,8F,1,M0500,80,,N,B,Y,N,0,124,0
M0980,08,8J,1,M0500,80,,N,B,N,N,0,124,0
M0508,08,8F,1,M0500,80,,N,B,Y,N,0,124,0
M0882,08,8F,1,M0500,80,,N,B,Y,N,0,124,0
M0527,08,8F,1,M0500,80,,N,B,Y,N,16,124,0
M0807,08,8F,1,M0500,80,,N,B,Y,N,0,124,0
M0849,08,8F,1,M0500,80,,N,B,Y,N,0,124,0
M0897,08,8F,1,M0500,80,,N,B,Y,N,0,124,0
M0800,08,8F,1,M0500,80,,N,B,Y,N,0,124,0
M0825,08,8F,1,M0500,80,,N,B,Y,N,0,124,0
M0803,08,8F,1,M0500,80,,N,B,Y,N,0,124,0
M0898,08,8F,1,M0500,80,,N,B,Y,N,0,124,0
M0884,08,8F,1,M0500,80,,N,B,Y,N,0,124,0
M0844,08,8F,1,M0500,80,,N,B,Y,N,0,124,0
M0822,08,8F,1,M0500,80,,N,B,Y,N,0,124,0
M0984,08,8J,1,M0500,80,,N,B,N,N,0,124,0
M0801,08,8F,1,M0500,80,,N,B,Y,N,0,124,0
M0896,08,8F,1,M0500,80,,N,B,Y,N,0,124,0
M0507,08,8F,1,M0500,80,,N,B,Y,N,0,124,0
M0501,08,8F,1,M0500,80,,N,B,Y,N,0,124,0
M0982,08,8J,1,M0500,80,,N,B,N,N,0,124,0
M0899,08,8F,1,M0500,80,,N,B,Y,N,0,124,0
M0808,08,8F,1,M0500,80,,N,B,Y,N,0,124,0
M0842,08,8F,1,M0500,80,,N,B,Y,N,0,124,0
M0828,08,8F,1,M0500,80,,N,B,Y,N,0,124,0
M0526,08,8F,1,M0500,80,,N,B,Y,N,16,124,0
M0520,08,8F,1,M0500,80,,N,B,Y,N,16,124,0
M0619,08,8S,1,M0500,80,,N,B,Y,N,16,124,0
M0503,08,8F,1,M0500,80,,N,B,Y,N,0,124,0
M0988,08,8J,1,M0500,80,,N,B,N,N,0,124,0
M0890,08,8F,1,M0500,80,,N,B,Y,N,0,124,0
M0502,08,8F,1,M0500,80,,N,B,Y,N,0,124,0
M0892,08,8F,1,M0500,80,,N,B,Y,N,0,124,0
M0843,08,8F,1,M0500,80,,N,B,Y,N,0,124,0
M0505,08,8F,1,M0500,80,,N,B,Y,N,0,124,0
M083,08,8F,1,M0500,80,,N,B,Y,N,0,124,0
M0614,08,8S,1,M0500,80,,N,B,Y,N,16,124,0
M0809,08,8F,1,M0500,80,,N,B,Y,N,0,124,0
M0981,08,8J,1,M0500,80,,N,B,N,N,0,124,0
M0845,08,8F,1,M0500,80,,N,B,Y,N,0,124,0
M0986,08,8J,1,M0500,80,,N,B,N,N,0,124,0
M0615,08,8S,1,M0500,80,,N,B,Y,N,16,124,0
M0613,08,8S,1,M0500,80,,N,B,Y,N,16,124,0
M0610,08,8S,1,M0500,80,,N,B,Y,N,16,124,0
M0846,08,8F,1,M0500,80,,N,B,Y,N,0,124,0
M0880,08,8F,1,M0500,80,,N,B,Y,N,0,124,0
M0989,08,8J,1,M0500,80,,N,B,N,N,0,124,0
M0829,08,8F,1,M0500,80,,N,B,Y,N,0,124,0
M0895,08,8F,1,M0500,80,,N,B,Y,N,0,124,0
M0883,08,8F,1,M0500,80,,N,B,Y,N,0,124,0
M0617,08,8S,1,M0500,80,,N,B,Y,N,16,124,0
M0805,08,8F,1,M0500,80,,N,B,Y,N,0,124,0
M0983,08,8J,1,M0500,80,,N,B,N,N,0,124,0
M0893,08,8F,1,M0500,80,,N,B,Y,N,0,124,0
M0522,08,8F,1,M0500,80,,N,B,Y,N,16,124,0
M0985,08,8J,1,M0500,80,,N,B,N,N,0,124,0
M0820,08,8F,1,M0500,80,,N,B,Y,N,0,124,0
M0987,08,8J,1,M0500,80,,N,B,N,N,0,124,0
M0894,08,8F,1,M0500,80,,N,B,Y,N,0,124,0
M0802,08,8F,1,M0500,80,,N,B,Y,N,0,124,0
M0524,08,8F,1,M0500,80,,N,B,Y,N,16,124,0
M0824,08,8F,1,M0500,80,,N,B,Y,N,0,124,0
M0847,08,8F,1,M0500,80,,N,B,Y,N,0,124,0
M0506,08,8F,1,M0500,80,,N,B,Y,N,0,124,0
M0612,08,8S,1,M0500,80,,N,B,Y,N,16,124,0
M0804,08,8F,1,M0500,80,,N,B,Y,N,0,124,0
M0529,08,8F,1,M0500,80,,N,B,Y,N,16,124,0
M0611,08,8S,1,M0500,80,,N,B,Y,N,16,124,0
M0881,08,8F,1,M0500,80,,N,B,Y,N,0,124,0
M0826,08,8F,1,M0500,80,,N,B,Y,N,0,124,0
M0821,08,8F,1,M0500,80,,N,B,Y,N,0,124,0
M0521,08,8F,1,M0500,80,,N,B,Y,N,16,124,0
M0889,08,8F,1,M0500,80,,N,B,Y,N,0,124,0
M0806,08,8F,1,M0500,80,,N,B,Y,N,0,124,0
M0848,08,8F,1,M0500,80,,N,B,Y,N,0,124,0
M0509,08,8F,1,M0500,80,,N,B,Y,N,0,124,0
M0891,08,8F,1,M0500,80,,N,B,Y,N,0,124,0
M0840,08,8F,1,M0500,80,,N,B,Y,N,0,124,0
M0885,08,8F,1,M0500,80,,N,B,Y,N,0,124,0
M0616,08,8S,1,M0500,80,,N,B,Y,N,16,124,0
M0841,08,8F,1,M0500,80,,N,B,Y,N,0,124,0
M0504,08,8F,1,M0500,80,,N,B,Y,N,0,124,0
M0528,08,8F,1,M0500,80,,N,B,Y,N,16,124,0
M0888,08,8F,1,M0500,80,,N,B,Y,N,0,124,0
M0523,08,8F,1,M0500,80,,N,B,Y,N,16,124,0
M0827,08,8F,1,M0500,80,,N,B,Y,N,0,124,0
M0823,08,8F,1,M0500,80,,N,B,Y,N,0,124,0
M0525,08,8F,1,M0500,80,,N,B,Y,N,16,124,0
M0534,08,8F,1,M0530,80,,N,B,Y,N,16,124,0
M0532,08,8F,1,M0530,80,,N,B,Y,N,16,124,0
M0538,08,8F,1,M0530,80,,N,B,Y,N,16,124,0
M0533,08,8F,1,M0530,80,,N,B,Y,N,16,124,0
M0539,08,8F,1,M0530,80,,N,B,Y,N,16,124,0
M0535,08,8F,1,M0530,80,,N,B,Y,N,16,124,0
M0531,08,8F,1,M0530,80,,N,B,Y,N,16,124,0
M0537,08,8F,1,M0530,80,,N,B,Y,N,16,124,0
M0536,08,8F,1,M0530,80,,N,B,Y,N,16,124,0
M0530,08,8F,1,M0530,80,,N,B,Y,N,16,124,0
M0733,08,8F,1,M0704,80,,N,B,N,N,16,124,0
M0717,08,8F,1,M0704,80,,N,B,N,N,16,124,0
M0732,08,8F,1,M0704,80,,N,B,N,N,16,124,0
M0736,08,8F,1,M0704,80,,N,B,N,N,16,124,0
M0704,08,8F,1,M0704,80,,N,B,N,N,16,124,0
M0906,08,8F,1,M0704,80,,N,B,N,N,0,124,0
M0731,08,8F,1,M0704,80,,N,B,N,N,16,124,0
M0738,08,8F,1,M0704,80,,N,B,N,N,16,124,0
M0719,08,8F,1,M0704,80,,N,B,N,N,16,124,0
M0730,08,8F,1,M0704,80,,N,B,N,N,16,124,0
M0709,08,8F,1,M0704,80,,N,B,N,N,16,124,0
M0734,08,8F,1,M0704,80,,N,B,N,N,16,124,0
M0739,08,8F,1,M0704,80,,N,B,N,N,16,124,0
M0718,08,8F,1,M0704,80,,N,B,N,N,16,124,0
M0905,08,8F,1,M0704,80,,N,B,N,N,0,124,0
M0716,08,8F,1,M0704,80,,N,B,N,N,16,124,0
M0710,08,8F,1,M0704,80,,N,B,N,N,16,124,0
M0901,08,8F,1,M0704,80,,N,B,N,N,0,124,0
M0714,08,8F,1,M0704,80,,N,B,N,N,16,124,0
M0707,08,8F,1,M0704,80,,N,B,N,N,16,124,0
M0711,08,8F,1,M0704,80,,N,B,N,N,16,124,0
M0903,08,8F,1,M0704,80,,N,B,N,N,0,124,0
M0900,08,8F,1,M0704,80,,N,B,N,N,0,124,0
M0735,08,8F,1,M0704,80,,N,B,N,N,16,124,0
M0904,08,8F,1,M0704,80,,N,B,N,N,0,124,0
M0737,08,8F,1,M0704,80,,N,B,N,N,16,124,0
M0715,08,8F,1,M0704,80,,N,B,N,N,16,124,0
M0909,08,8F,1,M0704,80,,N,B,N,N,0,124,0
M072,08,8F,1,M0704,80,,N,B,N,N,16,124,0
M0902,08,8F,1,M0704,80,,N,B,N,N,0,124,0
M0907,08,8F,1,M0704,80,,N,B,N,N,0,124,0
M0908,08,8F,1,M0704,80,,N,B,N,N,0,124,0
M0712,08,8F,1,M0704,80,,N,B,N,N,16,124,0
M0713,08,8F,1,M0704,80,,N,B,N,N,16,124,0
M302,08,8S,1,M300,80,,N,B,Y,N,0,124,0
M313,08,8E,1,M300,80,,N,B,Y,N,0,124,0
M300,08,8S,1,M300,80,,N,B,Y,N,16,124,0
M315,08,8F,1,M300,80,,N,B,Y,N,16,124,0
M301,08,8S,1,M300,80,,N,B,Y,N,0,124,0
M318,08,8S,1,M300,80,,N,B,Y,N,0,124,0
M311,08,8S,1,M300,80,,N,B,Y,N,0,124,0
M316,08,8F,1,M300,80,,N,B,Y,N,0,124,0
M319,08,8S,1,M300,80,,N,B,Y,N,0,124,0
M310,08,8S,1,M300,80,,N,B,Y,N,0,124,0
M314,05,5F,1,M300,80,,N,B,Y,N,0,124,0
M312,08,8E,1,M300,70,,N,B,Y,N,0,124,0
M308,08,8S,1,M300,80,,N,B,Y,N,0,124,0
M317,08,8S,1,M300,80,,N,B,Y,N,0,124,0
M320,08,8S,1,M320,80,,N,B,Y,N,0,124,0
M328,08,8S,1,M320,80,,N,B,Y,N,0,124,0
M329,08,8S,1,M320,80,,N,B,Y,N,0,124,0
M321,08,8S,1,M321,80,,N,B,Y,N,0,124,0
M360,08,8F,1,M330,80,,N,B,N,N,0,124,0
M339,08,8S,1,M330,80,,N,B,Y,N,0,124,0
M330,08,8S,1,M330,80,,N,B,Y,N,0,124,0
M331,08,8S,1,M330,80,,N,B,Y,N,16,124,0
M332,08,8S,1,M332,80,,N,B,Y,N,0,124,0
M342,08,8S,1,M340,80,,N,B,Y,N,0,124,0
M340,08,8S,1,M340,80,,N,B,Y,N,0,124,0
M341,08,8S,1,M340,80,,N,B,Y,N,0,124,0
M348,08,8S,1,M340,80,,N,B,Y,N,0,124,0
M349,08,8S,1,M340,80,,N,B,Y,N,0,124,0
M351,08,8S,1,M351,80,,N,B,Y,N,0,124,0
M358,08,8S,1,M351,80,,N,B,Y,N,0,124,0
M355,08,8S,1,M351,80,,N,B,Y,N,0,124,0
M354,08,8S,1,M354,73,,N,B,Y,N,0,124,0
M4959,08,8E,1,M4840,70,,N,B,N,N,0,124,0
M4841,08,8E,1,M4840,70,,N,B,Y,N,0,124,0
M4846,08,8E,1,M4840,70,,N,B,Y,N,0,124,0
M4848,08,8E,1,M4840,70,,N,B,Y,N,0,124,0
M4955,08,8E,1,M4840,70,,N,B,N,N,0,124,0
M8433,08,8E,1,M4840,70,,N,B,Y,N,0,124,0
M4857,08,8E,1,M4840,70,,N,B,Y,N,0,124,0
M9076,08,8E,1,M4840,70,,N,B,N,N,0,124,0
M4856,08,8E,1,M4840,70,,N,B,Y,N,0,124,0
M9077,08,8E,1,M4840,70,,N,B,N,N,0,124,0
M8445,08,8E,1,M4840,70,,N,B,Y,N,0,124,0
M9073,08,8E,1,M4840,70,,N,B,N,N,0,124,0
M8432,08,8E,1,M4840,70,,N,B,Y,N,0,124,0
M4957,08,8E,1,M4840,70,,N,B,N,N,0,124,0
M8447,08,8E,1,M4840,70,,N,B,Y,N,0,124,0
M8443,08,8E,1,M4840,70,,N,B,Y,N,0,124,0
M4855,08,8E,1,M4840,70,,N,B,Y,N,0,124,0
M4954,08,8E,1,M4840,70,,N,B,N,N,0,124,0
M8434,08,8E,1,M4840,70,,N,B,Y,N,0,124,0
M4844,08,8E,1,M4840,70,,N,B,Y,N,0,124,0
M4847,08,8E,1,M4840,70,,N,B,Y,N,0,124,0
M8440,08,8E,1,M4840,70,,N,B,Y,N,0,124,0
M8436,08,8E,1,M4840,70,,N,B,Y,N,0,124,0
M9074,08,8E,1,M4840,70,,N,B,N,N,0,124,0
M4952,08,8E,1,M4840,70,,N,B,N,N,0,124,0
M4853,08,8E,1,M4840,70,,N,B,Y,N,0,124,0
M4854,08,8E,1,M4840,70,,N,B,Y,N,0,124,0
M8438,08,8E,1,M4840,70,,N,B,Y,N,0,124,0
M9078,08,8E,1,M4840,70,,N,B,N,N,0,124,0
M8431,08,8E,1,M4840,70,,N,B,Y,N,0,124,0
M4958,08,8E,1,M4840,70,,N,B,N,N,0,124,0
M8442,08,8E,1,M4840,70,,N,B,Y,N,0,124,0
M4956,08,8E,1,M4840,70,,N,B,N,N,0,124,0
M8430,08,8E,1,M4840,70,,N,B,Y,N,0,124,0
M4951,08,8E,1,M4840,70,,N,B,N,N,0,124,0
M8441,08,8E,1,M4840,70,,N,B,Y,N,0,124,0
M4859,08,8E,1,M4840,70,,N,B,Y,N,0,124,0
M4843,08,8E,1,M4840,70,,N,B,Y,N,0,124,0
M8435,08,8E,1,M4840,70,,N,B,Y,N,0,124,0
M9072,08,8E,1,M4840,70,,N,B,N,N,0,124,0
M4849,08,8E,1,M4840,70,,N,B,Y,N,0,124,0
M4953,08,8E,1,M4840,70,,N,B,N,N,0,124,0
M8444,08,8E,1,M4840,70,,N,B,Y,N,0,124,0
M9071,08,8E,1,M4840,70,,N,B,N,N,0,124,0
M8448,08,8E,1,M4840,70,,N,B,Y,N,0,124,0
M4858,08,8E,1,M4840,70,,N,B,Y,N,0,124,0
M4845,08,8E,1,M4840,70,,N,B,Y,N,0,124,0
M9079,08,8E,1,M4840,70,,N,B,N,N,0,124,0
M8446,08,8E,1,M4840,70,,N,B,Y,N,0,124,0
M8437,08,8E,1,M4840,70,,N,B,Y,N,0,124,0
M4850,08,8E,1,M4840,70,,N,B,Y,N,0,124,0
M4851,08,8E,1,M4840,70,,N,B,Y,N,0,124,0
M8439,08,8E,1,M4840,70,,N,B,Y,N,0,124,0
M8449,08,8E,1,M4840,70,,N,B,Y,N,0,124,0
M4840,08,8E,1,M4840,70,,N,B,Y,N,0,124,0
M4950,08,8E,1,M4840,70,,N,B,N,N,0,124,0
M9070,08,8E,1,M4840,70,,N,B,N,N,0,124,0
M4852,08,8E,1,M4840,70,,N,B,Y,N,0,124,0
M4842,08,8E,1,M4840,70,,N,B,Y,N,0,124,0
M501,08,8H,1,M501,93,,N,B,Y,N,0,124,0
M6004,08,8M,1,M6000,73,,N,B,Y,N,0,124,0
M6002,08,8M,1,M6000,73,,N,B,Y,N,0,124,0
M6006,08,8M,1,M6000,73,,N,B,Y,N,0,124,0
M6000,08,8M,1,M6000,73,,N,B,Y,N,0,124,0
M6008,08,8M,1,M6000,73,,N,B,Y,N,0,124,0
M6007,08,8M,1,M6000,73,,N,B,Y,N,0,124,0
M6005,08,8M,1,M6000,73,,N,B,Y,N,0,124,0
M6001,08,8M,1,M6000,73,,N,B,Y,N,0,124,0
M6003,08,8M,1,M6000,73,,N,B,Y,N,0,124,0
M6009,08,8M,1,M6000,73,,N,B,Y,N,0,124,0
M6229,08,8M,1,M6220,73,,N,B,Y,N,0,124,0
M6228,08,8M,1,M6220,73,,N,B,Y,N,0,124,0
M6222,08,8M,1,M6220,73,,N,B,Y,N,0,124,0
M6221,08,8M,1,M6220,73,,N,B,Y,N,0,124,0
M6227,08,8M,1,M6220,73,,N,B,Y,N,0,124,0
M6220,08,8M,1,M6220,73,,N,B,Y,N,0,124,0
M6226,08,8M,1,M6220,73,,N,B,Y,N,0,124,0
M6284,08,8M,1,M6220,73,,N,B,Y,N,0,124,0
M6287,08,8M,1,M6220,73,,N,B,Y,N,0,124,0
M6224,08,8M,1,M6220,73,,N,B,Y,N,0,124,0
M6225,08,8M,1,M6220,73,,N,B,Y,N,0,124,0
M6223,08,8M,1,M6220,73,,N,B,Y,N,0,124,0
M6282,08,8M,1,M6220,73,,N,B,Y,N,0,124,0
M6286,08,8M,1,M6220,73,,N,B,Y,N,0,124,0
M6281,08,8M,1,M6220,73,,N,B,Y,N,0,124,0
M6280,08,8M,1,M6220,73,,N,B,Y,N,0,124,0
M6283,08,8M,1,M6220,73,,N,B,Y,N,0,124,0
M6285,08,8M,1,M6220,73,,N,B,Y,N,0,124,0
M630,08,8M,1,M630,73,,N,B,N,N,0,124,0
M6305,08,8M,1,M630,73,,N,B,N,N,0,124,0
M6302,08,8M,1,M630,73,,N,B,N,N,0,124,0
M6307,08,8M,1,M630,73,,N,B,N,N,0,124,0
M6304,08,8M,1,M630,73,,N,B,N,N,0,124,0
M6301,08,8M,1,M630,73,,N,B,N,N,0,124,0
M6300,08,8M,1,M630,73,,N,B,N,N,0,124,0
M6306,08,8M,1,M630,73,,N,B,N,N,0,124,0
M6309,08,8M,1,M630,73,,N,B,N,N,0,124,0
M6308,08,8M,1,M630,73,,N,B,N,N,0,124,0
M6303,08,8M,1,M630,73,,N,B,N,N,0,124,0
M6311,08,8M,1,M631,73,,N,B,N,N,0,124,0
M6317,08,8M,1,M631,73,,N,B,N,N,0,124,0
M6318,08,8M,1,M631,73,,N,B,N,N,0,124,0
M6313,08,8M,1,M631,73,,N,B,N,N,0,124,0
M6312,08,8M,1,M631,73,,N,B,N,N,0,124,0
M6316,08,8M,1,M631,73,,N,B,N,N,0,124,0
M631,08,8M,1,M631,73,,N,B,N,N,0,124,0
M6314,08,8M,1,M631,73,,N,B,N,N,0,124,0
M6319,08,8M,1,M631,73,,N,B,N,N,0,124,0
M6315,08,8M,1,M631,73,,N,B,N,N,0,124,0
M6310,08,8M,1,M631,73,,N,B,N,N,0,124,0
M6325,08,8M,1,M632,73,,N,B,N,N,0,124,0
M6321,08,8M,1,M632,73,,N,B,N,N,0,124,0
M632,08,8M,1,M632,73,,N,B,N,N,0,124,0
M6326,08,8M,1,M632,73,,N,B,N,N,0,124,0
M6323,08,8M,1,M632,73,,N,B,N,N,0,124,0
M6328,08,8M,1,M632,73,,N,B,N,N,0,124,0
M6327,08,8M,1,M632,73,,N,B,N,N,0,124,0
M6320,08,8M,1,M632,73,,N,B,N,N,0,124,0
M6324,08,8M,1,M632,73,,N,B,N,N,0,124,0
M6322,08,8M,1,M632,73,,N,B,N,N,0,124,0
M6329,08,8M,1,M632,73,,N,B,N,N,0,124,0
M6333,08,8M,1,M633,73,,N,B,N,N,0,124,0
M6338,08,8M,1,M633,73,,N,B,N,N,0,124,0
M6330,08,8M,1,M633,73,,N,B,N,N,0,124,0
M6335,08,8M,1,M633,73,,N,B,N,N,0,124,0
M6337,08,8M,1,M633,73,,N,B,N,N,0,124,0
M6336,08,8M,1,M633,73,,N,B,N,N,0,124,0
M6332,08,8M,1,M633,73,,N,B,N,N,0,124,0
M6334,08,8M,1,M633,73,,N,B,N,N,0,124,0
M6331,08,8M,1,M633,73,,N,B,N,N,0,124,0
M6339,08,8M,1,M633,73,,N,B,N,N,0,124,0
M633,08,8M,1,M633,73,,N,B,N,N,0,124,0
M6384,08,8M,1,M638,73,,N,B,N,N,0,124,0
M6383,08,8M,1,M638,73,,N,B,N,N,0,124,0
M6382,08,8M,1,M638,73,,N,B,N,N,0,124,0
M6381,08,8M,1,M638,73,,N,B,N,N,0,124,0
M6385,08,8M,1,M638,73,,N,B,N,N,0,124,0
M6387,08,8M,1,M638,73,,N,B,N,N,0,124,0
M6388,08,8M,1,M638,73,,N,B,N,N,0,124,0
M6380,08,8M,1,M638,73,,N,B,N,N,0,124,0
M6389,08,8M,1,M638,73,,N,B,N,N,0,124,0
M638,08,8M,1,M638,73,,N,B,N,N,0,124,0
M6386,08,8M,1,M638,73,,N,B,N,N,0,124,0
M8425,08,8R,1,M8400,55,,N,B,Y,N,0,124,0
M8406,08,8R,1,M8400,55,,N,B,Y,N,0,124,0
M8428,08,8R,1,M8400,55,,N,B,Y,N,0,124,0
M8420,08,8R,1,M8400,55,,N,B,Y,N,0,124,0
M8412,08,8R,1,M8400,55,,N,B,Y,N,0,124,0
M8405,08,8R,1,M8400,55,,N,B,Y,N,0,124,0
M8402,08,8R,1,M8400,55,,N,B,Y,N,0,124,0
M8414,08,8R,1,M8400,55,,N,B,Y,N,0,124,0
M8404,08,8R,1,M8400,55,,N,B,Y,N,0,124,0
M8410,08,8R,1,M8400,55,,N,B,Y,N,0,124,0
M8418,08,8R,1,M8400,55,,N,B,Y,N,0,124,0
M8401,08,8R,1,M8400,55,,N,B,Y,N,0,124,0
M8424,08,8R,1,M8400,55,,N,B,Y,N,0,124,0
M960,08,8R,1,M8400,55,,N,B,Y,N,0,124,0
M8400,08,8R,1,M8400,55,,N,B,Y,N,0,124,0
M8409,08,8R,1,M8400,55,,N,B,Y,N,0,124,0
M8416,08,8R,1,M8400,55,,N,B,Y,N,0,124,0
M8429,08,8R,1,M8400,55,,N,B,Y,N,0,124,0
M8421,08,8R,1,M8400,55,,N,B,Y,N,0,124,0
M8417,08,8R,1,M8400,55,,N,B,Y,N,0,124,0
M8403,08,8R,1,M8400,55,,N,B,Y,N,0,124,0
M8426,08,8R,1,M8400,55,,N,B,Y,N,0,124,0
M8423,08,8R,1,M8400,55,,N,B,Y,N,0,124,0
M8422,08,8R,1,M8400,55,,N,B,Y,N,0,124,0
M8419,08,8R,1,M8400,55,,N,B,Y,N,0,124,0
M8407,08,8R,1,M8400,55,,N,B,Y,N,0,124,0
M9075,08,8E,1,M8400,70,,N,B,N,N,0,124,0
M8415,08,8R,1,M8400,55,,N,B,Y,N,0,124,0
M8411,08,8R,1,M8400,55,,N,B,Y,N,0,124,0
M8408,08,8R,1,M8400,55,,N,B,Y,N,0,124,0
M8413,08,8R,1,M8400,55,,N,B,Y,N,0,124,0
M8427,08,8R,1,M8400,55,,N,B,Y,N,0,124,0
M8628,08,8D,1,M8600,9,,N,B,Y,N,0,124,0
M9009,08,8D,1,M8600,9,,N,B,N,N,0,124,0
M8600,08,8D,1,M8600,9,,N,B,Y,N,0,124,0
M8610,08,8D,1,M8600,9,,N,B,Y,N,0,124,0
M8630,08,8D,1,M8600,9,,N,B,Y,N,0,124,0
M8608,08,8D,1,M8600,9,,N,B,Y,N,0,124,0
M8620,08,8D,1,M8600,9,,N,B,Y,N,0,124,0
M9008,08,8D,1,M8600,9,,N,B,N,N,0,124,0
M8629,08,8D,1,M8600,9,,N,B,Y,N,0,124,0
M8609,08,8D,1,M8600,9,,N,B,Y,N,0,124,0
M9000,08,8D,1,M8600,9,,N,B,N,N,0,124,0
M8619,08,8D,1,M8600,9,,N,B,Y,N,0,124,0
M8618,08,8D,1,M8600,9,,N,B,Y,N,0,124,0
M8611,08,8D,1,M8601,9,,N,B,Y,N,0,124,0
M8621,08,8D,1,M8601,9,,N,B,Y,N,0,124,0
M8601,08,8D,1,M8601,9,,N,B,Y,N,0,124,0
M8624,08,8D,1,M8602,9,,N,B,Y,N,0,124,0
M8614,08,8D,1,M8602,9,,N,B,Y,N,0,124,0
M8612,08,8D,1,M8602,9,,N,B,Y,N,0,124,0
M8625,08,8D,1,M8602,9,,N,B,Y,N,0,124,0
M8623,08,8D,1,M8602,9,,N,B,Y,N,0,124,0
M8603,08,8D,1,M8602,9,,N,B,Y,N,0,124,0
M8604,08,8D,1,M8602,9,,N,B,Y,N,0,124,0
M8602,08,8D,1,M8602,9,,N,B,Y,N,0,124,0
M8615,08,8D,1,M8602,9,,N,B,Y,N,0,124,0
M8622,08,8D,1,M8602,9,,N,B,Y,N,0,124,0
M8605,08,8D,1,M8602,9,,N,B,Y,N,0,124,0
M8613,08,8D,1,M8602,9,,N,B,Y,N,0,124,0
M8616,08,8D,1,M8606,9,,N,B,Y,N,0,124,0
M8626,08,8D,1,M8606,9,,N,B,Y,N,0,124,0
M8606,08,8D,1,M8606,9,,N,B,Y,N,0,124,0
M8627,08,8D,1,M8607,9,,N,B,Y,N,0,124,0
M8617,08,8D,1,M8607,9,,N,B,Y,N,0,124,0
M8607,08,8D,1,M8607,9,,N,B,Y,N,0,124,0
M9001,08,8D,1,M9001,9,,N,B,N,N,0,124,0
M9004,08,8D,1,M9002,9,,N,B,N,N,0,124,0
M9005,08,8D,1,M9002,9,,N,B,N,N,0,124,0
M9006,08,8D,1,M9002,9,,N,B,N,N,0,124,0
M9003,08,8D,1,M9002,9,,N,B,N,N,0,124,0
M9002,08,8D,1,M9002,9,,N,B,N,N,0,124,0
M9007,08,8D,1,M9007,9,,N,B,N,N,0,124,0
M9020,08,8D,1,M9020,9,,N,B,N,N,0,124,0
M9028,08,8D,1,M9020,9,,N,B,N,N,0,124,0
M9029,08,8D,1,M9020,9,,N,B,N,N,0,124,0
M9021,08,8D,1,M9021,9,,N,B,N,N,0,124,0
M9023,08,8D,1,M9022,9,,N,B,N,N,0,124,0
M9025,08,8D,1,M9022,9,,N,B,N,N,0,124,0
M9022,08,8D,1,M9022,9,,N,B,N,N,0,124,0
M9026,08,8D,1,M9022,9,,N,B,N,N,0,124,0
M9024,08,8D,1,M9022,9,,N,B,N,N,0,124,0
M9027,08,8D,1,M9027,9,,N,B,N,N,0,124,0
T847,08,8N,1,M969,37,,N,B,Y,N,0,124,0
T845,08,8N,1,M969,37,,N,B,Y,N,0,124,0
M969,08,8N,1,M969,37,,N,B,Y,N,0,124,0
T846,08,8N,1,M969,37,,N,B,Y,N,0,124,0
T848,08,8N,1,M969,37,,N,B,Y,N,0,124,0
N130,11,11E,1,N000,82,,N,B,Y,N,0,124,0
N132,11,11E,1,N000,82,,N,B,Y,N,0,124,0
N000,11,11H,1,N000,41,E,N,B,Y,N,0,124,0
N002,11,11H,1,N000,41,E,N,B,Y,N,0,124,0
N005,11,11H,1,N000,41,E,N,B,Y,N,0,124,0
N008,11,11H,1,N000,41,E,N,B,Y,N,0,124,0
N133,11,11E,1,N000,82,,N,B,Y,N,0,124,0
N001,11,11H,1,N000,41,E,N,B,Y,N,0,124,0
N007,11,11H,1,N000,41,E,N,B,Y,N,0,124,0
N006,11,11H,1,N000,41,E,N,B,Y,N,0,124,0
N131,11,11E,1,N000,82,,N,B,Y,N,0,124,0
N136,11,11D,1,N000,46,,N,B,Y,N,0,124,0
N003,11,11H,1,N003,41,E,N,B,Y,N,0,124,0
N013,11,11K,1,N003,41,E,N,B,Y,Y,0,124,28
N040,11,11H,1,N003,41,E,N,B,Y,N,0,124,0
N016,11,11K,1,N003,41,E,N,B,Y,Y,0,124,28
N045,11,11K,1,N003,41,E,N,B,Y,N,0,124,0
N043,11,11K,1,N003,41,E,N,B,Y,N,0,124,0
N047,11,11K,1,N003,84,E,N,B,Y,N,0,124,0
N017,11,11K,1,N003,41,E,N,B,Y,Y,0,124,28
N036,11,11H,1,N003,84,E,N,B,Y,Y,0,124,28
N019,11,11K,1,N003,41,E,N,B,Y,Y,0,124,28
N041,11,11H,1,N003,84,E,N,B,Y,N,0,124,0
N044,11,11K,1,N003,41,E,N,B,Y,N,0,124,0
N018,11,11K,1,N003,41,E,N,B,Y,Y,0,124,28
N042,11,11H,1,N003,84,E,N,B,Y,N,0,124,0
N009,11,11H,1,N003,41,E,N,B,Y,N,0,124,0
N046,11,11H,1,N003,41,E,N,B,Y,N,0,124,0
N014,11,11K,1,N003,41,E,N,B,Y,Y,0,124,28
N012,11,11K,1,N003,41,E,N,B,Y,Y,0,124,28
N010,11,11K,1,N003,41,E,N,B,Y,Y,0,124,28
N049,11,11H,1,N003,84,E,N,B,Y,N,0,124,0
N048,11,11H,1,N003,84,E,N,B,Y,N,0,124,0
N015,11,11K,1,N003,41,E,N,B,Y,Y,0,124,28
N011,11,11K,1,N003,41,E,N,B,Y,Y,0,124,28
N004,11,11H,1,N003,41,E,N,B,Y,N,0,124,0
N151,11,11D,1,N003,46,,N,B,Y,N,0,124,0
N020,11,11H,1,N020,83,,N,B,Y,N,0,124,0
N026,11,11H,1,N020,83,,N,B,Y,N,0,124,0
N028,11,11H,1,N020,83,,N,B,Y,N,0,124,0
N025,11,11K,1,N020,83,,N,B,Y,N,0,124,0
N022,11,11H,1,N020,83,,N,B,Y,N,0,124,0
N024,11,11K,1,N020,83,,N,B,Y,N,0,124,0
N027,11,11K,1,N020,83,,N,B,Y,N,0,124,0
N021,11,11H,1,N020,83,,N,B,Y,N,0,124,0
N023,11,11K,1,N020,83,,N,B,Y,N,0,124,0
N300,11,11D,1,N10,106,,N,B,Y,N,0,124,0
N10,11,11D,1,N10,46,,N,B,Y,N,0,124,0
N390,11,11D,1,N10,106,,N,B,Y,N,0,124,0
N134,11,11E,1,N134,82,,N,B,Y,N,0,124,0
N139,11,11H,1,N139,84,,N,B,Y,N,0,124,0
N189,11,11A,1,N170,52,,N,B,Y,Y,0,124,28
N181,11,11A,1,N170,52,,N,B,Y,Y,0,124,28
N172,11,11J,1,N170,4,,N,B,Y,N,0,124,0
N180,11,11A,1,N170,52,,N,B,Y,Y,0,124,28
N183,11,11A,1,N170,52,,N,B,Y,Y,0,124,28
N171,11,11J,1,N170,4,,N,B,Y,N,0,124,0
N182,11,11A,1,N170,52,,N,B,Y,Y,0,124,28
N184,11,11A,1,N170,52,,N,B,Y,Y,0,124,28
N179,11,11J,1,N170,4,,N,B,Y,N,0,124,0
N170,11,11J,1,N170,4,,N,B,Y,N,0,124,0
N19,11,11A,1,N170,4,,N,B,Y,N,0,124,0
N185,11,11A,1,N170,52,,N,B,Y,Y,0,124,28
N178,11,11J,1,N178,4,,N,B,Y,N,0,124,0
N188,11,11A,1,N188,52,,N,B,Y,Y,0,124,28
N201,11,11E,1,N200,82,,N,B,Y,N,0,124,0
N200,11,11E,1,N200,82,,N,B,Y,N,0,124,0
N202,11,11E,1,N200,82,,N,B,Y,N,0,124,0
N209,11,11E,1,N200,82,,N,B,Y,N,0,124,0
N304,11,11H,1,N304,84,,N,B,Y,N,0,124,0
N312,11,11H,1,N312,84,,N,B,Y,N,0,124,0
N320,11,11H,1,N320,84,,N,B,Y,N,0,124,0
N322,11,11H,1,N321,41,,N,B,Y,N,0,124,0
N321,11,11H,1,N321,41,,N,B,Y,N,0,124,0
N324,11,11H,1,N324,41,,N,B,Y,N,0,124,0
N330,11,11D,1,N330,46,,N,B,N,N,0,124,0
N338,11,11D,1,N338,46,,N,B,N,N,0,124,0
N340,11,11D,1,N340,46,,N,B,Y,N,0,124,0
N350,11,11G,1,N350,73,,N,B,Y,N,0,124,0
N394,11,11F,1,N394,83,,N,B,Y,N,0,124,0
N421,12,12E,1,N410,97,,N,M,Y,N,1,124,0
N412,12,12C,1,N410,73,,N,M,Y,N,1,124,0
N413,12,12C,1,N410,73,,N,M,Y,N,1,124,0
N410,12,12C,1,N410,73,,N,M,Y,N,1,124,0
N431,12,12C,1,N431,73,,N,M,Y,N,0,124,0
N450,12,12C,1,N450,73,,N,M,Y,N,0,124,0
N63,09,9F,1,N63,101,,N,B,Y,N,0,124,0
N700,13,13E,1,N700,73,,N,F,Y,N,0,124,0
N730,13,13E,1,N700,73,,N,F,Y,N,0,124,0
N740,13,13D,1,N740,73,,N,F,N,N,0,124,0
N741,13,13E,1,N740,73,,N,F,N,N,0,124,0
N822,06,6J,1,N822,78,,N,F,Y,N,0,124,0
N824,06,6J,1,N822,78,,N,F,Y,N,0,124,0
N823,06,6J,1,N822,78,,N,F,Y,N,0,124,0
N837,13,13F,1,N837,98,,N,F,Y,N,0,124,0
N980,13,13E,1,N980,41,,N,F,Y,N,9,60,0
N992,13,13F,1,N982,98,,N,F,Y,N,1,124,0
N982,13,13F,1,N982,42,,N,F,Y,N,9,60,0
N983,13,13F,1,N982,42,,N,F,Y,N,9,60,0
N993,13,13F,1,N982,98,,N,F,Y,N,1,124,0
N988,13,13F,1,N982,42,,N,F,Y,N,9,60,0
N989,13,13F,1,N982,42,,N,F,Y,N,9,60,0
N990,11,11H,1,N990,84,,N,B,Y,N,0,124,0
N995,11,11H,1,N990,84,,N,B,Y,N,0,124,0
O032,14,14K,1,O030,86,,N,F,Y,N,9,60,0
O036,14,14H,1,O030,86,,N,F,Y,N,9,60,0
O033,14,14H,1,O030,86,,N,F,Y,N,9,60,0
O035,14,14K,1,O030,86,,N,F,Y,N,9,60,0
O038,14,14H,1,O030,86,,N,F,Y,N,9,60,0
O037,14,14K,1,O030,86,,N,F,Y,N,9,60,0
O030,14,14K,1,O030,86,,N,F,Y,N,9,60,0
O080,14,14D,1,O080,86,,N,F,Y,N,9,60,0
O087,14,14D,1,O080,86,,N,F,Y,N,9,60,0
O085,14,14D,1,O080,86,,N,F,Y,N,9,60,0
O084,14,14D,1,O080,86,,N,F,Y,N,9,60,0
O082,14,14D,1,O080,86,,N,F,Y,N,9,60,0
O088,14,14D,1,O080,86,,N,F,Y,N,9,60,0
O086,14,14D,1,O080,86,,N,F,Y,N,9,60,0
O089,14,14D,1,O080,86,,N,F,Y,N,9,60,0
O083,14,14D,1,O080,86,,N,F,Y,N,9,60,0
O081,14,14D,1,O081,86,,N,F,Y,N,9,60,0
O149,14,14B,1,O11,73,,N,F,Y,N,9,60,0
O13,14,14B,1,O11,73,,N,F,Y,N,9,60,0
O142,14,14B,1,O11,73,,N,F,Y,N,9,60,0
O150,14,14B,1,O11,73,,N,F,Y,N,9,60,0
O140,14,14B,1,O11,73,,N,F,Y,N,9,60,0
O159,14,14B,1,O11,73,,N,F,Y,N,9,60,0
O152,14,14C,1,O11,86,,N,F,Y,N,9,60,0
O151,14,14A,1,O11,73,,N,F,Y,N,9,60,0
O141,14,14B,1,O11,73,,N,F,Y,N,9,60,0
O11,14,14B,1,O11,73,,N,F,Y,N,9,60,0
O440,14,14B,1,O200,73,,N,F,Y,N,9,60,0
O441,14,14B,1,O200,73,,N,F,Y,N,9,60,0
O200,14,14G,1,O200,73,,N,F,Y,N,9,60,0
O209,14,14G,1,O200,73,,N,F,Y,N,9,60,0
O208,14,14G,1,O200,73,,N,F,Y,N,9,60,0
O222,14,14B,1,O222,73,,N,F,Y,N,9,60,0
O223,14,14B,1,O222,73,,N,F,Y,N,9,60,0
O871,14,14C,1,O222,86,,N,F,Y,N,9,60,0
O870,14,14C,1,O222,86,,N,F,Y,N,9,60,0
O225,14,14B,1,O225,73,,N,F,Y,N,9,60,0
O868,14,14C,1,O230,86,,N,F,Y,N,9,60,0
O231,14,14B,1,O230,73,,N,F,Y,N,9,60,0
O861,14,14C,1,O230,86,,N,F,Y,N,9,60,0
O863,14,14C,1,O230,86,,N,F,Y,N,9,60,0
O235,14,14B,1,O230,73,,N,F,Y,N,9,60,0
O232,14,14B,1,O230,73,,N,F,Y,N,9,60,0
O230,14,14B,1,O230,73,,N,F,Y,N,9,60,0
O241,14,14B,1,O240,96,,N,F,Y,N,9,60,0
O244,14,14B,1,O240,96,,N,F,Y,N,9,60,0
O249,14,14B,1,O240,96,,N,F,Y,N,9,60,0
O243,14,14B,1,O240,96,,N,F,Y,N,9,60,0
O2449,14,14B,1,O240,96,,N,F,Y,N,9,60,0
O242,14,14B,1,O240,96,,N,F,Y,N,9,60,0
O240,14,14B,1,O240,96,,N,F,Y,N,9,60,0
O2441,14,14B,1,O240,96,,N,F,Y,N,9,60,0
O2440,14,14B,1,O240,96,,N,F,Y,N,9,60,0
O743,14,14A,1,O266,73,,N,F,Y,N,9,60,0
O291,14,14B,1,O266,73,,N,F,Y,N,9,60,0
O266,14,14B,1,O266,73,,N,F,Y,N,9,60,0
O891,14,14C,1,O266,86,,N,F,Y,N,9,60,0
O292,14,14B,1,O266,73,,N,F,Y,N,9,60,0
O904,14,14C,1,O266,86,,N,F,Y,N,9,60,0
O892,14,14C,1,O266,86,,N,F,Y,N,9,60,0
O751,14,14A,1,O266,73,,N,F,Y,N,9,60,0
O742,14,14A,1,O266,73,,N,F,Y,N,9,60,0
O290,14,14B,1,O290,73,,N,F,Y,N,9,60,0
O741,14,14A,1,O290,73,,N,F,Y,N,9,60,0
O890,14,14C,1,O290,86,,N,F,Y,N,9,60,0
O740,14,14A,1,O290,73,,N,F,Y,N,9,60,0
O744,14,14A,1,O293,73,,N,F,Y,N,9,60,0
O293,14,14B,1,O293,73,,N,F,Y,N,9,60,0
O748,14,14A,1,O293,73,,N,F,Y,N,9,60,0
O745,14,14A,1,O293,73,,N,F,Y,N,9,60,0
O895,14,14C,1,O293,86,,N,F,Y,N,9,60,0
O296,14,14B,1,O293,73,,N,F,Y,N,9,60,0
O747,14,14A,1,O293,73,,N,F,Y,N,9,60,0
O898,14,14C,1,O293,86,,N,F,Y,N,9,60,0
O894,14,14C,1,O293,86,,N,F,Y,N,9,60,0
O749,14,14A,1,O293,73,,N,F,Y,N,9,60,0
O295,14,14B,1,O293,73,,N,F,Y,N,9,60,0
O896,14,14C,1,O293,86,,N,F,Y,N,9,60,0
O899,14,14C,1,O293,86,,N,F,Y,N,9,60,0
O746,14,14A,1,O293,73,,N,F,Y,N,9,60,0
O893,14,14C,1,O293,86,,N,F,Y,N,9,60,0
O298,14,14B,1,O293,73,,N,F,Y,N,9,60,0
O294,14,14B,1,O293,73,,N,F,Y,N,9,60,0
O299,14,14B,1,O293,73,,N,F,Y,N,9,60,0
O678,14,14A,1,O450,73,,N,F,Y,N,9,60,0
O460,14,14B,1,O450,73,,N,F,Y,N,9,60,0
O468,14,14B,1,O450,73,,N,F,Y,N,9,60,0
O450,14,14B,1,O450,73,,N,F,Y,N,9,60,0
O679,14,14A,1,O450,73,,N,F,Y,N,9,60,0
O670,14,14A,1,O450,73,,N,F,Y,N,9,60,0
O469,14,14B,1,O450,73,,N,F,Y,N,9,60,0
O711,14,14A,1,O710,73,,N,F,Y,N,9,60,0
O710,14,14B,1,O710,73,,N,F,Y,N,9,60,0
O723,14,14C,1,O723,86,,N,F,Y,N,9,60,0
O753,14,14A,1,O753,73,,N,F,Y,N,9,60,0
O85,14,14C,1,O753,86,,N,F,Y,N,9,60,0
O873,14,14C,1,O873,86,,N,F,Y,N,9,60,0
O882,14,14C,1,O880,86,,N,F,Y,N,9,60,0
O888,14,14C,1,O880,86,,N,F,Y,N,9,60,0
O880,14,14C,1,O880,86,,N,F,Y,N,9,60,0
O883,14,14C,1,O880,86,,N,F,Y,N,9,60,0
O881,14,14C,1,O880,86,,N,F,Y,N,9,60,0
O901,14,14C,1,O901,86,,N,F,Y,N,9,60,0
O903,14,14C,1,O903,86,,N,F,Y,N,9,60,0
O980,14,14B,1,O980,73,,N,F,Y,N,9,60,0
P279,15,,1,P210,68,,N,B,Y,N,0,124,0
P270,15,,1,P210,68,,N,B,Y,N,0,124,0
P210,15,,1,P210,100,,N,B,Y,N,0,0,0
P271,15,,1,P210,68,,N,B,Y,N,0,124,0
P278,15,,1,P210,68,,N,B,Y,N,0,124,0
P358,15,,1,P350,73,,N,B,Y,N,0,124,0
P352,15,,1,P350,73,,N,B,Y,N,0,124,0
P359,15,,1,P350,73,,N,B,Y,N,0,124,0
P351,15,,1,P350,9,,N,B,Y,N,0,124,0
P350,15,,1,P350,9,,N,B,Y,N,0,124,0
P592,15,,1,P353,22,,N,B,Y,N,0,0,0
P353,15,,1,P353,22,,N,B,Y,N,0,124,0
P591,15,,1,P353,22,,N,B,Y,N,0,0,0
P616,15,,1,P53,29,,N,B,Y,N,0,0,0
P60,15,,1,P53,29,,N,B,Y,N,0,0,0
P610,15,,1,P53,29,,N,B,Y,N,0,0,0
P53,15,,1,P53,29,,N,B,Y,N,0,0,0
P550,15,,1,P550,49,,N,B,Y,N,0,0,0
P551,15,,1,P550,49,,N,B,Y,N,0,0,0
P558,15,,1,P550,49,,N,B,Y,N,0,0,0
P559,15,,1,P550,49,,N,B,Y,N,0,0,0
P712,15,,1,P702,40,,N,B,Y,N,0,0,0
P710,15,,1,P702,40,,N,B,Y,N,0,0,0
P714,15,,1,P702,40,,N,B,Y,N,0,0,0
P744,15,,1,P702,40,,N,B,Y,N,0,0,0
P720,15,,1,P702,40,,N,B,Y,N,0,0,0
P743,15,,1,P702,40,,N,B,Y,N,0,0,0
P940,15,,1,P702,30,,N,B,Y,N,0,0,0
P742,15,,1,P702,40,,N,B,Y,N,0,0,0
P719,15,,1,P702,40,,N,B,Y,N,0,0,0
P718,15,,1,P702,40,,N,B,Y,N,0,0,0
P740,15,,1,P702,40,,N,B,Y,N,0,0,0
P711,15,,1,P702,40,,N,B,Y,N,0,0,0
P703,15,,1,P702,34,,N,B,Y,N,0,0,0
P713,15,,1,P702,40,,N,B,Y,N,0,0,0
P704,15,,1,P702,34,,N,B,Y,N,0,0,0
P741,15,,1,P702,40,,N,B,Y,N,0,0,0
P702,15,,1,P702,95,,N,B,Y,N,0,0,0
P77,15,,1,P762,78,,N,B,Y,N,0,0,0
P762,15,,1,P762,50,,N,B,Y,N,0,0,0
P915,15,,1,P90,2,,N,B,Y,N,0,0,0
P913,15,,1,P90,100,,N,B,Y,N,0,0,0
P90,15,,1,P90,56,,N,B,Y,N,0,0,0
Q053,01,1U,1,Q050,100,,N,B,Y,N,0,124,0
Q056,01,1U,1,Q050,100,,N,B,Y,N,0,124,0
Q058,01,1U,1,Q050,100,,N,B,Y,N,0,124,0
Q050,01,1U,1,Q050,100,,N,B,Y,N,0,124,0
Q059,01,1U,1,Q050,100,,N,B,Y,N,0,124,0
Q070,01,1U,1,Q050,100,,N,B,Y,N,0,124,0
Q054,01,1U,1,Q050,100,,N,B,Y,N,0,124,0
Q052,01,1U,1,Q050,100,,N,B,Y,N,0,124,0
Q057,01,1U,1,Q050,100,,N,B,Y,N,0,124,0
Q051,01,1U,1,Q050,100,,N,B,Y,N,0,124,0
Q055,01,1U,1,Q050,100,,N,B,Y,N,0,124,0
Q201,05,5J,1,Q200,63,,N,B,Y,N,0,124,0
Q200,05,5J,1,Q200,63,,N,B,Y,N,0,124,0
Q205,05,5J,1,Q200,63,,N,B,Y,N,0,124,0
Q212,05,5J,1,Q200,63,,N,B,Y,N,0,124,0
Q202,05,5J,1,Q200,63,,N,B,Y,N,0,124,0
Q213,05,5J,1,Q200,63,,N,B,Y,N,0,124,0
Q203,05,5J,1,Q200,63,,N,B,Y,N,0,124,0
Q214,05,5J,1,Q200,63,,N,B,Y,N,0,124,0
Q210,05,5J,1,Q200,63,,N,B,Y,N,0,124,0
Q204,05,5J,1,Q200,63,,N,B,Y,N,0,124,0
Q222,05,5J,1,Q220,63,,N,B,Y,N,0,124,0
Q228,05,5J,1,Q220,63,,N,B,Y,N,0,124,0
Q220,05,5J,1,Q220,63,,N,B,Y,N,0,124,0
Q226,05,5J,1,Q220,63,,N,B,Y,N,0,124,0
Q223,05,5J,1,Q220,63,,N,B,Y,N,0,124,0
Q221,05,5J,1,Q220,63,,N,B,Y,N,0,124,0
Q225,05,5J,1,Q224,63,,N,B,Y,N,0,124,0
Q230,05,5J,1,Q224,63,,N,B,Y,N,0,124,0
Q238,05,5J,1,Q224,63,,N,B,Y,N,0,124,0
Q224,05,5J,1,Q224,63,,N,B,Y,N,0,124,0
Q232,05,5J,1,Q224,63,,N,B,Y,N,0,124,0
Q231,05,5J,1,Q224,63,,N,B,Y,N,0,124,0
Q234,05,5J,1,Q224,63,,N,B,Y,N,0,124,0
Q239,05,5J,1,Q224,63,,N,B,Y,N,0,124,0
Q233,05,5J,1,Q224,63,,N,B,Y,N,0,124,0
Q229,05,5J,1,Q229,63,,N,B,Y,N,0,124,0
Q244,05,5J,1,Q242,63,,N,B,Y,N,0,124,0
Q242,05,5J,1,Q242,63,,N,B,Y,N,0,124,0
Q243,05,5J,1,Q242,63,,N,B,Y,N,0,124,0
Q246,05,5J,1,Q246,63,,N,B,Y,N,0,124,0
Q251,05,5J,1,Q251,63,,N,B,Y,N,0,124,0
Q252,05,5J,1,Q252,63,,N,B,Y,N,0,124,0
Q253,05,5J,1,Q252,63,,N,B,Y,N,0,124,0
Q333,04,4Q,1,Q330,69,,N,B,Y,N,0,124,0
Q336,04,4Q,1,Q330,69,,N,B,Y,N,0,124,0
Q330,04,4Q,1,Q330,69,,N,B,Y,N,0,124,0
Q332,04,4Q,1,Q330,69,,N,B,Y,N,0,124,0
Q334,04,4F,1,Q334,99,,N,B,Y,N,0,124,0
R048,04,4H,1,R042,106,,N,B,Y,N,0,124,0
R042,04,4H,1,R042,106,,N,B,Y,N,0,124,0
R049,04,4H,1,R042,106,,N,B,Y,N,0,124,0
R18,23,23B,1,R18,97,,N,B,Y,N,0,124,0
R31,11,11F,1,R31,106,,N,B,Y,N,0,124,0
R32,11,11F,1,R32,106,,N,B,Y,N,0,124,0
R33,11,11F,1,R33,106,,N,B,Y,N,0,124,0
R402,01,1M,1,R402,2,,N,B,Y,N,0,124,0
R470,01,1U,1,R470,106,,N,B,Y,N,0,124,0
R471,01,1U,1,R470,100,,N,B,Y,N,0,124,0
R478,01,1U,1,R470,106,,N,B,Y,N,0,124,0
R568,01,1P,1,R560,56,,N,B,Y,N,0,124,0
R560,01,1N,1,R560,56,,N,B,Y,N,0,124,0
R571,18,18A,1,R570,2,,N,B,Y,N,0,124,0
R579,05,5C,1,R570,21,,N,B,Y,N,0,124,0
R578,18,18A,1,R570,2,,N,B,Y,N,0,124,0
R570,05,5C,1,R570,21,,N,B,Y,N,0,124,0
R572,18,18A,1,R572,97,D,N,B,Y,N,0,124,0
R58,05,5R,1,R58,97,,N,B,Y,N,0,124,0
R652,18,18E,1,R650,97,E,N,B,Y,N,0,124,0
R650,18,18E,1,R650,97,E,N,B,Y,N,0,124,0
R659,18,18E,1,R650,97,E,N,B,Y,N,0,124,0
R651,18,18E,1,R651,2,E,N,B,Y,N,0,124,0
R653,18,18E,1,R651,2,E,N,B,Y,N,0,124,0
R820,11,11F,1,R820,106,,N,B,Y,N,0,124,0
R821,23,23B,1,R820,97,,N,B,Y,N,0,124,0
S020,01,1S,1,S020,33,,0,B,Y,N,0,124,0
S021,01,1S,1,S020,33,,0,B,Y,N,0,124,0
S0281,01,1S,1,S020,33,,0,B,Y,N,0,124,0
S0211,01,1S,1,S020,33,,0,B,Y,N,0,124,0
T0200,01,1S,1,S020,33,,0,B,Y,N,0,124,0
T0201,01,1S,1,S020,33,,0,B,Y,N,0,124,0
S0201,01,1S,1,S020,33,,0,B,Y,N,0,124,0
S0280,01,1S,1,S020,33,,0,B,Y,N,0,124,0
S0200,01,1S,1,S020,33,,0,B,Y,N,0,124,0
S0271,01,1S,1,S020,33,,0,B,Y,N,0,124,0
S0210,01,1S,1,S020,33,,0,B,Y,N,0,124,0
T020,01,1S,1,S020,33,,0,B,Y,N,0,124,0
S023,02,2D,1,S023,58,,0,B,Y,N,0,124,0
S029,01,1S,1,S023,55,,0,B,Y,N,0,124,0
S0230,02,2D,1,S023,58,,0,B,Y,N,0,124,0
S0290,01,1S,1,S023,55,,0,B,Y,N,0,124,0
S0291,01,1S,1,S023,55,,0,B,Y,N,0,124,0
S0231,02,2D,1,S023,58,,0,B,Y,N,0,124,0
S0260,03,3H,1,S024,61,,0,B,Y,N,0,124,0
S02606,03,3H,1,S024,61,,0,B,Y,N,0,124,0
S02619,03,3H,1,S024,61,,0,B,Y,N,0,124,0
S02610,03,3H,1,S024,61,,0,B,Y,N,0,124,0
S02612,03,3H,1,S024,61,,0,B,Y,N,0,124,0
S02602,03,3H,1,S024,61,,0,B,Y,N,0,124,0
S0261,03,3H,1,S024,61,,0,B,Y,N,0,124,0
S02615,03,3H,1,S024,61,,0,B,Y,N,0,124,0
S02605,03,3H,1,S024,61,,0,B,Y,N,0,124,0
S024,03,3H,1,S024,61,,0,B,Y,N,0,124,0
S02400,03,3H,1,S024,61,,0,B,Y,N,0,124,0
S02407,03,3H,1,S024,61,,0,B,Y,N,0,124,0
S02600,03,3H,1,S024,61,,0,B,Y,N,0,124,0
S02604,03,3H,1,S024,61,,0,B,Y,N,0,124,0
S02611,03,3H,1,S024,61,,0,B,Y,N,0,124,0
S02417,03,3H,1,S024,61,,0,B,Y,N,0,124,0
S02616,03,3H,1,S024,61,,0,B,Y,N,0,124,0
S02614,03,3H,1,S024,61,,0,B,Y,N,0,124,0
S02603,03,3H,1,S024,61,,0,B,Y,N,0,124,0
S02601,03,3H,1,S024,61,,0,B,Y,N,0,124,0
S02617,03,3H,1,S024,61,,0,B,Y,N,0,124,0
S02609,03,3H,1,S024,61,,0,B,Y,N,0,124,0
S0240,03,3H,1,S024,61,,0,B,Y,N,0,124,0
S02402,03,3H,1,S024,61,,0,B,Y,N,0,124,0
S02412,03,3H,1,S024,61,,0,B,Y,N,0,124,0
S02411,03,3H,1,S024,61,,0,B,Y,N,0,124,0
S02410,03,3H,1,S024,61,,0,B,Y,N,0,124,0
S026,03,3H,1,S024,61,,0,B,Y,N,0,124,0
S0241,03,3H,1,S024,61,,0,B,Y,N,0,124,0
S02401,03,3H,1,S024,61,,0,B,Y,N,0,124,0
S02613,03,3H,1,S024,61,,0,B,Y,N,0,124,0
S02607,03,3H,1,S024,61,,0,B,Y,N,0,124,0
S053,02,2D,1,S052,58,,0,B,Y,N,0,124,0
S054,02,2D,1,S052,58,,0,B,Y,N,0,124,0
S057,02,2D,1,S052,58,,0,B,Y,N,0,124,0
S052,02,2D,1,S052,58,,0,B,Y,N,0,124,0
S058,02,2C,1,S052,58,,0,B,Y,N,0,124,0
S0620,01,1R,1,S0600,23,,1,B,Y,N,0,124,0
S066,01,1R,1,S0600,23,,1,B,Y,N,0,124,0
S0631,01,1R,1,S0600,23,,1,B,Y,N,0,124,0
S063,01,1R,1,S0600,23,,1,B,Y,N,0,124,0
S0600,01,1T,1,S0600,97,,0,B,Y,N,0,124,0
S0680,01,1R,1,S0600,23,,1,B,Y,N,0,124,0
S0660,01,1R,1,S0600,23,,1,B,Y,N,0,124,0
S064,01,1R,1,S0600,23,,1,B,Y,N,0,124,0
S0651,01,1R,1,S0600,23,,1,B,Y,N,0,124,0
S0630,01,1R,1,S0600,23,,1,B,Y,N,0,124,0
S062,01,1R,1,S0600,23,,1,B,Y,N,0,124,0
S065,01,1R,1,S0600,23,,1,B,Y,N,0,124,0
S0611,01,1R,1,S0600,23,,1,B,Y,N,0,124,0
S0621,01,1R,1,S0600,23,,1,B,Y,N,0,124,0
S0681,01,1R,1,S0600,23,,1,B,Y,N,0,124,0
S0650,01,1R,1,S0600,23,,1,B,Y,N,0,124,0
S0690,01,1R,1,S0600,23,,0,B,Y,N,0,124,0
S0641,01,1R,1,S0600,23,,1,B,Y,N,0,124,0
S0601,01,1T,1,S0600,97,,0,B,Y,N,0,124,0
S0610,01,1R,1,S0600,23,,1,B,Y,N,0,124,0
S0640,01,1R,1,S0600,23,,1,B,Y,N,0,124,0
S0661,01,1R,1,S0600,23,,1,B,Y,N,0,124,0
S071,21,21A,1,S070,34,,0,B,Y,N,0,124,0
S079,21,21A,1,S070,34,,0,B,Y,N,0,124,0
S070,21,21A,1,S070,34,,0,B,Y,N,0,124,0
S078,21,21A,1,S070,34,,0,B,Y,N,0,124,0
T040,21,21A,1,S070,34,,0,B,Y,N,0,124,0
S179,21,21A,1,S070,34,,0,B,Y,N,0,124,0
S170,21,21A,1,S070,34,,0,B,Y,N,0,124,0
S178,21,21A,1,S070,34,,0,B,Y,N,0,124,0
S088,21,21A,1,S088,34,,0,B,Y,N,0,124,0
S157,21,21A,1,S090,34,,0,B,Y,N,0,124,0
S152,21,21A,1,S090,34,,1,B,Y,N,0,124,0
S153,21,21A,1,S090,34,,1,B,Y,N,0,124,0
S151,21,21A,1,S090,34,,1,B,Y,N,0,124,0
S159,21,21A,1,S090,34,,0,B,Y,N,0,124,0
S158,21,21A,1,S090,34,,0,B,Y,N,0,124,0
S090,21,21A,1,S090,34,,0,B,Y,N,0,124,0
S110,03,3G,1,S110,73,,2,B,Y,N,0,124,0
S12211,08,8H,1,S120,34,,0,B,Y,N,0,124,0
S129,08,8H,1,S120,34,,0,B,Y,N,0,124,0
S121,08,8H,1,S120,34,,0,B,Y,N,0,124,0
S1291,08,8H,1,S120,34,,0,B,Y,N,0,124,0
S127,08,8H,1,S120,34,,0,B,Y,N,0,124,0
S1211,08,8H,1,S120,34,,0,B,Y,N,0,124,0
S12214,08,8H,1,S120,34,,0,B,Y,N,0,124,0
S12210,08,8H,1,S120,34,,0,B,Y,N,0,124,0
S12202,08,8H,1,S120,34,,0,B,Y,N,0,124,0
S1290,08,8H,1,S120,34,,0,B,Y,N,0,124,0
S12204,08,8H,1,S120,34,,0,B,Y,N,0,124,0
S1201,08,8H,1,S120,34,,0,B,Y,N,0,124,0
S1200,08,8H,1,S120,34,,0,B,Y,N,0,124,0
S1220,08,8H,1,S120,34,,0,B,Y,N,0,124,0
S1221,08,8H,1,S120,34,,0,B,Y,N,0,124,0
S122,08,8H,1,S120,34,,0,B,Y,N,0,124,0
S12203,08,8H,1,S120,34,,0,B,Y,N,0,124,0
S12208,08,8H,1,S120,34,,0,B,Y,N,0,124,0
S12218,08,8H,1,S120,34,,0,B,Y,N,0,124,0
S1210,08,8H,1,S120,34,,0,B,Y,N,0,124,0
S12201,08,8H,1,S120,34,,0,B,Y,N,0,124,0
S1270,08,8H,1,S120,34,,0,B,Y,N,0,124,0
S12200,08,8H,1,S120,34,,0,B,Y,N,0,124,0
S120,08,8H,1,S120,34,,0,B,Y,N,0,124,0
S12212,08,8H,1,S120,34,,0,B,Y,N,0,124,0
S12213,08,8H,1,S120,34,,0,B,Y,N,0,124,0
S1271,08,8H,1,S120,34,,0,B,Y,N,0,124,0
S128,03,3G,1,S128,73,,0,B,Y,N,0,124,0
S1280,03,3G,1,S128,73,,0,B,Y,N,0,124,0
S2220,04,4G,1,S128,24,,0,B,Y,N,0,124,0
S222,04,4G,1,S128,24,,0,B,Y,N,0,124,0
S225,04,4G,1,S128,24,,2,B,Y,N,0,124,0
S2221,04,4G,1,S128,24,,2,B,Y,N,0,124,0
S1281,03,3G,1,S128,73,,0,B,Y,N,0,124,0
S1313,08,8H,1,S130,34,,6,B,Y,N,0,124,0
S132,08,8H,1,S130,34,,6,B,Y,N,0,124,0
S1311,08,8H,1,S130,34,,6,B,Y,N,0,124,0
S1316,08,8H,1,S130,34,,6,B,Y,N,0,124,0
S1312,08,8H,1,S130,34,,6,B,Y,N,0,124,0
S1318,08,8H,1,S130,34,,6,B,Y,N,0,124,0
S130,08,8H,1,S130,34,,6,B,Y,N,0,124,0
S133,08,8H,1,S130,34,,6,B,Y,N,0,124,0
S1310,08,8H,1,S130,34,,6,B,Y,N,0,124,0
S1319,08,8H,1,S130,34,,6,B,Y,N,0,124,0
S131,08,8H,1,S130,34,,6,B,Y,N,0,124,0
S1315,08,8H,1,S130,34,,6,B,Y,N,0,124,0
S1314,08,8H,1,S130,34,,6,B,Y,N,0,124,0
S140,01,1A,1,S140,7,,6,B,Y,N,0,124,0
S141,01,1A,1,S140,7,,6,B,Y,N,0,124,0
T094,01,1J,1,S142,93,,0,B,Y,N,0,124,0
S142,01,1J,1,S142,93,,0,B,Y,N,0,124,0
S242,01,1J,1,S142,93,,0,B,Y,N,0,124,0
S342,01,1J,1,S142,93,,0,B,Y,N,0,124,0
S344,01,1J,1,S142,93,,6,B,Y,N,0,124,0
S143,01,1J,1,S142,93,,7,B,Y,N,0,124,0
S150,21,21A,1,S150,34,,1,B,Y,N,0,124,0
S22112,08,8H,1,S220,34,,0,B,Y,N,0,124,0
S22014,08,8H,1,S220,34,,0,B,Y,N,0,124,0
S22000,08,8H,1,S220,34,,0,B,Y,N,0,124,0
S22019,08,8H,1,S220,34,,0,B,Y,N,0,124,0
S2200,08,8H,1,S220,34,,0,B,Y,N,0,124,0
S220,08,8H,1,S220,34,,0,B,Y,N,0,124,0
S22004,08,8H,1,S220,34,,0,B,Y,N,0,124,0
S22011,08,8H,1,S220,34,,0,B,Y,N,0,124,0
S22003,08,8H,1,S220,34,,0,B,Y,N,0,124,0
S22005,08,8H,1,S220,34,,0,B,Y,N,0,124,0
S22101,08,8H,1,S220,34,,0,B,Y,N,0,124,0
S22100,08,8H,1,S220,34,,0,B,Y,N,0,124,0
S22119,08,8H,1,S220,34,,0,B,Y,N,0,124,0
S2210,08,8H,1,S220,34,,0,B,Y,N,0,124,0
S2211,08,8H,1,S220,34,,0,B,Y,N,0,124,0
S22013,08,8H,1,S220,34,,0,B,Y,N,0,124,0
S22109,08,8H,1,S220,34,,0,B,Y,N,0,124,0
S221,08,8H,1,S220,34,,0,B,Y,N,0,124,0
S22009,08,8H,1,S220,34,,0,B,Y,N,0,124,0
S22010,08,8H,1,S220,34,,0,B,Y,N,0,124,0
S22012,08,8H,1,S220,34,,0,B,Y,N,0,124,0
S22001,08,8H,1,S220,34,,0,B,Y,N,0,124,0
S22111,08,8H,1,S220,34,,0,B,Y,N,0,124,0
S22118,08,8H,1,S220,34,,0,B,Y,N,0,124,0
S22002,08,8H,1,S220,34,,0,B,Y,N,0,124,0
S22015,08,8H,1,S220,34,,0,B,Y,N,0,124,0
S22102,08,8H,1,S220,34,,0,B,Y,N,0,124,0
S22110,08,8H,1,S220,34,,0,B,Y,N,0,124,0
S22108,08,8H,1,S220,34,,0,B,Y,N,0,124,0
S2201,08,8H,1,S220,34,,0,B,Y,N,0,124,0
S2240,04,4G,1,S224,24,,0,B,Y,N,0,124,0
S2241,04,4G,1,S224,24,,2,B,Y,N,0,124,0
S224,04,4G,1,S224,24,,0,B,Y,N,0,124,0
S2250,04,4G,1,S2250,24,,2,B,Y,N,0,124,0
S2251,04,4G,1,S2250,24,,2,B,Y,N,0,124,0
S240,01,1A,1,S240,7,,6,B,Y,N,0,124,0
S241,01,1A,1,S240,7,,6,B,Y,N,0,124,0
S254,21,21A,1,S250,34,,2,B,Y,N,0,124,0
S250,21,21A,1,S250,34,,2,B,Y,N,0,124,0
S257,21,21A,1,S250,34,,2,B,Y,N,0,124,0
S253,21,21A,1,S250,34,,2,B,Y,N,0,124,0
T047,21,21A,1,S250,34,,0,B,Y,N,0,124,0
S251,21,21A,1,S250,34,,2,B,Y,N,0,124,0
S252,21,21A,1,S250,34,,2,B,Y,N,0,124,0
S2601,05,5R,1,S260,54,,2,B,Y,N,0,124,0
S2681,05,5R,1,S260,54,,2,B,Y,N,0,124,0
S2690,05,5R,1,S260,54,,2,B,Y,N,0,124,0
S269,05,5R,1,S260,54,,2,B,Y,N,0,124,0
S2600,05,5R,1,S260,54,,2,B,Y,N,0,124,0
S2680,05,5R,1,S260,54,,2,B,Y,N,0,124,0
S2691,05,5R,1,S260,54,,2,B,Y,N,0,124,0
S260,05,5R,1,S260,54,,2,B,Y,N,0,124,0
S268,05,5R,1,S260,54,,2,B,Y,N,0,124,0
S2721,04,4J,1,S270,16,,2,B,Y,N,0,124,0
S271,04,4J,1,S270,16,,2,B,Y,N,0,124,0
S272,04,4J,1,S270,16,,2,B,Y,N,0,124,0
S2720,04,4J,1,S270,16,,2,B,Y,N,0,124,0
S2711,04,4J,1,S270,16,,2,B,Y,N,0,124,0
S2701,04,4J,1,S270,16,,2,B,Y,N,0,124,0
S2710,04,4J,1,S270,16,,2,B,Y,N,0,124,0
S270,04,4J,1,S270,16,,2,B,Y,N,0,124,0
S2700,04,4J,1,S270,16,,2,B,Y,N,0,124,0
S2730,04,4Q,1,S273,24,,2,B,Y,N,0,124,0
S273,04,4Q,1,S273,24,,2,B,Y,N,0,124,0
S2731,04,4Q,1,S273,24,,2,B,Y,N,0,124,0
S2741,04,4G,1,S274,24,,2,B,Y,N,0,124,0
S2740,04,4G,1,S274,24,,2,B,Y,N,0,124,0
S274,04,4G,1,S274,24,,2,B,Y,N,0,124,0
S278,04,4Q,1,S275,69,,2,B,Y,N,0,124,0
S2780,04,4G,1,S275,69,,2,B,Y,N,0,124,0
S2761,04,4G,1,S275,69,,2,B,Y,N,0,124,0
S2781,04,4G,1,S275,69,,2,B,Y,N,0,124,0
S2750,04,4Q,1,S275,69,,2,B,Y,N,0,124,0
S2751,04,4G,1,S275,69,,2,B,Y,N,0,124,0
S2760,04,4Q,1,S275,69,,2,B,Y,N,0,124,0
S281,21,21A,1,S275,34,,2,B,Y,N,0,124,0
S276,04,4Q,1,S275,69,,2,B,Y,N,0,124,0
S275,04,4Q,1,S275,69,,2,B,Y,N,0,124,0
S32005,08,8H,1,S320,34,,0,B,Y,N,0,124,0
S32019,08,8H,1,S320,34,,0,B,Y,N,0,124,0
S32013,08,8H,1,S320,34,,0,B,Y,N,0,124,0
S32012,08,8H,1,S320,34,,0,B,Y,N,0,124,0
S32000,08,8H,1,S320,34,,0,B,Y,N,0,124,0
S32015,08,8H,1,S320,34,,0,B,Y,N,0,124,0
S32009,08,8H,1,S320,34,,0,B,Y,N,0,124,0
S32003,08,8H,1,S320,34,,0,B,Y,N,0,124,0
S32002,08,8H,1,S320,34,,0,B,Y,N,0,124,0
S32011,08,8H,1,S320,34,,0,B,Y,N,0,124,0
S320,08,8H,1,S320,34,,0,B,Y,N,0,124,0
S3201,08,8H,1,S320,34,,0,B,Y,N,0,124,0
S32004,08,8H,1,S320,34,,0,B,Y,N,0,124,0
S32010,08,8H,1,S320,34,,0,B,Y,N,0,124,0
S3200,08,8H,1,S320,34,,0,B,Y,N,0,124,0
S32014,08,8H,1,S320,34,,0,B,Y,N,0,124,0
S32001,08,8H,1,S320,34,,0,B,Y,N,0,124,0
S321,08,8H,1,S321,34,,6,B,Y,N,0,124,0
S322,08,8H,1,S321,34,,0,B,Y,N,0,124,0
S324,08,8B,1,S324,12,,6,B,Y,N,0,124,0
S325,08,8B,1,S325,12,,6,B,Y,N,0,124,0
S328,08,8B,1,S328,34,,0,B,Y,N,0,124,0
S340,01,1A,1,S340,7,,6,B,Y,N,0,124,0
S341,01,1A,1,S340,7,,6,B,Y,N,0,124,0
S343,01,1A,1,S343,7,,6,B,Y,N,0,124,0
S357,21,21A,1,S350,34,,0,B,Y,N,0,124,0
S354,21,21A,1,S350,34,,3,B,Y,N,0,124,0
S351,21,21A,1,S350,34,,3,B,Y,N,0,124,0
S350,21,21A,1,S350,34,,3,B,Y,N,0,124,0
S352,21,21A,1,S350,34,,3,B,Y,N,0,124,0
S353,21,21A,1,S350,34,,3,B,Y,N,0,124,0
S355,21,21A,1,S355,34,,3,B,Y,N,0,124,0
S360,16,16C,1,S360,31,,3,B,Y,N,0,124,0
S3601,16,16C,1,S360,31,,3,B,Y,N,0,124,0
S3600,16,16C,1,S360,31,,3,B,Y,N,0,124,0
S361,07,7D,1,S361,22,,3,B,Y,N,0,124,0
S3611,07,7D,1,S3610,22,,3,B,Y,N,0,124,0
S3610,07,7D,1,S3610,22,,3,B,Y,N,0,124,0
S3780,12,12E,1,S368,98,,5,B,Y,N,0,124,0
S3690,06,6J,1,S368,78,,0,B,Y,N,0,124,0
S368,21,21A,1,S368,78,,3,B,Y,N,0,124,0
S3780,13,13F,1,S368,98,,5,B,Y,N,0,124,0
S397,21,21A,1,S368,34,,0,B,Y,N,0,124,0
S3781,13,13F,1,S368,98,,5,B,Y,N,0,124,0
S3781,12,12E,1,S368,98,,5,B,Y,N,0,124,0
S369,06,6J,1,S368,78,,0,B,Y,N,0,124,0
T065,21,21A,1,S368,34,,3,B,Y,N,0,124,0
S3681,06,6J,1,S368,78,,3,B,Y,N,0,124,0
S3691,06,6J,1,S368,78,,0,B,Y,N,0,124,0
S3680,21,21A,1,S368,78,,3,B,Y,N,0,124,0
S370,11,11H,1,S370,84,,4,B,Y,N,0,124,0
S3701,11,11H,1,S370,84,,4,B,Y,N,0,124,0
S3700,11,11H,1,S370,84,,4,B,Y,N,0,124,0
S3710,11,11H,1,S371,41,,5,B,Y,N,0,124,0
S3711,11,11H,1,S371,41,,5,B,Y,N,0,124,0
S374,13,13F,1,S371,98,,5,F,Y,N,0,124,0
S379,12,12E,1,S371,97,,0,B,Y,N,0,124,0
S371,11,11H,1,S371,41,,5,B,Y,N,0,124,0
S3790,13,13F,1,S371,97,,0,B,Y,N,0,124,0
S3770,12,12E,1,S371,97,,5,B,Y,N,0,124,0
S3740,13,13F,1,S371,98,,5,F,Y,N,0,124,0
S3771,12,12E,1,S371,97,,5,B,Y,N,0,124,0
S375,13,13F,1,S371,98,,5,F,Y,N,0,124,0
S378,12,12E,1,S371,98,,5,B,Y,N,0,124,0
S3791,13,13F,1,S371,97,,0,B,Y,N,0,124,0
S396,21,21A,1,S371,97,,0,B,Y,N,0,124,0
S3750,13,13F,1,S371,98,,5,F,Y,N,0,124,0
S3741,13,13F,1,S371,98,,5,F,Y,N,0,124,0
S3791,12,12E,1,S371,97,,0,B,Y,N,0,124,0
S3790,12,12E,1,S371,97,,0,B,Y,N,0,124,0
S3751,13,13F,1,S371,98,,5,F,Y,N,0,124,0
S3771,13,13F,1,S371,97,,5,B,Y,N,0,124,0
S3770,13,13F,1,S371,97,,5,B,Y,N,0,124,0
S377,12,12E,1,S371,97,,5,B,Y,N,0,124,0
S3730,11,11H,1,S372,41,,5,B,Y,N,0,124,0
S373,11,11H,1,S372,41,,5,B,Y,N,0,124,0
S372,11,11H,1,S372,41,,5,B,Y,N,0,124,0
S3720,11,11H,1,S372,41,,5,B,Y,N,0,124,0
S3731,11,11H,1,S372,41,,5,B,Y,N,0,124,0
S3721,11,11H,1,S372,41,,5,B,Y,N,0,124,0
S3760,13,13F,1,S376,98,,5,F,Y,N,0,124,0
S376,13,13F,1,S376,98,,5,F,Y,N,0,124,0
S3761,13,13F,1,S376,98,,5,F,Y,N,0,124,0
S42210,08,8Q,1,S422,34,,7,B,Y,N,0,124,0
S42202,08,8Q,1,S422,34,,0,B,Y,N,0,124,0
S42211,08,8Q,1,S422,34,,7,B,Y,N,0,124,0
S42218,08,8Q,1,S422,34,,7,B,Y,N,0,124,0
S42215,08,8Q,1,S422,34,,7,B,Y,N,0,124,0
S42208,08,8Q,1,S422,34,,0,B,Y,N,0,124,0
S42205,08,8Q,1,S422,34,,0,B,Y,N,0,124,0
S42212,08,8Q,1,S422,34,,7,B,Y,N,0,124,0
S42200,08,8Q,1,S422,34,,0,B,Y,N,0,124,0
S42209,08,8Q,1,S422,34,,0,B,Y,N,0,124,0
S42213,08,8Q,1,S422,34,,7,B,Y,N,0,124,0
S42203,08,8Q,1,S422,34,,0,B,Y,N,0,124,0
S42201,08,8Q,1,S422,34,,0,B,Y,N,0,124,0
S42214,08,8Q,1,S422,34,,7,B,Y,N,0,124,0
S4220,08,8Q,1,S422,34,,0,B,Y,N,0,124,0
S4221,08,8Q,1,S422,34,,7,B,Y,N,0,124,0
S42204,08,8Q,1,S422,34,,0,B,Y,N,0,124,0
S42219,08,8Q,1,S422,34,,7,B,Y,N,0,124,0
S422,08,8Q,1,S422,34,,0,B,Y,N,0,124,0
S683,21,21A,1,S480,34,,7,B,Y,N,0,124,0
T052,21,21A,1,S480,34,,7,B,Y,N,0,124,0
S688,21,21A,1,S480,34,,7,B,Y,N,0,124,0
S580,21,21A,1,S480,34,,7,B,Y,N,0,124,0
S489,21,21A,1,S480,34,,7,B,Y,N,0,124,0
S581,21,21A,1,S480,34,,7,B,Y,N,0,124,0
S684,21,21A,1,S480,34,,7,B,Y,N,0,124,0
T051,21,21A,1,S480,34,,7,B,Y,N,0,124,0
S589,21,21A,1,S480,34,,7,B,Y,N,0,124,0
S480,21,21A,1,S480,34,,7,B,Y,N,0,124,0
T050,21,21A,1,S480,34,,7,B,Y,N,0,124,0
S582,21,21A,1,S480,34,,7,B,Y,N,0,124,0
T116,21,21A,1,S480,34,,0,B,Y,N,0,124,0
S689,21,21A,1,S480,34,,7,B,Y,N,0,124,0
S481,21,21A,1,S480,34,,7,B,Y,N,0,124,0
S72013,08,8B,1,S720,12,,8,B,Y,N,0,124,0
S72307,08,8A,1,S720,6,,8,B,Y,N,0,124,0
S72014,08,8B,1,S720,12,,8,B,Y,N,0,124,0
S72001,08,8B,1,S720,12,,8,B,Y,N,0,124,0
S72008,08,8B,1,S720,12,,8,B,Y,N,0,124,0
S72319,08,8A,1,S720,6,,8,B,Y,N,0,124,0
S7231,08,8A,1,S720,6,,8,B,Y,N,0,124,0
S72005,08,8B,1,S720,12,,8,B,Y,N,0,124,0
S72108,08,8B,1,S720,12,,8,B,Y,N,0,124,0
S72100,08,8B,1,S720,12,,8,B,Y,N,0,124,0
S72007,08,8B,1,S720,12,,8,B,Y,N,0,124,0
S72301,08,8A,1,S720,6,,8,B,Y,N,0,124,0
S723,08,8A,1,S720,6,,8,B,Y,N,0,124,0
S721,08,8B,1,S720,12,,8,B,Y,N,0,124,0
S722,08,8A,1,S720,12,,8,B,Y,N,0,124,0
S720,08,8B,1,S720,12,,8,B,Y,N,0,124,0
S72010,08,8B,1,S720,12,,8,B,Y,N,0,124,0
S7220,08,8A,1,S720,12,,8,B,Y,N,0,124,0
S72003,08,8B,1,S720,12,,8,B,Y,N,0,124,0
S72006,08,8B,1,S720,12,,8,B,Y,N,0,124,0
S72002,08,8B,1,S720,12,,8,B,Y,N,0,124,0
S7200,08,8B,1,S720,12,,8,B,Y,N,0,124,0
S72101,08,8B,1,S720,12,,8,B,Y,N,0,124,0
S72302,08,8A,1,S720,6,,8,B,Y,N,0,124,0
S7230,08,8A,1,S720,6,,8,B,Y,N,0,124,0
S7211,08,8B,1,S720,12,,8,B,Y,N,0,124,0
S72310,08,8A,1,S720,6,,8,B,Y,N,0,124,0
S72018,08,8B,1,S720,12,,8,B,Y,N,0,124,0
S72109,08,8B,1,S720,12,,8,B,Y,N,0,124,0
S7201,08,8B,1,S720,12,,8,B,Y,N,0,124,0
S72118,08,8B,1,S720,12,,8,B,Y,N,0,124,0
S72012,08,8B,1,S720,12,,8,B,Y,N,0,124,0
S72110,08,8B,1,S720,12,,8,B,Y,N,0,124,0
S72017,08,8B,1,S720,12,,8,B,Y,N,0,124,0
S7210,08,8B,1,S720,12,,8,B,Y,N,0,124,0
S72119,08,8B,1,S720,12,,8,B,Y,N,0,124,0
S72312,08,8A,1,S720,6,,8,B,Y,N,0,124,0
S72011,08,8B,1,S720,12,,8,B,Y,N,0,124,0
S72000,08,8B,1,S720,12,,8,B,Y,N,0,124,0
S72019,08,8B,1,S720,12,,8,B,Y,N,0,124,0
S72016,08,8B,1,S720,12,,8,B,Y,N,0,124,0
S72009,08,8B,1,S720,12,,8,B,Y,N,0,124,0
S72317,08,8A,1,S720,6,,8,B,Y,N,0,124,0
S7221,08,8A,1,S720,12,,8,B,Y,N,0,124,0
S72015,08,8B,1,S720,12,,8,B,Y,N,0,124,0
S72300,08,8A,1,S720,6,,8,B,Y,N,0,124,0
S72309,08,8A,1,S720,6,,8,B,Y,N,0,124,0
S72111,08,8B,1,S720,12,,8,B,Y,N,0,124,0
S72004,08,8B,1,S720,12,,8,B,Y,N,0,124,0
S72311,08,8A,1,S720,6,,8,B,Y,N,0,124,0
S728,08,8A,1,S720,6,,8,B,Y,N,0,124,0
S780,21,21A,1,S780,34,,8,B,Y,N,0,124,0
S880,21,21A,1,S780,34,,8,B,Y,N,0,124,0
T055,21,21A,1,S780,34,,8,B,Y,N,0,124,0
S983,21,21A,1,S780,34,,0,B,Y,N,0,124,0
S781,21,21A,1,S780,34,,8,B,Y,N,0,124,0
S984,21,21A,1,S780,34,,0,B,Y,N,0,124,0
S881,21,21A,1,S780,34,,8,B,Y,N,0,124,0
S889,21,21A,1,S780,34,,8,B,Y,N,0,124,0
T054,21,21A,1,S780,34,,8,B,Y,N,0,124,0
T136,21,21A,1,S780,34,,0,B,Y,N,0,124,0
S789,21,21A,1,S780,34,,8,B,Y,N,0,124,0
S980,21,21A,1,S780,34,,8,B,Y,N,0,124,0
T053,21,21A,1,S780,34,,8,B,Y,N,0,124,0
T044,21,21A,1,T044,34,,0,B,Y,N,0,124,0
T049,21,21A,1,T048,34,,0,B,Y,N,0,124,0
T048,21,21A,1,T048,34,,0,B,Y,N,0,124,0
T056,21,21A,1,T056,34,,8,B,Y,N,0,124,0
T060,01,1R,1,T060,7,,1,B,Y,N,0,124,0
T061,01,1A,1,T060,7,,6,B,Y,N,0,124,0
T093,01,1A,1,T060,7,,6,B,Y,N,0,124,0
T08,08,8H,1,T08,34,,0,B,Y,N,0,124,0
T080,08,8H,1,T08,34,,0,B,Y,N,0,124,0
T081,08,8H,1,T08,34,,0,B,Y,N,0,124,0
T790,04,4B,1,T790,13,,2,B,Y,N,0,124,0
T794,21,21E,1,T791,10,,0,B,Y,N,0,124,0
T791,04,4B,1,T791,13,,2,B,Y,N,0,124,0
T793,18,18B,1,T791,11,,0,B,Y,N,0,124,0
T795,11,11K,1,T795,4,,0,B,Y,N,0,124,0
T797,04,4J,1,T797,16,,0,B,Y,N,0,124,0
T800,04,4B,1,T800,13,,N,B,Y,N,0,124,0
T804,16,16A,1,T801,49,,N,B,Y,N,0,124,0
T808,16,16A,1,T801,49,,N,B,Y,N,0,124,0
T805,21,21B,1,T801,73,,N,B,Y,N,0,124,0
T880,18,18H,1,T801,2,,N,B,Y,N,0,124,0
T803,16,16A,1,T801,49,,N,B,Y,N,0,124,0
T886,21,21B,1,T801,73,,N,B,Y,N,0,124,0
T802,18,18H,1,T801,2,,N,B,Y,N,0,124,0
T801,05,5R,1,T801,53,,N,B,Y,N,0,124,0
T806,21,21B,1,T806,73,,N,B,Y,N,0,124,0
T810,21,21D,1,T810,42,,N,B,Y,N,0,124,0
T882,21,21E,1,T811,10,,N,B,Y,N,0,124,0
T811,21,21D,1,T811,42,,N,B,Y,N,0,124,0
T818,21,21D,1,T812,42,,N,B,Y,N,0,124,0
T823,05,5R,1,T812,54,,N,B,Y,N,0,124,0
T851,01,1U,1,T812,25,,N,B,Y,N,0,124,0
T822,05,5R,1,T812,54,,N,B,Y,N,0,124,0
T8159,21,21D,1,T812,42,,N,B,Y,N,0,124,0
T825,05,5R,1,T812,54,,N,B,Y,N,0,124,0
T8158,21,21D,1,T812,42,,N,B,Y,N,0,124,0
T816,21,21D,1,T812,42,,N,B,Y,N,0,124,0
T819,21,21D,1,T812,42,,N,B,Y,N,0,124,0
T814,18,18B,1,T812,11,,N,B,Y,N,0,124,0
T889,21,21E,1,T812,42,,N,B,Y,N,0,124,0
T813,21,21D,1,T812,42,,N,B,Y,N,0,124,0
T815,21,21D,1,T812,42,,N,B,Y,N,0,124,0
T872,08,8N,1,T812,37,,N,B,Y,N,0,124,0
T8150,21,21D,1,T812,42,,N,B,Y,N,0,124,0
T870,08,8N,1,T812,37,,N,B,Y,N,0,124,0
T812,21,21D,1,T812,42,,N,B,Y,N,0,124,0
T850,01,1U,1,T812,25,,N,B,Y,N,0,124,0
T821,05,5K,1,T812,65,,N,B,Y,N,0,124,0
T871,08,8N,1,T812,37,,N,B,Y,N,0,124,0
T817,05,5F,1,T817,51,,N,B,Y,N,0,124,0
T820,05,5K,1,T820,65,,N,B,Y,N,0,124,0
T824,05,5R,1,T824,53,,N,B,Y,N,0,124,0
T827,05,5R,1,T826,53,,N,B,Y,N,0,124,0
T826,05,5R,1,T826,53,,N,B,Y,N,0,124,0
T828,05,5R,1,T828,54,,N,B,Y,N,0,124,0
T834,11,11H,1,T831,84,,N,B,Y,N,0,124,0
T832,11,11H,1,T831,84,,N,B,Y,N,0,124,0
T831,11,11H,1,T831,84,,N,B,Y,N,0,124,0
T835,11,11D,1,T835,41,,N,B,Y,N,0,124,0
T838,11,11H,1,T835,84,,N,B,Y,N,0,124,0
T836,11,11H,1,T835,41,,N,B,Y,N,0,124,0
T839,11,11H,1,T835,84,,N,B,Y,N,0,124,0
T844,08,8N,1,T840,37,,N,B,Y,N,0,124,0
T841,08,8N,1,T840,37,,N,B,Y,N,0,124,0
T843,08,8N,1,T840,37,,N,B,Y,N,0,124,0
T842,08,8N,1,T840,37,,N,B,Y,N,0,124,0
T840,08,8N,1,T840,37,,N,B,Y,N,0,124,0
T853,02,2D,1,T852,58,,N,B,Y,N,0,124,0
T852,02,2C,1,T852,58,,N,B,Y,N,0,124,0
T861,11,11K,1,T854,41,,N,B,Y,N,0,124,0
T883,21,21E,1,T854,42,,N,B,Y,N,0,124,0
T854,09,9F,1,T854,101,,N,B,Y,N,0,124,0
T884,21,21D,1,T854,42,,N,B,Y,N,0,124,0
T855,21,21D,1,T855,42,,N,B,Y,N,0,124,0
T856,21,21D,1,T855,42,,N,B,Y,N,0,124,0
T858,21,21D,1,T857,100,,N,B,Y,N,0,124,0
T857,21,21D,1,T857,84,,N,B,Y,N,0,124,0
T860,16,16C,1,T860,31,,N,B,Y,N,0,124,0
T869,21,21D,1,T860,42,,N,B,Y,N,0,124,0
T864,07,7D,1,T860,22,,N,B,Y,N,0,124,0
T868,21,21D,1,T860,42,,N,B,Y,N,0,124,0
T862,05,5R,1,T862,53,,N,B,Y,N,0,124,0
T863,05,5R,1,T862,53,,N,B,Y,N,0,124,0
T875,08,8R,1,T874,2,,N,B,Y,N,0,124,0
T874,08,8R,1,T874,2,,N,B,Y,N,0,124,0
Z930,30,,1,Z430,69,,N,B,N,N,0,124,0
Z430,04,4Q,1,Z430,69,,N,B,Y,N,0,124,0
Z510,30,,1,Z510,105,,N,B,N,N,0,124,0
Z511,30,,1,Z511,105,,N,B,N,N,0,124,0
Z944,30,,1,Z940,22,,N,B,N,N,0,124,0
Z940,30,,1,Z940,84,,N,B,N,N,0,124,0
Z941,30,,1,Z941,54,,N,B,N,N,0,124,0
Z942,30,,1,Z942,69,,N,B,N,N,0,124,0
Z943,30,,1,Z943,69,,N,B,N,N,0,124,0
Z948,30,,1,Z948,22,,N,B,N,N,0,124,0
